domain,cohort,main_company_addition,market_scope,storefront_url,domain_created,domain_age_days,domain_age_source,rank_observations,latest_rank,latest_rank_date,rank_freshness_days,rank_source,traffic_basis_visits_model,current_monthly_visits_model,trailing30_visits_model,traffic_confidence,external_panel_minimum,external_panel_maximum,external_public_panels,cvr_low_assumption,cvr_base_assumption,cvr_high_assumption,aov_low_assumption,aov_base_assumption,aov_high_assumption,orders_base_model,gmv_low_model,gmv_base_model,gmv_high_model,commercial_caveat,catalog_coverage,catalog_refresh_mode,catalog_captured_at,catalog_confidence,catalog_extraction_methods,product_count,variant_offer_count,priced_offer_count,price_min,price_median,price_max,currency,reta_product_count,reta_variant_offer_count,visible_stock_records,visible_in_stock_rate,exact_quantity_records,catalog_caveat,ui_overall,ui_visual_polish,ui_mobile_usability,ui_product_clarity,ui_trust_presentation,ui_conversion_ux,ui_performance,ui_access_status,ui_confidence,ui_findings,ui_strongest_lesson,ui_biggest_failure,ui_scored_url,model_boundary
simplepeptide.com,C,false,,https://simplepeptide.com/,2023-12-19,950,https://rdap.verisign.com/com/v1/domain/simplepeptide.com,30,241591,,,https://rank.to/api/?d=simplepeptide.com&n=30,258965,200451,258965,low-medium,273570,273570,Semrush | 273570 | June 2026 | https://www.semrush.com/website/simplepeptide.com/overview/,1%,2%,3%,135,195,255,5179,349603,1009964,1981082,"Traffic, orders, and gross checkout figures are modeled scenarios—not measured revenue, profit, analytics, or settlement. Modeled, not measured. Rank.to is an order-of-magnitude traffic model; GMV scenarios multiply modeled visits by assumed conversion and AOV, before refunds, chargebacks, taxes, or costs. No Rank.to history does not mean zero traffic.",complete_public_catalog,archived,2026-07-28T01:41:14.037Z,high,woocommerce_store_api_variation_collection | woocommerce_store_api_product,138,163,162,1,75,1695,USD,3,7,163,0.9264,0,"Public Store API reported 138 catalog products; 138 unique parent products were captured. No exact warehouse quantities were publicly exposed. 1 rows expose nonpositive public price values and are retained as explicit unpriced/sentinel catalog records. Duplicate public offers were removed. Blank and placeholder zero prices are excluded from price statistics. Exact quantity is retained only when a positive public quantity field is explicitly exposed. Stock is a point-in-time storefront signal, not sales or warehouse inventory.",6.5,7.5,8,5.5,6.5,6.5,4,storefront-fallback,medium,"The public storefront loaded, but the screenshot did not expose a direct Reta product path. | Visible first-screen trust proof was limited in the captured viewport. | Average screenshot-capture time was 6445ms; the documented performance proxy scored 4/10.",,,https://simplepeptide.com/,"Traffic and GMV are modeled, not measured. Catalog and stock are point-in-time public observations."
aminoclub.com,A,false,,https://www.aminoclub.com/age-verify?return=%2F,2019-05-12,2633,https://rdap.verisign.com/com/v1/domain/AMINOCLUB.COM,30,335171,,,https://rank.to/api/?d=aminoclub.com&n=30,133980,142139,133980,low-medium,,,,1%,2%,3%,100,175,250,2680,133980,468930,1004850,"Traffic, orders, and gross checkout figures are modeled scenarios—not measured revenue, profit, analytics, or settlement. Price clues are raw values parsed from a public page and may include variants/catalog/promotions",gated_or_account_walled_unknown,archived,2026-07-28T01:57:22.714Z,unknown,,0,0,0,,,,,0,0,0,,0,"access gate or account wall | products.json returned HTTP 200 or non-catalog content | HTTP 200; expected a JSON array | No parseable public product offers found. | Prior UI state: researcher-verification-gate. | No gate was accepted, no account was created, and no inventory was inferred. Duplicate public offers were removed. Blank and placeholder zero prices are excluded from price statistics. Exact quantity is retained only when a positive public quantity field is explicitly exposed. Stock is a point-in-time storefront signal, not sales or warehouse inventory.",,,,,,,,researcher-verification-gate,,The only public state is a polished researcher-verification screen. | It requires two affirmative checkboxes before entry. | No attestation was made.,"Verification can be concise, legible, and responsive without looking improvised.",No public product detail is available for comparison.,https://www.aminoclub.com/,"Traffic and GMV are modeled, not measured. Catalog and stock are point-in-time public observations."
swisschems.is,C,false,,https://swisschems.is/,2020-06-25,2222,https://rdap.isnic.is/rdap/domain/swisschems.is,30,364398,,,https://rank.to/api/?d=swisschems.is&n=30,133894,130193,133894,low-medium,276970,276970,Semrush | 276970 | June 2026 | https://www.semrush.com/website/swisschems.is/overview/?source=trending-websites,1%,2%,3%,90,130,170,2678,120505,348124,682859,"Traffic, orders, and gross checkout figures are modeled scenarios—not measured revenue, profit, analytics, or settlement. Modeled, not measured. Rank.to is an order-of-magnitude traffic model; GMV scenarios multiply modeled visits by assumed conversion and AOV, before refunds, chargebacks, taxes, or costs. No Rank.to history does not mean zero traffic.",complete_public_catalog,archived,2026-07-28T01:53:31.092Z,high,woocommerce_store_api_product | woocommerce_store_api_variation_collection | woocommerce_store_api_orphan_variation,145,237,220,3.95,65.95,2661.86,USD,1,8,237,0.8143,171,"Public Store API reported 145 catalog products; 145 unique parent products were captured. The source also exposes two distinct Customs Invoice variant IDs with the same option/SKU but different prices; both are retained. 15 additional public variation records were not referenced by a current public parent; they are retained at medium confidence and explicitly marked as possibly stale/orphaned. 17 rows expose nonpositive public price values and are retained as explicit unpriced/sentinel catalog records. Duplicate public offers were removed. Blank and placeholder zero prices are excluded from price statistics. Exact quantity is retained only when a positive public quantity field is explicitly exposed. Stock is a point-in-time storefront signal, not sales or warehouse inventory.",6.8,8.5,8,6.5,7,6.5,2.5,storefront-fallback,medium,"The public storefront loaded, but the screenshot did not expose a direct Reta product path. | Testing, review, purity, or shipping trust cues were visible in the captured viewport. | Average screenshot-capture time was 9350ms; the documented performance proxy scored 2.5/10.",,,https://swisschems.is/,"Traffic and GMV are modeled, not measured. Catalog and stock are point-in-time public observations."
biolongevitylabs.com,A,false,,https://biolongevitylabs.com/product-category/peptides/,2024-06-13,774,https://rdap.verisign.com/com/v1/domain/BIOLONGEVITYLABS.COM,30,387678,,,https://rank.to/api/?d=biolongevitylabs.com&n=30,118121,121997,118121,low-medium,720,720,HypeStat | 720 | public panel checked July 2026 | https://hypestat.com/info/biolongevitylabs.com,1%,2%,3%,100,175,250,2362,118121,413424,885907,"Traffic, orders, and gross checkout figures are modeled scenarios—not measured revenue, profit, analytics, or settlement. Price clues are raw values parsed from a public page and may include variants/catalog/promotions",complete_public_woo_api,archived,2026-07-28T01:57:22.714Z,high,WooCommerce Store API | woocommerce_store_api_orphan_variation,82,239,206,9.99,165,28764,USD,0,0,239,0.6402,0,"No exact public inventory quantity is exposed; quantity sum is blank. Duplicate public offers were removed. Blank and placeholder zero prices are excluded from price statistics. Exact quantity is retained only when a positive public quantity field is explicitly exposed. Stock is a point-in-time storefront signal, not sales or warehouse inventory.",,,,,,,,blank,,Both captured viewports were empty white pages. | No current public product state could be inspected.,A fail-safe access page should explain whether the store is gated or unavailable.,The public category route silently renders blank.,https://biolongevitylabs.com/product-category/peptides/,"Traffic and GMV are modeled, not measured. Catalog and stock are point-in-time public observations."
limitlesslifenootropics.com,B,false,,https://limitlesslifenootropics.com/,2015-06-09,4066,https://rdap.org/domain/limitlesslifenootropics.com,30,444693,,,https://rank.to/api/?d=limitlesslifenootropics.com&n=30,116388,105628,116388,low-medium,,,,1%,2%,3%,100,175,250,2328,116388,407358,872910,"Traffic, orders, and gross checkout figures are modeled scenarios—not measured revenue, profit, analytics, or settlement. Traffic is Rank.to power-law modeling, not measured analytics. Trailing-30 integrates only observed daily rank points and treats missing days as zero. GMV scenarios are gross checkout hypotheses before refunds, chargebacks, tax, discounts, processor losses, or COGS.",gated_or_account_walled_unknown,archived,2026-07-28T01:57:24.110Z,unknown,,0,0,0,,,,,0,0,0,,0,"access gate or account wall | 91 product pages gated | products.json returned HTTP 404 or non-catalog content | HTTP 404; expected a JSON array | No parseable public product offers found. | Prior UI state: age-or-research-gate. | No gate was accepted, no account was created, and no inventory was inferred. Duplicate public offers were removed. Blank and placeholder zero prices are excluded from price statistics. Exact quantity is retained only when a positive public quantity field is explicitly exposed. Stock is a point-in-time storefront signal, not sales or warehouse inventory.",5.5,6,8,4.5,8,3.5,3,age-or-research-gate,medium,An uncrossed age or research-eligibility gate covered the first-load product experience. | The gate fit the 390px viewport without horizontal overflow. | The first-load gate had limited visual hierarchy or incomplete presentation.,,,https://limitlesslifenootropics.com/,"Traffic and GMV are modeled, not measured. Catalog and stock are point-in-time public observations."
ionpeptide.com,main-company-gap,true,active-us-facing,https://ionpeptide.com/,2025-08-11,351,https://rdap.verisign.com/com/v1/domain/IONPEPTIDE.COM,30,375887,2026-07-27,1,https://rank.to/api/?d=ionpeptide.com&n=30,116062,126018,116062,low-medium,,,,1%,2%,3%,100,175,250,2321,116062,406217,870465,"Traffic, orders, and gross checkout figures are modeled scenarios—not measured revenue, profit, analytics, or settlement. Thirty-day rank observations were converted to an order-of-magnitude monthly-visit model. This is not analytics, measured traffic, revenue, or profit.",complete_public_woo_store_api,live,2026-07-28T20:43:44.412Z,high,WooCommerce Store API variation | WooCommerce Store API,120,175,174,7,52.48,219,USD,2,9,175,0.7314,5,"Anonymous public WooCommerce Store API was paginated through all advertised pages. No account, gate, cart, or transaction was used. Duplicate public offers were removed. Blank and placeholder zero prices are excluded from price statistics. Exact quantity is retained only when a positive public quantity field is explicitly exposed. Stock is a point-in-time storefront signal, not sales or warehouse inventory.",,,,,,,,,,,,,,"Traffic and GMV are modeled, not measured. Catalog and stock are point-in-time public observations."
corepeptides.com,A,false,,https://www.corepeptides.com/,2019-10-13,2479,https://rdap.verisign.com/com/v1/domain/COREPEPTIDES.COM,30,417483,,,https://rank.to/api/?d=corepeptides.com&n=30,115885,112868,115885,low-medium,29018,131629,Similarweb via HypeStat | 29018 | public panel checked July 2026 | https://hypestat.com/info/corepeptides.com || Semrush via HypeStat | 131629 | public panel checked July 2026 | https://hypestat.com/info/corepeptides.com || HypeStat | 29906 | public panel checked July 2026 | https://hypestat.com/info/corepeptides.com,1%,2%,3%,100,175,250,2318,115885,405598,869137,"Traffic, orders, and gross checkout figures are modeled scenarios—not measured revenue, profit, analytics, or settlement. Price clues are raw values parsed from a public page and may include variants/catalog/promotions",complete_public_woo_api,archived,2026-07-28T01:57:22.714Z,high,WooCommerce Store API | woocommerce_store_api_orphan_variation,104,118,118,20,79.5,315,USD,1,2,118,0.9576,0,"No exact public inventory quantity is exposed; quantity sum is blank. Duplicate public offers were removed. Blank and placeholder zero prices are excluded from price statistics. Exact quantity is retained only when a positive public quantity field is explicitly exposed. Stock is a point-in-time storefront signal, not sales or warehouse inventory.",6.67,8,8,5.5,4.5,6.5,7.5,reachable-home-no-reta-pdp,,The hero is visually coherent and responsive with a clear buy action. | Shipping and support benefits are easy to scan. | No public retatrutide PDP or batch-specific testing evidence was found.,"A compact benefits row can answer the first shipping, quality, and support questions quickly.",The strongest quality claim is generic and not tied to a visible product or lot.,https://www.corepeptides.com/,"Traffic and GMV are modeled, not measured. Catalog and stock are point-in-time public observations."
biotechpeptides.com,main-company-gap,true,active-us-facing,https://biotechpeptides.com/,2020-01-31,2370,https://rdap.verisign.com/com/v1/domain/BIOTECHPEPTIDES.COM,30,442019,2026-07-27,1,https://rank.to/api/?d=biotechpeptides.com&n=30,114001,106299,114001,low-medium,,,,1%,2%,3%,100,175,250,2280,114001,399004,855007,"Traffic, orders, and gross checkout figures are modeled scenarios—not measured revenue, profit, analytics, or settlement. Thirty-day rank observations were converted to an order-of-magnitude monthly-visit model. This is not analytics, measured traffic, revenue, or profit.",complete_public_woo_store_api,live,2026-07-28T20:43:44.412Z,high,WooCommerce Store API | WooCommerce Store API variation,91,98,98,16,82.5,320,USD,0,0,98,0.9592,0,"Anonymous public WooCommerce Store API was paginated through all advertised pages. No account, gate, cart, or transaction was used. Duplicate public offers were removed. Blank and placeholder zero prices are excluded from price statistics. Exact quantity is retained only when a positive public quantity field is explicitly exposed. Stock is a point-in-time storefront signal, not sales or warehouse inventory.",,,,,,,,,,,,,,"Traffic and GMV are modeled, not measured. Catalog and stock are point-in-time public observations."
verifiedpeptides.com,main-company-gap,true,active-us-facing,https://verifiedpeptides.com/,2019-10-12,2481,https://rdap.verisign.com/com/v1/domain/VERIFIEDPEPTIDES.COM,30,431091,2026-07-27,1,https://rank.to/api/?d=verifiedpeptides.com&n=30,111003,109130,111003,low-medium,97600,97600,HypeStat | 97600 | public panel checked July 2026 | https://hypestat.com/info/verifiedpeptides.com,1%,2%,3%,100,175,250,2220,111003,388511,832522,"Traffic, orders, and gross checkout figures are modeled scenarios—not measured revenue, profit, analytics, or settlement. Thirty-day rank observations were converted to an order-of-magnitude monthly-visit model. This is not analytics, measured traffic, revenue, or profit.",complete_public_woo_store_api,live,2026-07-28T20:43:44.412Z,high,WooCommerce Store API | WooCommerce Store API variation,64,67,67,28,62.1,220,USD,0,0,67,0.7313,0,"Anonymous public WooCommerce Store API was paginated through all advertised pages. No account, gate, cart, or transaction was used. Duplicate public offers were removed. Blank and placeholder zero prices are excluded from price statistics. Exact quantity is retained only when a positive public quantity field is explicitly exposed. Stock is a point-in-time storefront signal, not sales or warehouse inventory.",,,,,,,,,,,,,,"Traffic and GMV are modeled, not measured. Catalog and stock are point-in-time public observations."
certified-pep.com,main-company-gap,true,active-us-facing,https://certified-pep.com/,2024-12-14,591,https://rdap.verisign.com/com/v1/domain/CERTIFIED-PEP.COM,30,451846,2026-07-27,1,https://rank.to/api/?d=certified-pep.com&n=30,104034,103873,104034,low-medium,,,,1%,2%,3%,100,175,250,2081,104034,364119,780255,"Traffic, orders, and gross checkout figures are modeled scenarios—not measured revenue, profit, analytics, or settlement. Thirty-day rank observations were converted to an order-of-magnitude monthly-visit model. This is not analytics, measured traffic, revenue, or profit.",complete_public_woo_store_api,live,2026-07-28T20:43:44.412Z,high,WooCommerce Store API,84,84,84,41,105,270,USD,5,5,84,0.9524,1,"Anonymous public WooCommerce Store API was paginated through all advertised pages. No account, gate, cart, or transaction was used. Duplicate public offers were removed. Blank and placeholder zero prices are excluded from price statistics. Exact quantity is retained only when a positive public quantity field is explicitly exposed. Stock is a point-in-time storefront signal, not sales or warehouse inventory.",,,,,,,,,,,,,,"Traffic and GMV are modeled, not measured. Catalog and stock are point-in-time public observations."
modernaminos.com,main-company-gap,true,active-us-facing,https://modernaminos.com/,2022-11-25,1341,https://rdap.verisign.com/com/v1/domain/MODERNAMINOS.COM,30,512786,2026-07-27,1,https://rank.to/api/?d=modernaminos.com&n=30,102292,90951,102292,low-medium,,,,1%,2%,3%,100,175,250,2046,102292,358022,767190,"Traffic, orders, and gross checkout figures are modeled scenarios—not measured revenue, profit, analytics, or settlement. Thirty-day rank observations were converted to an order-of-magnitude monthly-visit model. This is not analytics, measured traffic, revenue, or profit.",complete_public_woo_store_api,live,2026-07-28T20:43:44.412Z,high,WooCommerce Store API | WooCommerce Store API variation,156,220,220,4.99,59.5,279.2,USD,2,8,220,0.8364,0,"Anonymous public WooCommerce Store API was paginated through all advertised pages. No account, gate, cart, or transaction was used. Duplicate public offers were removed. Blank and placeholder zero prices are excluded from price statistics. Exact quantity is retained only when a positive public quantity field is explicitly exposed. Stock is a point-in-time storefront signal, not sales or warehouse inventory.",,,,,,,,,,,,,,"Traffic and GMV are modeled, not measured. Catalog and stock are point-in-time public observations."
umbrellalabs.is,C,false,,https://umbrellalabs.is/,2020-02-12,2356,https://rdap.isnic.is/rdap/domain/umbrellalabs.is,30,504240,,,https://rank.to/api/?d=umbrellalabs.is&n=30,95119,92571,95119,low-medium,,,,1%,2%,3%,135,195,255,1902,128411,370964,727660,"Traffic, orders, and gross checkout figures are modeled scenarios—not measured revenue, profit, analytics, or settlement. Modeled, not measured. Rank.to is an order-of-magnitude traffic model; GMV scenarios multiply modeled visits by assumed conversion and AOV, before refunds, chargebacks, taxes, or costs. No Rank.to history does not mean zero traffic.",complete_public_catalog,archived,2026-07-28T01:53:31.092Z,high,woocommerce_store_api_product | woocommerce_store_api_variation_collection | woocommerce_store_api_orphan_variation,613,928,915,0.99,64.99,799.99,USD,1,6,928,0.8319,29,"Public Store API reported 613 catalog products; 613 unique parent products were captured. 82 additional public variation records were not referenced by a current public parent; they are retained at medium confidence and explicitly marked as possibly stale/orphaned. 13 rows expose nonpositive public price values and are retained as explicit unpriced/sentinel catalog records. Duplicate public offers were removed. Blank and placeholder zero prices are excluded from price statistics. Exact quantity is retained only when a positive public quantity field is explicitly exposed. Stock is a point-in-time storefront signal, not sales or warehouse inventory.",7.6,7.5,8,7.5,6,9,7,storefront-fallback,medium,"The public storefront loaded, but the screenshot did not expose a direct Reta product path. | Testing, review, purity, or shipping trust cues were visible in the captured viewport. | Average screenshot-capture time was 2805ms; the documented performance proxy scored 7/10.",,,https://umbrellalabs.is/,"Traffic and GMV are modeled, not measured. Catalog and stock are point-in-time public observations."
licensedpeptides.com,B,false,,https://licensedpeptides.com/,2025-05-31,422,https://rdap.org/domain/licensedpeptides.com,30,482638,,,https://rank.to/api/?d=licensedpeptides.com&n=30,94156,96926,94156,low-medium,,,,1%,2%,3%,100,175,250,1883,94156,329546,706170,"Traffic, orders, and gross checkout figures are modeled scenarios—not measured revenue, profit, analytics, or settlement. Traffic is Rank.to power-law modeling, not measured analytics. Trailing-30 integrates only observed daily rank points and treats missing days as zero. GMV scenarios are gross checkout hypotheses before refunds, chargebacks, tax, discounts, processor losses, or COGS.",complete_public_woo_api,archived,2026-07-28T01:57:24.110Z,high,WooCommerce Store API | woocommerce_store_api_orphan_variation,91,346,345,0.45,321.95,2618.9,USD,0,0,346,1,2,"Prior rendered UI state: account-gate. The catalog feed still responded to an anonymous GET without credentials; no gate was accepted. | Exact quantity sum aggregates only explicitly exposed offer-level units; it is not warehouse inventory and does not evidence sales. Duplicate public offers were removed. Blank and placeholder zero prices are excluded from price statistics. Exact quantity is retained only when a positive public quantity field is explicitly exposed. Stock is a point-in-time storefront signal, not sales or warehouse inventory.",5.8,9,7.5,4.5,6,2.5,6.2,account-gate,medium,Account creation or sign-in blocked the public product experience; the gate was not crossed. | The account gate fit the 390px viewport without horizontal overflow. | Hidden product markup was not allowed to restore product-clarity or conversion scores.,,,https://licensedpeptides.com/,"Traffic and GMV are modeled, not measured. Catalog and stock are point-in-time public observations."
peptira.com,C,false,,https://peptira.com/,2025-05-29,423,https://rdap.verisign.com/com/v1/domain/peptira.com,30,468821,,,https://rank.to/api/?d=peptira.com&n=30,92109,99928,92109,low-medium,,,,1%,2%,3%,105,150,195,1842,96714,276327,538838,"Traffic, orders, and gross checkout figures are modeled scenarios—not measured revenue, profit, analytics, or settlement. Modeled, not measured. Rank.to is an order-of-magnitude traffic model; GMV scenarios multiply modeled visits by assumed conversion and AOV, before refunds, chargebacks, taxes, or costs. No Rank.to history does not mean zero traffic.",complete_public_catalog,archived,2026-07-28T01:53:31.092Z,high,woocommerce_store_api_product | woocommerce_store_api_orphan_variation | woocommerce_store_api_variation_collection,91,146,145,2.99,59,500,USD,3,3,146,0.8288,0,"Public Store API reported 91 catalog products; 91 unique parent products were captured. 11 additional public variation records were not referenced by a current public parent; they are retained at medium confidence and explicitly marked as possibly stale/orphaned. 1 rows expose nonpositive public price values and are retained as explicit unpriced/sentinel catalog records. Duplicate public offers were removed. Blank and placeholder zero prices are excluded from price statistics. Exact quantity is retained only when a positive public quantity field is explicitly exposed. Stock is a point-in-time storefront signal, not sales or warehouse inventory.",5.6,9,7.5,4.5,5.5,2.5,4,account-gate,medium,Account creation or sign-in blocked the public product experience; the gate was not crossed. | The account gate fit the 390px viewport without obvious horizontal overflow. | Hidden product content was excluded from product-clarity and conversion scoring.,,,https://peptira.com/,"Traffic and GMV are modeled, not measured. Catalog and stock are point-in-time public observations."
apex-peptides.com,main-company-gap,true,active-us-facing,https://apex-peptides.com/,2025-02-16,527,https://rdap.verisign.com/com/v1/domain/APEX-PEPTIDES.COM,30,521501,2026-07-27,1,https://rank.to/api/?d=apex-peptides.com&n=30,91798,89356,91798,low-medium,,,,1%,2%,3%,100,175,250,1836,91798,321293,688485,"Traffic, orders, and gross checkout figures are modeled scenarios—not measured revenue, profit, analytics, or settlement. Thirty-day rank observations were converted to an order-of-magnitude monthly-visit model. This is not analytics, measured traffic, revenue, or profit.",gated_public_catalog_unknown,unresolved,2026-07-28T19:27:08.058Z,medium,Anonymous public first-party product page,1,1,0,,,,USD,1,1,0,,0,"This is a bounded first-party page snapshot captured July 28, 2026, not a live feed or complete catalog enumeration. No account, gate, cart, or transaction was used. Duplicate public offers were removed. Blank and placeholder zero prices are excluded from price statistics. Exact quantity is retained only when a positive public quantity field is explicitly exposed. Stock is a point-in-time storefront signal, not sales or warehouse inventory.",,,,,,,,,,,,,,"Traffic and GMV are modeled, not measured. Catalog and stock are point-in-time public observations."
peptide.partners,B,false,,https://peptide.partners/product/glp-3-retatrutide-12mg-vials/,2025-03-18,496,https://rdap.org/domain/peptide.partners,30,457912,,,https://rank.to/api/?d=peptide.partners&n=30,89173,102429,89173,low-medium,,,,1%,2%,3%,100,175,250,1783,89173,312106,668798,"Traffic, orders, and gross checkout figures are modeled scenarios—not measured revenue, profit, analytics, or settlement. Traffic is Rank.to power-law modeling, not measured analytics. Trailing-30 integrates only observed daily rank points and treats missing days as zero. GMV scenarios are gross checkout hypotheses before refunds, chargebacks, tax, discounts, processor losses, or COGS.",complete_public_woo_api,archived,2026-07-28T01:57:24.110Z,high,WooCommerce Store API | woocommerce_store_api_orphan_variation,40,145,133,29,330,3090,USD,2,8,145,0.7034,0,"Prior rendered UI state: age-or-research-gate. The catalog feed still responded to an anonymous GET without credentials; no gate was accepted. | No exact public inventory quantity is exposed; quantity sum is blank. Duplicate public offers were removed. Blank and placeholder zero prices are excluded from price statistics. Exact quantity is retained only when a positive public quantity field is explicitly exposed. Stock is a point-in-time storefront signal, not sales or warehouse inventory.",7.1,10,8,6.5,7,5,5.4,age-or-research-gate,medium,An uncrossed age or research-eligibility gate covered the first-load product experience. | The gate fit the 390px viewport without horizontal overflow. | The first-load gate retained clear visual hierarchy and branded presentation.,,,https://peptide.partners/product/glp-3-retatrutide-12mg-vials/,"Traffic and GMV are modeled, not measured. Catalog and stock are point-in-time public observations."
particlepeptides.com,main-company-gap,true,international-benchmark,https://particlepeptides.com/,2015-06-15,4061,https://rdap.verisign.com/com/v1/domain/PARTICLEPEPTIDES.COM,30,487631,2026-07-27,1,https://rank.to/api/?d=particlepeptides.com&n=30,89022,95884,89022,low-medium,,,,1%,2%,3%,100,175,250,1780,89022,311577,667665,"Traffic, orders, and gross checkout figures are modeled scenarios—not measured revenue, profit, analytics, or settlement. Thirty-day rank observations were converted to an order-of-magnitude monthly-visit model. This is not analytics, measured traffic, revenue, or profit.",partial_public_first_party_pages,static,2026-07-28T19:27:08.058Z,medium,Anonymous public first-party product page,1,1,1,113.81,113.81,113.81,EUR,1,1,1,1,0,"This is a bounded first-party page snapshot captured July 28, 2026, not a live feed or complete catalog enumeration. No account, gate, cart, or transaction was used. Duplicate public offers were removed. Blank and placeholder zero prices are excluded from price statistics. Exact quantity is retained only when a positive public quantity field is explicitly exposed. Stock is a point-in-time storefront signal, not sales or warehouse inventory.",,,,,,,,,,,,,,"Traffic and GMV are modeled, not measured. Catalog and stock are point-in-time public observations."
ngpeptide.com,B,false,,https://ngpeptide.com/,2025-03-19,495,https://rdap.org/domain/ngpeptide.com,30,481897,,,https://rank.to/api/?d=ngpeptide.com&n=30,86493,97082,86493,low-medium,,,,1%,2%,3%,100,175,250,1730,86493,302726,648698,"Traffic, orders, and gross checkout figures are modeled scenarios—not measured revenue, profit, analytics, or settlement. Traffic is Rank.to power-law modeling, not measured analytics. Trailing-30 integrates only observed daily rank points and treats missing days as zero. GMV scenarios are gross checkout hypotheses before refunds, chargebacks, tax, discounts, processor losses, or COGS.",gated_or_account_walled_unknown,archived,2026-07-28T01:57:24.110Z,unknown,,0,0,0,,,,,0,0,0,,0,"products.json returned HTTP 202 or non-catalog content | HTTP 202; expected a JSON array | No parseable public product offers found. | Prior UI state: browser-challenge. | No gate was accepted, no account was created, and no inventory was inferred. Duplicate public offers were removed. Blank and placeholder zero prices are excluded from price statistics. Exact quantity is retained only when a positive public quantity field is explicitly exposed. Stock is a point-in-time storefront signal, not sales or warehouse inventory.",2.5,4,3,2,2,1.5,2.5,browser-challenge,low,"A browser or connection-security interstitial replaced the storefront in both tested viewports. | Product clarity, trust, conversion, and timing could not be reliably evaluated without bypassing the challenge.",,,https://ngpeptide.com/,"Traffic and GMV are modeled, not measured. Catalog and stock are point-in-time public observations."
primepeptides.co,C,false,,https://primepeptides.co/,2024-01-31,907,whois://whois.registry.co/primepeptides.co,30,582621,,,https://rank.to/api/?d=primepeptides.co&n=30,81865,79540,81865,low-medium,160460,160460,Semrush | 160460 | June 2026 | https://www.semrush.com/website/primepeptides.co/overview/,1%,2%,3%,105,150,195,1637,85958,245595,478910,"Traffic, orders, and gross checkout figures are modeled scenarios—not measured revenue, profit, analytics, or settlement. Modeled, not measured. Rank.to is an order-of-magnitude traffic model; GMV scenarios multiply modeled visits by assumed conversion and AOV, before refunds, chargebacks, taxes, or costs. No Rank.to history does not mean zero traffic.",complete_public_catalog,archived,2026-07-28T01:41:14.037Z,high,woocommerce_store_api_variation_collection | woocommerce_store_api_product,22,28,28,25,75,450,USD,1,3,28,0.9643,0,"Public Store API reported 22 catalog products; 22 unique parent products were captured. No exact warehouse quantities were publicly exposed. Duplicate public offers were removed. Blank and placeholder zero prices are excluded from price statistics. Exact quantity is retained only when a positive public quantity field is explicitly exposed. Stock is a point-in-time storefront signal, not sales or warehouse inventory.",6.5,8,8,6.5,6.5,5,4,age-or-research-gate,medium,An uncrossed age or research-eligibility gate covered the first-load product experience. | The gate fit the 390px viewport with a readable decision path. | Hidden product content was excluded from product-clarity and conversion scoring.,,,https://primepeptides.co/products/retatrutide/,"Traffic and GMV are modeled, not measured. Catalog and stock are point-in-time public observations."
profoundaminos.com,C,false,,https://profoundaminos.com/,2024-08-21,704,https://rdap.verisign.com/com/v1/domain/profoundaminos.com,30,626653,,,https://rank.to/api/?d=profoundaminos.com&n=30,81606,73682,81606,low-medium,,,,1%,2%,3%,120,175,230,1632,97927,285621,563081,"Traffic, orders, and gross checkout figures are modeled scenarios—not measured revenue, profit, analytics, or settlement. Modeled, not measured. Rank.to is an order-of-magnitude traffic model; GMV scenarios multiply modeled visits by assumed conversion and AOV, before refunds, chargebacks, taxes, or costs. No Rank.to history does not mean zero traffic.",gated_public_catalog_unknown,archived,2026-07-28T01:41:14.037Z,low,,0,0,0,,,,,0,0,0,,0,"Anonymous GET terminated at a public browser/security gate (HTTP 202); no gate was crossed and catalog/pricing remain unknown. Duplicate public offers were removed. Blank and placeholder zero prices are excluded from price statistics. Exact quantity is retained only when a positive public quantity field is explicitly exposed. Stock is a point-in-time storefront signal, not sales or warehouse inventory.",2.5,4,3,2,2,1.5,2.5,browser-challenge,low,"A browser or connection-security interstitial replaced the storefront in both tested viewports. | Product clarity, trust, conversion, and timing could not be reliably evaluated without bypassing the challenge.",,,https://profoundaminos.com/,"Traffic and GMV are modeled, not measured. Catalog and stock are point-in-time public observations."
oathresearch.com,main-company-gap,true,active-us-facing,https://oathresearch.com/,2025-07-14,379,https://rdap.verisign.com/com/v1/domain/OATHRESEARCH.COM,30,626680,2026-07-27,1,https://rank.to/api/?d=oathresearch.com&n=30,75817,73679,75817,low-medium,,,,1%,2%,3%,100,175,250,1516,75817,265360,568627,"Traffic, orders, and gross checkout figures are modeled scenarios—not measured revenue, profit, analytics, or settlement. Thirty-day rank observations were converted to an order-of-magnitude monthly-visit model. This is not analytics, measured traffic, revenue, or profit.",complete_public_woo_store_api,live,2026-07-28T20:43:44.412Z,high,WooCommerce Store API variation,49,90,90,10,80,325,USD,1,3,90,0.7778,1,"Anonymous public WooCommerce Store API was paginated through all advertised pages. No account, gate, cart, or transaction was used. Duplicate public offers were removed. Blank and placeholder zero prices are excluded from price statistics. Exact quantity is retained only when a positive public quantity field is explicitly exposed. Stock is a point-in-time storefront signal, not sales or warehouse inventory.",,,,,,,,,,,,,,"Traffic and GMV are modeled, not measured. Catalog and stock are point-in-time public observations."
nexaph.com,main-company-gap,true,active-us-facing,https://nexaph.com/,2024-05-06,813,https://rdap.verisign.com/com/v1/domain/NEXAPH.COM,30,618706,2026-07-27,1,https://rank.to/api/?d=nexaph.com&n=30,75480,74677,75480,low-medium,214760,214760,Semrush | 214760 | June 2026 | https://www.semrush.com/website/nexaph.com/overview/,1%,2%,3%,100,175,250,1510,75480,264180,566100,"Traffic, orders, and gross checkout figures are modeled scenarios—not measured revenue, profit, analytics, or settlement. Thirty-day rank observations were converted to an order-of-magnitude monthly-visit model. This is not analytics, measured traffic, revenue, or profit.",complete_public_woo_store_api,live,2026-07-28T20:43:44.412Z,high,WooCommerce Store API | WooCommerce Store API variation,53,64,64,116,198,828,USD,3,8,64,0.9375,0,"Anonymous public WooCommerce Store API was paginated through all advertised pages. No account, gate, cart, or transaction was used. Duplicate public offers were removed. Blank and placeholder zero prices are excluded from price statistics. Exact quantity is retained only when a positive public quantity field is explicitly exposed. Stock is a point-in-time storefront signal, not sales or warehouse inventory.",,,,,,,,,,,,,,"Traffic and GMV are modeled, not measured. Catalog and stock are point-in-time public observations."
purerawz.co,main-company-gap,true,active-us-facing,https://purerawz.co/,2019-02-07,2728,https://rdap.nic.co/domain/purerawz.co,30,556110,2026-07-27,1,https://rank.to/api/?d=purerawz.co&n=30,74534,83526,74534,low-medium,71690,71690,Semrush | 71690 | June 2026 | https://www.semrush.com/website/purerawz.co/overview/,1%,2%,3%,100,175,250,1491,74534,260869,559005,"Traffic, orders, and gross checkout figures are modeled scenarios—not measured revenue, profit, analytics, or settlement. Thirty-day rank observations were converted to an order-of-magnitude monthly-visit model. This is not analytics, measured traffic, revenue, or profit.",complete_public_woo_store_api,live,2026-07-28T20:43:44.412Z,high,WooCommerce Store API variation | WooCommerce Store API,615,1595,1571,0.96,65.02,1392.51,USD,2,8,1595,0.8903,0,"Anonymous public WooCommerce Store API was paginated through all advertised pages. No account, gate, cart, or transaction was used. Duplicate public offers were removed. Blank and placeholder zero prices are excluded from price statistics. Exact quantity is retained only when a positive public quantity field is explicitly exposed. Stock is a point-in-time storefront signal, not sales or warehouse inventory.",,,,,,,,,,,,,,"Traffic and GMV are modeled, not measured. Catalog and stock are point-in-time public observations."
peptidecrafters.com,main-company-gap,true,active-us-facing,https://peptidecrafters.com/,2024-02-18,891,https://rdap.verisign.com/com/v1/domain/PEPTIDECRAFTERS.COM,30,642076,2026-07-27,1,https://rank.to/api/?d=peptidecrafters.com&n=30,73689,71825,73689,low-medium,,,,1%,2%,3%,100,175,250,1474,73689,257912,552668,"Traffic, orders, and gross checkout figures are modeled scenarios—not measured revenue, profit, analytics, or settlement. Thirty-day rank observations were converted to an order-of-magnitude monthly-visit model. This is not analytics, measured traffic, revenue, or profit.",complete_public_woo_store_api,live,2026-07-28T20:43:44.412Z,high,WooCommerce Store API,76,76,70,12.99,65,355,USD,6,6,76,0.9079,0,"Anonymous public WooCommerce Store API was paginated through all advertised pages. No account, gate, cart, or transaction was used. Duplicate public offers were removed. Blank and placeholder zero prices are excluded from price statistics. Exact quantity is retained only when a positive public quantity field is explicitly exposed. Stock is a point-in-time storefront signal, not sales or warehouse inventory.",,,,,,,,,,,,,,"Traffic and GMV are modeled, not measured. Catalog and stock are point-in-time public observations."
ameanopeptides.com,main-company-gap,true,active-us-facing,https://ameanopeptides.com/,2025-01-29,545,https://rdap.verisign.com/com/v1/domain/AMEANOPEPTIDES.COM,30,630485,2026-07-27,1,https://rank.to/api/?d=ameanopeptides.com&n=30,69161,73212,69161,low-medium,239820,239820,Semrush | 239820 | June 2026 | https://www.semrush.com/website/ameanopeptides.com/overview/,1%,2%,3%,100,175,250,1383,69161,242064,518708,"Traffic, orders, and gross checkout figures are modeled scenarios—not measured revenue, profit, analytics, or settlement. Thirty-day rank observations were converted to an order-of-magnitude monthly-visit model. This is not analytics, measured traffic, revenue, or profit.",complete_public_woo_store_api,live,2026-07-28T20:43:44.412Z,high,WooCommerce Store API | WooCommerce Store API variation,78,81,81,4.99,53,215,USD,7,7,81,0.9506,0,"Anonymous public WooCommerce Store API was paginated through all advertised pages. No account, gate, cart, or transaction was used. Duplicate public offers were removed. Blank and placeholder zero prices are excluded from price statistics. Exact quantity is retained only when a positive public quantity field is explicitly exposed. Stock is a point-in-time storefront signal, not sales or warehouse inventory.",,,,,,,,,,,,,,"Traffic and GMV are modeled, not measured. Catalog and stock are point-in-time public observations."
alphaomegapeptide.com,A,false,,https://alphaomegapeptide.com/,2024-06-08,779,https://rdap.verisign.com/com/v1/domain/ALPHAOMEGAPEPTIDE.COM,30,626519,,,https://rank.to/api/?d=alphaomegapeptide.com&n=30,68916,73699,68916,low-medium,,,,1%,2%,3%,100,175,250,1378,68916,241206,516870,"Traffic, orders, and gross checkout figures are modeled scenarios—not measured revenue, profit, analytics, or settlement. No machine-readable public price clue captured; AOV remains cohort assumption only",complete_public_woo_api,archived,2026-07-28T01:57:22.714Z,high,WooCommerce Store API,126,142,140,1,75,1695,USD,5,6,142,0.9507,0,"No exact public inventory quantity is exposed; quantity sum is blank. Duplicate public offers were removed. Blank and placeholder zero prices are excluded from price statistics. Exact quantity is retained only when a positive public quantity field is explicitly exposed. Stock is a point-in-time storefront signal, not sales or warehouse inventory.",,,,,,,,product-login-required,,"The public homepage has a clean responsive hero and testing narrative. | The indexed GLP-3RT product URL redirected to account login and registration. | No account was created, so product and purchase states were not scored.",A focused scientific hero can communicate quality without crowding the page.,A search-visible product route resolves to account registration instead of the product.,https://alphaomegapeptide.com/?p=15806,"Traffic and GMV are modeled, not measured. Catalog and stock are point-in-time public observations."
protidehealth.com,C,false,,https://protidehealth.com/,2025-01-07,565,https://rdap.verisign.com/com/v1/domain/protidehealth.com,30,508401,,,https://rank.to/api/?d=protidehealth.com&n=30,68180,91775,68180,low-medium,,,,1%,2%,3%,145,210,275,1364,98861,286356,562485,"Traffic, orders, and gross checkout figures are modeled scenarios—not measured revenue, profit, analytics, or settlement. Modeled, not measured. Rank.to is an order-of-magnitude traffic model; GMV scenarios multiply modeled visits by assumed conversion and AOV, before refunds, chargebacks, taxes, or costs. No Rank.to history does not mean zero traffic.",complete_public_catalog,archived,2026-07-28T01:41:14.037Z,high,woocommerce_store_api_variation_collection | woocommerce_store_api_product,58,81,81,14.99,100,600,USD,2,7,81,0.8765,0,"Public Store API reported 58 catalog products; 58 unique parent products were captured. No exact warehouse quantities were publicly exposed. Duplicate public offers were removed. Blank and placeholder zero prices are excluded from price statistics. Exact quantity is retained only when a positive public quantity field is explicitly exposed. Stock is a point-in-time storefront signal, not sales or warehouse inventory.",5.3,7.5,7,4,5,2.5,7,account-gate,medium,Account creation or sign-in blocked the public product experience; the gate was not crossed. | The account gate fit the 390px viewport without obvious horizontal overflow. | Hidden product content was excluded from product-clarity and conversion scoring.,,,https://protidehealth.com/,"Traffic and GMV are modeled, not measured. Catalog and stock are point-in-time public observations."
skyepeptides.com,C,false,,https://skyepeptides.com/,2023-05-28,1155,https://rdap.verisign.com/com/v1/domain/skyepeptides.com,30,657793,,,https://rank.to/api/?d=skyepeptides.com&n=30,64789,70024,64789,low-medium,,,,1%,2%,3%,120,175,230,1296,77747,226762,447044,"Traffic, orders, and gross checkout figures are modeled scenarios—not measured revenue, profit, analytics, or settlement. Modeled, not measured. Rank.to is an order-of-magnitude traffic model; GMV scenarios multiply modeled visits by assumed conversion and AOV, before refunds, chargebacks, taxes, or costs. No Rank.to history does not mean zero traffic.",gated_public_catalog_unknown,archived,2026-07-28T01:41:14.037Z,low,,0,0,0,,,,,0,0,0,,0,"Anonymous GET terminated at a public browser/security gate (HTTP 202); no gate was crossed and catalog/pricing remain unknown. Duplicate public offers were removed. Blank and placeholder zero prices are excluded from price statistics. Exact quantity is retained only when a positive public quantity field is explicitly exposed. Stock is a point-in-time storefront signal, not sales or warehouse inventory.",2.5,4,3,2,2,1.5,2.5,browser-challenge,low,"A browser or connection-security interstitial replaced the storefront in both tested viewports. | Product clarity, trust, conversion, and timing could not be reliably evaluated without bypassing the challenge.",,,https://skyepeptides.com/,"Traffic and GMV are modeled, not measured. Catalog and stock are point-in-time public observations."
milehighcompounds.is,B,false,,https://milehighcompounds.is/product/mhc-3-rt/?attribute_vial-size=50mg,2025-07-09,383,https://rdap.org/domain/milehighcompounds.is,30,721312,,,https://rank.to/api/?d=milehighcompounds.is&n=30,64121,63564,64121,low-medium,,,,1%,2%,3%,100,175,250,1282,64121,224424,480907,"Traffic, orders, and gross checkout figures are modeled scenarios—not measured revenue, profit, analytics, or settlement. Traffic is Rank.to power-law modeling, not measured analytics. Trailing-30 integrates only observed daily rank points and treats missing days as zero. GMV scenarios are gross checkout hypotheses before refunds, chargebacks, tax, discounts, processor losses, or COGS.",complete_public_woo_api,archived,2026-07-28T01:57:24.110Z,high,WooCommerce Store API,68,88,88,14.99,69.99,279.99,USD,0,0,88,0.8409,74,"Prior rendered UI state: account-gate. The catalog feed still responded to an anonymous GET without credentials; no gate was accepted. | Exact quantity sum aggregates only explicitly exposed offer-level units; it is not warehouse inventory and does not evidence sales. Duplicate public offers were removed. Blank and placeholder zero prices are excluded from price statistics. Exact quantity is retained only when a positive public quantity field is explicitly exposed. Stock is a point-in-time storefront signal, not sales or warehouse inventory.",5,7,7.5,3,4.5,2.5,7,account-gate,medium,Account creation or sign-in blocked the public product experience; the gate was not crossed. | The account gate fit the 390px viewport without horizontal overflow. | Hidden product markup was not allowed to restore product-clarity or conversion scores.,,,https://milehighcompounds.is/product/mhc-3-rt/?attribute_vial-size=50mg,"Traffic and GMV are modeled, not measured. Catalog and stock are point-in-time public observations."
onyxresearch.shop,B,false,,https://onyxresearch.shop/product/glp-3-rt/,2025-07-08,384,https://rdap.org/domain/onyxresearch.shop,30,721863,,,https://rank.to/api/?d=onyxresearch.shop&n=30,61893,63513,61893,low-medium,,,,1%,2%,3%,100,175,250,1238,61893,216626,464198,"Traffic, orders, and gross checkout figures are modeled scenarios—not measured revenue, profit, analytics, or settlement. Traffic is Rank.to power-law modeling, not measured analytics. Trailing-30 integrates only observed daily rank points and treats missing days as zero. GMV scenarios are gross checkout hypotheses before refunds, chargebacks, tax, discounts, processor losses, or COGS.",complete_public_woo_api,archived,2026-07-28T01:57:24.110Z,high,WooCommerce Store API,61,72,72,10.88,146.25,1860,USD,2,8,72,0.9028,15,"Prior rendered UI state: age-or-research-gate. The catalog feed still responded to an anonymous GET without credentials; no gate was accepted. | Exact quantity sum aggregates only explicitly exposed offer-level units; it is not warehouse inventory and does not evidence sales. Duplicate public offers were removed. Blank and placeholder zero prices are excluded from price statistics. Exact quantity is retained only when a positive public quantity field is explicitly exposed. Stock is a point-in-time storefront signal, not sales or warehouse inventory.",7.5,10,8,6.5,7.5,5.5,8.1,age-or-research-gate,medium,An uncrossed age or research-eligibility gate covered the first-load product experience. | The gate fit the 390px viewport without horizontal overflow. | The first-load gate retained clear visual hierarchy and branded presentation.,,,https://onyxresearch.shop/product/glp-3-rt/,"Traffic and GMV are modeled, not measured. Catalog and stock are point-in-time public observations."
somachems.com,C,false,,https://somachems.com/,2022-04-17,1561,https://rdap.verisign.com/com/v1/domain/somachems.com,30,722493,,,https://rank.to/api/?d=somachems.com&n=30,59183,63455,59183,low-medium,,,,1%,2%,3%,110,160,210,1184,65101,189386,372853,"Traffic, orders, and gross checkout figures are modeled scenarios—not measured revenue, profit, analytics, or settlement. Modeled, not measured. Rank.to is an order-of-magnitude traffic model; GMV scenarios multiply modeled visits by assumed conversion and AOV, before refunds, chargebacks, taxes, or costs. No Rank.to history does not mean zero traffic.",gated_public_catalog_unknown,archived,2026-07-28T01:41:14.037Z,low,,0,0,0,,,,,0,0,0,,0,"Anonymous GET terminated at a public browser/security gate (HTTP 200); no gate was crossed and catalog/pricing remain unknown. Duplicate public offers were removed. Blank and placeholder zero prices are excluded from price statistics. Exact quantity is retained only when a positive public quantity field is explicitly exposed. Stock is a point-in-time storefront signal, not sales or warehouse inventory.",2.5,4,3,2,2,1.5,2.5,browser-challenge,low,"A browser or connection-security interstitial replaced the storefront in both tested viewports. | Product clarity, trust, conversion, and timing could not be reliably evaluated without bypassing the challenge.",,,https://somachems.com/,"Traffic and GMV are modeled, not measured. Catalog and stock are point-in-time public observations."
northlinelabs.org,priority-existing-refresh,false,active-us-facing,https://northlinelabs.org/,2025-12-19,221,https://rdap.publicinterestregistry.org/rdap/domain/northlinelabs.org,30,558914,2026-07-27,1,https://rank.to/api/?d=northlinelabs.org&n=30,57470,83086,57470,low-medium,,,,1.5%,1.79%,2.5%,175,190,210,1029,150859,195455,301718,"Traffic, orders, and gross checkout figures are modeled scenarios—not measured revenue, profit, analytics, or settlement. Modeled from the current public rank history. Current-pace gross checkout is about $282,575.00 at 1.79% conversion and $190 AOV.",complete_public_woo_store_api,live,2026-07-28T20:43:44.412Z,high,WooCommerce Store API variation | WooCommerce Store API,43,69,69,19.99,99.99,439.99,USD,1,5,69,1,0,"Anonymous public WooCommerce Store API was paginated through all advertised pages. No account, gate, cart, or transaction was used. Duplicate public offers were removed. Blank and placeholder zero prices are excluded from price statistics. Exact quantity is retained only when a positive public quantity field is explicitly exposed. Stock is a point-in-time storefront signal, not sales or warehouse inventory.",,,,,,,,,,,,,,"Traffic and GMV are modeled, not measured. Catalog and stock are point-in-time public observations."
stratelabs.is,C,false,,https://stratelabs.is/,2026-07-10,16,https://rdap.isnic.is/rdap/domain/stratelabs.is,30,1290425,,,https://rank.to/api/?d=stratelabs.is&n=30,55017,34512,55017,low-medium,,,,1%,2%,3%,120,175,230,1100,66020,192560,379617,"Traffic, orders, and gross checkout figures are modeled scenarios—not measured revenue, profit, analytics, or settlement. Modeled, not measured. Rank.to is an order-of-magnitude traffic model; GMV scenarios multiply modeled visits by assumed conversion and AOV, before refunds, chargebacks, taxes, or costs. No Rank.to history does not mean zero traffic.",complete_public_catalog,archived,2026-07-28T01:41:14.037Z,high,next_rsc_public_woocommerce_product | next_rsc_public_woocommerce_variation,48,56,56,9.99,62.49,339.95,USD,2,4,56,0.7143,40,"The original domain redirected publicly to GL Peptides. 48 published products were parsed from the public server-rendered WooCommerce payload; 0 variation IDs remained unresolved. Duplicate public offers were removed. Blank and placeholder zero prices are excluded from price statistics. Exact quantity is retained only when a positive public quantity field is explicitly exposed. Stock is a point-in-time storefront signal, not sales or warehouse inventory.",8,9,9,6.5,9.5,8,5.5,storefront-fallback,medium,"The open storefront showed a clear research-peptide proposition and primary shopping CTA. | Testing, review, purity, or shipping trust cues were visible in the captured viewport. | Average screenshot-capture time was 4986ms; the documented performance proxy scored 5.5/10.",,,https://stratelabs.is/,"Traffic and GMV are modeled, not measured. Catalog and stock are point-in-time public observations."
realpeptides.co,C,false,,https://realpeptides.co/,2025-04-16,466,whois://whois.registry.co/realpeptides.co,30,678775,,,https://rank.to/api/?d=realpeptides.co&n=30,53830,67753,53830,low-medium,,,,1%,2%,3%,175,250,325,1077,94202,269150,524842,"Traffic, orders, and gross checkout figures are modeled scenarios—not measured revenue, profit, analytics, or settlement. Modeled, not measured. Rank.to is an order-of-magnitude traffic model; GMV scenarios multiply modeled visits by assumed conversion and AOV, before refunds, chargebacks, taxes, or costs. No Rank.to history does not mean zero traffic.",complete_public_catalog,archived,2026-07-28T01:53:31.092Z,high,woocommerce_store_api_variation_collection | woocommerce_store_api_product | woocommerce_store_api_orphan_variation,75,101,100,12,97.5,620,USD,1,4,101,0.7525,6,"Public Store API reported 75 catalog products; 75 unique parent products were captured. 1 additional public variation records were not referenced by a current public parent; they are retained at medium confidence and explicitly marked as possibly stale/orphaned. 1 rows expose nonpositive public price values and are retained as explicit unpriced/sentinel catalog records. Duplicate public offers were removed. Blank and placeholder zero prices are excluded from price statistics. Exact quantity is retained only when a positive public quantity field is explicitly exposed. Stock is a point-in-time storefront signal, not sales or warehouse inventory.",6,8.5,7.5,6,7.5,3.5,1.5,age-or-research-gate,medium,An uncrossed age or research-eligibility gate covered the first-load product experience. | The gate fit the 390px viewport with a readable decision path. | Hidden product content was excluded from product-clarity and conversion scoring.,,,https://realpeptides.co/,"Traffic and GMV are modeled, not measured. Catalog and stock are point-in-time public observations."
planetpeptide.com,main-company-gap,true,active-us-facing,https://planetpeptide.com/,2023-04-05,1210,https://rdap.verisign.com/com/v1/domain/PLANETPEPTIDE.COM,30,815259,2026-07-27,1,https://rank.to/api/?d=planetpeptide.com&n=30,52012,55896,52012,low-medium,,,,1%,2%,3%,100,175,250,1040,52012,182042,390090,"Traffic, orders, and gross checkout figures are modeled scenarios—not measured revenue, profit, analytics, or settlement. Thirty-day rank observations were converted to an order-of-magnitude monthly-visit model. This is not analytics, measured traffic, revenue, or profit.",partial_public_first_party_pages,static,2026-07-28T19:27:08.058Z,medium,Anonymous public first-party product page,3,3,3,140,650,950,USD,3,3,0,,0,"This is a bounded first-party page snapshot captured July 28, 2026, not a live feed or complete catalog enumeration. No account, gate, cart, or transaction was used. Duplicate public offers were removed. Blank and placeholder zero prices are excluded from price statistics. Exact quantity is retained only when a positive public quantity field is explicitly exposed. Stock is a point-in-time storefront signal, not sales or warehouse inventory.",,,,,,,,,,,,,,"Traffic and GMV are modeled, not measured. Catalog and stock are point-in-time public observations."
lotilabs.com,B,false,,https://lotilabs.com/product/retatrutide-30mg/,2019-06-25,2589,https://rdap.org/domain/lotilabs.com,30,861818,,,https://rank.to/api/?d=lotilabs.com&n=30,50299,52730,50299,low-medium,,,,1%,2%,3%,100,175,250,1006,50299,176046,377242,"Traffic, orders, and gross checkout figures are modeled scenarios—not measured revenue, profit, analytics, or settlement. Traffic is Rank.to power-law modeling, not measured analytics. Trailing-30 integrates only observed daily rank points and treats missing days as zero. GMV scenarios are gross checkout hypotheses before refunds, chargebacks, tax, discounts, processor losses, or COGS.",partial_public_html,archived,2026-07-28T01:57:24.110Z,low,Product JSON-LD,91,93,91,1.99,49.99,389.99,USD,4,4,93,0.9785,0,"Prior rendered UI state: account-gate. Fields came only from the initial anonymous GET response; no gate was accepted and no form data was entered. | No exact public inventory quantity is exposed; quantity sum is blank. Duplicate public offers were removed. Blank and placeholder zero prices are excluded from price statistics. Exact quantity is retained only when a positive public quantity field is explicitly exposed. Stock is a point-in-time storefront signal, not sales or warehouse inventory.",5.6,9,7.5,4.5,6,2.5,3.7,account-gate,medium,Account creation or sign-in blocked the public product experience; the gate was not crossed. | The account gate fit the 390px viewport without horizontal overflow. | Hidden product markup was not allowed to restore product-clarity or conversion scores.,,,https://lotilabs.com/product/retatrutide-30mg/,"Traffic and GMV are modeled, not measured. Catalog and stock are point-in-time public observations."
polarispeptides.com,C,false,,https://polarispeptides.com/,2024-01-07,931,https://rdap.verisign.com/com/v1/domain/polarispeptides.com,30,1174765,,,https://rank.to/api/?d=polarispeptides.com&n=30,38843,38089,38843,low-medium,,,,1%,2%,3%,170,240,310,777,66033,186446,361240,"Traffic, orders, and gross checkout figures are modeled scenarios—not measured revenue, profit, analytics, or settlement. Modeled, not measured. Rank.to is an order-of-magnitude traffic model; GMV scenarios multiply modeled visits by assumed conversion and AOV, before refunds, chargebacks, taxes, or costs. No Rank.to history does not mean zero traffic.",complete_public_catalog,archived,2026-07-28T01:41:14.037Z,high,woocommerce_store_api_product,62,62,62,30,65,400,USD,5,5,62,0.8387,0,"Public Store API reported 62 catalog products; 62 unique parent products were captured. No exact warehouse quantities were publicly exposed. Duplicate public offers were removed. Blank and placeholder zero prices are excluded from price statistics. Exact quantity is retained only when a positive public quantity field is explicitly exposed. Stock is a point-in-time storefront signal, not sales or warehouse inventory.",5.9,8,8,4.5,6,4.5,4,age-or-research-gate,medium,An uncrossed age or research-eligibility gate covered the first-load product experience. | The gate fit the 390px viewport with a readable decision path. | Hidden product content was excluded from product-clarity and conversion scoring.,,,https://polarispeptides.com/,"Traffic and GMV are modeled, not measured. Catalog and stock are point-in-time public observations."
myoasislabs.com,B,false,,https://myoasislabs.com/product/glp3r/,2024-11-25,609,https://rdap.org/domain/myoasislabs.com,30,1171917,,,https://rank.to/api/?d=myoasislabs.com&n=30,37773,38186,37773,low-medium,,,,1%,2%,3%,100,175,250,755,37773,132206,283298,"Traffic, orders, and gross checkout figures are modeled scenarios—not measured revenue, profit, analytics, or settlement. Traffic is Rank.to power-law modeling, not measured analytics. Trailing-30 integrates only observed daily rank points and treats missing days as zero. GMV scenarios are gross checkout hypotheses before refunds, chargebacks, tax, discounts, processor losses, or COGS.",complete_public_woo_api,archived,2026-07-28T01:57:24.110Z,high,WooCommerce Store API,54,65,65,8.5,74.5,358,USD,1,7,65,0.9846,0,"Prior rendered UI state: age-or-research-gate. The catalog feed still responded to an anonymous GET without credentials; no gate was accepted. | No exact public inventory quantity is exposed; quantity sum is blank. Duplicate public offers were removed. Blank and placeholder zero prices are excluded from price statistics. Exact quantity is retained only when a positive public quantity field is explicitly exposed. Stock is a point-in-time storefront signal, not sales or warehouse inventory.",7.2,9.5,8,6.5,7.5,5.5,6,age-or-research-gate,medium,An uncrossed age or research-eligibility gate covered the first-load product experience. | The gate fit the 390px viewport without horizontal overflow. | The first-load gate retained clear visual hierarchy and branded presentation.,,,https://myoasislabs.com/product/glp3r/,"Traffic and GMV are modeled, not measured. Catalog and stock are point-in-time public observations."
glacieraminos.shop,A,false,,https://glacieraminos.shop/,2025-08-03,358,https://rdap.gmoregistry.net/rdap/domain/glacieraminos.shop,30,1412032,,,https://rank.to/api/?d=glacieraminos.shop&n=30,31845,31398,31845,low-medium,,,,1%,2%,3%,100,175,250,637,31845,111458,238837,"Traffic, orders, and gross checkout figures are modeled scenarios—not measured revenue, profit, analytics, or settlement. No machine-readable public price clue captured; AOV remains cohort assumption only",public_catalog_unresolved_unknown,archived,2026-07-28T01:57:22.714Z,unknown,,0,0,0,,,,,0,0,0,,0,"products.json request failed: fetch failed | fetch failed | fetch failed | No product URLs discovered in public sitemaps. | No parseable public product offers found. | Prior UI state: ssl-protocol-error. | No gate was accepted, no account was created, and no inventory was inferred. Duplicate public offers were removed. Blank and placeholder zero prices are excluded from price statistics. Exact quantity is retained only when a positive public quantity field is explicitly exposed. Stock is a point-in-time storefront signal, not sales or warehouse inventory.",,,,,,,,ssl-protocol-error,,Both browser passes failed with ERR_SSL_PROTOCOL_ERROR. | The captured viewport was blank. | No retry bypass or exception was used.,TLS availability is a prerequisite for every other conversion optimization.,The public store was unreachable over HTTPS during the audit.,https://glacieraminos.shop/,"Traffic and GMV are modeled, not measured. Catalog and stock are point-in-time public observations."
peptidology.co,C,false,,https://peptidology.co/,2024-11-26,607,whois://whois.registry.co/peptidology.co,30,1453740,,,https://rank.to/api/?d=peptidology.co&n=30,29177,30453,29177,low-medium,,,,1%,2%,3%,100,140,180,584,29177,81696,157556,"Traffic, orders, and gross checkout figures are modeled scenarios—not measured revenue, profit, analytics, or settlement. Modeled, not measured. Rank.to is an order-of-magnitude traffic model; GMV scenarios multiply modeled visits by assumed conversion and AOV, before refunds, chargebacks, taxes, or costs. No Rank.to history does not mean zero traffic.",complete_public_catalog,archived,2026-07-28T01:53:31.092Z,high,woocommerce_store_api_variation_collection | woocommerce_store_api_orphan_variation | woocommerce_store_api_product,76,108,104,4.95,69,279,USD,1,7,108,0.7222,0,"Public Store API reported 76 catalog products; 76 unique parent products were captured. No exact warehouse quantities were publicly exposed. 6 additional public variation records were not referenced by a current public parent; they are retained at medium confidence and explicitly marked as possibly stale/orphaned. 4 rows expose nonpositive public price values and are retained as explicit unpriced/sentinel catalog records. Duplicate public offers were removed. Blank and placeholder zero prices are excluded from price statistics. Exact quantity is retained only when a positive public quantity field is explicitly exposed. Stock is a point-in-time storefront signal, not sales or warehouse inventory.",5.5,9,7.5,4.5,6,2.5,2.5,account-gate,medium,Account creation or sign-in blocked the public product experience; the gate was not crossed. | The account gate fit the 390px viewport without obvious horizontal overflow. | Hidden product content was excluded from product-clarity and conversion scoring.,,,https://peptidology.co/,"Traffic and GMV are modeled, not measured. Catalog and stock are point-in-time public observations."
ascensionpeptides.com,A,false,,https://ascensionpeptides.com/,2023-09-26,1035,https://rdap.verisign.com/com/v1/domain/ASCENSIONPEPTIDES.COM,30,1612692,,,https://rank.to/api/?d=ascensionpeptides.com&n=30,27703,27309,27703,low-medium,,,,1%,2%,3%,100,175,250,554,27703,96961,207772,"Traffic, orders, and gross checkout figures are modeled scenarios—not measured revenue, profit, analytics, or settlement. No machine-readable public price clue captured; AOV remains cohort assumption only",complete_public_woo_api,archived,2026-07-28T01:57:22.714Z,high,WooCommerce Store API,42,42,42,40,62,250,USD,0,0,42,0.9286,0,"No exact public inventory quantity is exposed; quantity sum is blank. Duplicate public offers were removed. Blank and placeholder zero prices are excluded from price statistics. Exact quantity is retained only when a positive public quantity field is explicitly exposed. Stock is a point-in-time storefront signal, not sales or warehouse inventory.",6.42,7.5,8,6,5.5,7,4.5,reachable-home-no-reta-pdp,,"The mobile hero is responsive, readable, and has an obvious shop action. | The homepage presents lab-testing and purity claims with a direct COA navigation item. | No public retatrutide PDP was found and the initial load was slow.",One strong value proposition plus one clear CTA works well on mobile.,Generic testing claims are not connected to a visible batch or product result.,https://ascensionpeptides.com/,"Traffic and GMV are modeled, not measured. Catalog and stock are point-in-time public observations."
truepeptidelabs.com,C,false,,https://truepeptidelabs.com/,2025-06-06,415,https://rdap.verisign.com/com/v1/domain/truepeptidelabs.com,30,1729374,,,https://rank.to/api/?d=truepeptidelabs.com&n=30,25521,25378,25521,low-medium,,,,1%,2%,3%,90,125,160,510,22969,63802,122501,"Traffic, orders, and gross checkout figures are modeled scenarios—not measured revenue, profit, analytics, or settlement. Modeled, not measured. Rank.to is an order-of-magnitude traffic model; GMV scenarios multiply modeled visits by assumed conversion and AOV, before refunds, chargebacks, taxes, or costs. No Rank.to history does not mean zero traffic.",complete_public_catalog,archived,2026-07-28T01:53:31.092Z,high,woocommerce_store_api_variation_collection | woocommerce_store_api_product | woocommerce_store_api_orphan_variation,64,100,98,3,65,579.5,USD,1,4,100,0.93,0,"Public Store API reported 64 catalog products; 64 unique parent products were captured. 4 additional public variation records were not referenced by a current public parent; they are retained at medium confidence and explicitly marked as possibly stale/orphaned. 2 rows expose nonpositive public price values and are retained as explicit unpriced/sentinel catalog records. Duplicate public offers were removed. Blank and placeholder zero prices are excluded from price statistics. Exact quantity is retained only when a positive public quantity field is explicitly exposed. Stock is a point-in-time storefront signal, not sales or warehouse inventory.",5.3,7,7,4.5,6.5,3,4,age-or-research-gate,medium,An uncrossed age or research-eligibility gate covered the first-load product experience. | The gate fit the 390px viewport with a readable decision path. | Hidden product content was excluded from product-clarity and conversion scoring.,,,https://truepeptidelabs.com/,"Traffic and GMV are modeled, not measured. Catalog and stock are point-in-time public observations."
behemothlabz.com,A,false,,https://behemothlabz.com/product/retatrutide-peptide/,2019-09-12,2510,https://rdap.verisign.com/com/v1/domain/BEHEMOTHLABZ.COM,30,1927296,,,https://rank.to/api/?d=behemothlabz.com&n=30,20898,22649,20898,low-medium,,,,1%,2%,3%,100,175,250,418,20898,73143,156735,"Traffic, orders, and gross checkout figures are modeled scenarios—not measured revenue, profit, analytics, or settlement. Price clues are raw values parsed from a public page and may include variants/catalog/promotions",complete_public_woo_api,archived,2026-07-28T01:57:22.714Z,high,WooCommerce Store API | woocommerce_store_api_orphan_variation,436,793,714,1.62,62.39,1800.46,USD,3,5,793,0.8752,51,"Exact quantity sum aggregates only explicitly exposed offer-level units; it is not warehouse inventory and does not evidence sales. Duplicate public offers were removed. Blank and placeholder zero prices are excluded from price statistics. Exact quantity is retained only when a positive public quantity field is explicitly exposed. Stock is a point-in-time storefront signal, not sales or warehouse inventory.",5.33,4,1,6,8,5,8,reachable-mobile-broken,,"The desktop PDP includes price, strengths, delivery claims, first-party COA, third-party COA, and add-to-cart action. | The mobile PDP collapses into a narrow fixed-width column with most of the viewport left blank. | The homepage navigation and promotional artwork also crowd the mobile viewport.",Put concrete quality and shipping assurances near the product controls.,The PDP is effectively unusable on a 390px mobile screen.,https://behemothlabz.com/product/retatrutide-peptide/,"Traffic and GMV are modeled, not measured. Catalog and stock are point-in-time public observations."
longevitypeptides.us,B,false,,https://longevitypeptides.us/,2025-03-12,502,https://rdap.org/domain/longevitypeptides.us,24,2227046,,,https://rank.to/api/?d=longevitypeptides.us&n=30,19459,19459,12525,low,,,,1%,2%,3%,100,175,250,389,19459,68106,145942,"Traffic, orders, and gross checkout figures are modeled scenarios—not measured revenue, profit, analytics, or settlement. Traffic is Rank.to power-law modeling, not measured analytics. Trailing-30 integrates only observed daily rank points and treats missing days as zero. GMV scenarios are gross checkout hypotheses before refunds, chargebacks, tax, discounts, processor losses, or COGS.",gated_or_account_walled_unknown,archived,2026-07-28T01:57:24.110Z,unknown,,0,0,0,,,,,0,0,0,,0,"products.json returned HTTP 202 or non-catalog content | HTTP 202; expected a JSON array | No parseable public product offers found. | Prior UI state: browser-challenge. | No gate was accepted, no account was created, and no inventory was inferred. Duplicate public offers were removed. Blank and placeholder zero prices are excluded from price statistics. Exact quantity is retained only when a positive public quantity field is explicitly exposed. Stock is a point-in-time storefront signal, not sales or warehouse inventory.",2.1,4,0,2,2,1.5,2.5,browser-challenge,low,"A browser or connection-security interstitial replaced the storefront in both tested viewports. | Product clarity, trust, conversion, and timing could not be reliably evaluated without bypassing the challenge.",,,https://longevitypeptides.us/,"Traffic and GMV are modeled, not measured. Catalog and stock are point-in-time public observations."
peptideplugs.com,C,false,,https://peptideplugs.com/,2025-12-30,208,https://rdap.verisign.com/com/v1/domain/peptideplugs.com,30,2119698,,,https://rank.to/api/?d=peptideplugs.com&n=30,18485,20495,18485,low-medium,,,,1%,2%,3%,85,120,155,370,15712,44364,85955,"Traffic, orders, and gross checkout figures are modeled scenarios—not measured revenue, profit, analytics, or settlement. Modeled, not measured. Rank.to is an order-of-magnitude traffic model; GMV scenarios multiply modeled visits by assumed conversion and AOV, before refunds, chargebacks, taxes, or costs. No Rank.to history does not mean zero traffic.",complete_public_catalog,archived,2026-07-28T01:41:14.037Z,high,woocommerce_store_api_product | woocommerce_store_api_variation_collection,65,79,79,10,50,199,USD,3,3,79,0.8734,64,"Public Store API reported 65 catalog products; 65 unique parent products were captured. Duplicate public offers were removed. Blank and placeholder zero prices are excluded from price statistics. Exact quantity is retained only when a positive public quantity field is explicitly exposed. Stock is a point-in-time storefront signal, not sales or warehouse inventory.",0.5,1,1,0,0,0,1,blank-response,low,"Both tested viewports rendered blank or unusable first-load captures. | No public product hierarchy, trust cue, or conversion path was observable.",,,https://www.peptideplugs.com/,"Traffic and GMV are modeled, not measured. Catalog and stock are point-in-time public observations."
bluumpeptides.com,priority-existing-refresh,false,active-us-facing,https://bluumpeptides.com/,2024-05-15,804,https://rdap.verisign.com/com/v1/domain/BLUUMPEPTIDES.COM,15,2741058,2026-07-27,1,https://rank.to/api/?d=bluumpeptides.com&n=30,15647,15647,,low,,,,1%,2%,3%,100,175,250,313,15647,54765,117352,"Traffic, orders, and gross checkout figures are modeled scenarios—not measured revenue, profit, analytics, or settlement. Only 15/30 ranked days were available, so the latest-rank pace is used. This is an order-of-magnitude model, not analytics or measured revenue.",complete_public_shopify_feed,live,2026-07-28T20:43:44.412Z,high,Shopify public products feed,46,75,75,15,65,469,USD,1,5,75,0.9333,0,"Anonymous public Shopify product feed was paginated until empty. No account, gate, cart, or transaction was used. Duplicate public offers were removed. Blank and placeholder zero prices are excluded from price statistics. Exact quantity is retained only when a positive public quantity field is explicitly exposed. Stock is a point-in-time storefront signal, not sales or warehouse inventory.",,,,,,,,age-gate,,"Homepage and PDP both show the same full-screen age gate. | The gate is visually polished and responsive. | The Yes action was not used, so product and checkout states remain unobserved.",A gate can preserve premium brand quality on desktop and mobile.,No public product evidence is visible without interaction.,https://bluumpeptides.com/products/retatrutide,"Traffic and GMV are modeled, not measured. Catalog and stock are point-in-time public observations."
onyxbiolabs.com,B,false,,https://onyxbiolabs.com/product/retatrutide-peptide/,2025-08-23,338,https://rdap.org/domain/onyxbiolabs.com,28,1802670,,,https://rank.to/api/?d=onyxbiolabs.com&n=30,15541,24296,15541,low-medium,,,,1%,2%,3%,100,175,250,311,15541,54394,116557,"Traffic, orders, and gross checkout figures are modeled scenarios—not measured revenue, profit, analytics, or settlement. Traffic is Rank.to power-law modeling, not measured analytics. Trailing-30 integrates only observed daily rank points and treats missing days as zero. GMV scenarios are gross checkout hypotheses before refunds, chargebacks, tax, discounts, processor losses, or COGS.",complete_public_woo_api,archived,2026-07-28T01:57:24.110Z,high,WooCommerce Store API | woocommerce_store_api_orphan_variation,32,68,68,11.99,42.49,249.99,USD,1,6,68,0.8676,0,"No exact public inventory quantity is exposed; quantity sum is blank. Duplicate public offers were removed. Blank and placeholder zero prices are excluded from price statistics. Exact quantity is retained only when a positive public quantity field is explicitly exposed. Stock is a point-in-time storefront signal, not sales or warehouse inventory.",7.9,9.5,9,6.5,6.5,7.5,9.1,open-product,high,"COA, batch, or laboratory-testing proof was visible. | Average observed DOM-ready time was 550ms with a 9.1/10 performance score. | The loaded page did not expose a clear Reta/product heading, purchase CTA.",,,https://onyxbiolabs.com/product/retatrutide-peptide/,"Traffic and GMV are modeled, not measured. Catalog and stock are point-in-time public observations."
lvluphealth.com,B,false,,https://lvluphealth.com/,2020-09-17,2139,https://rdap.org/domain/lvluphealth.com,30,2071197,,,https://rank.to/api/?d=lvluphealth.com&n=30,15478,21000,15478,low-medium,,,,1%,2%,3%,100,175,250,310,15478,54173,116085,"Traffic, orders, and gross checkout figures are modeled scenarios—not measured revenue, profit, analytics, or settlement. Traffic is Rank.to power-law modeling, not measured analytics. Trailing-30 integrates only observed daily rank points and treats missing days as zero. GMV scenarios are gross checkout hypotheses before refunds, chargebacks, tax, discounts, processor losses, or COGS.",public_catalog_unresolved_unknown,archived,2026-07-28T01:57:24.110Z,unknown,,0,0,0,,,,,0,0,0,,0,"products.json returned HTTP 429 or non-catalog content | HTTP 429; expected a JSON array | 1 product pages failed | No parseable public product offers found. | Prior UI state: storefront-fallback. | No gate was accepted, no account was created, and no inventory was inferred. Duplicate public offers were removed. Blank and placeholder zero prices are excluded from price statistics. Exact quantity is retained only when a positive public quantity field is explicitly exposed. Stock is a point-in-time storefront signal, not sales or warehouse inventory.",7.2,9.5,9,5,5.5,8,5.5,storefront-fallback,medium,"The loaded page did not expose a clear Reta/product heading, purchase CTA. | No COA, batch, or laboratory-testing proof was visible. | Average observed DOM-ready time was 2738ms; performance scored 5.5/10.",,,https://lvluphealth.com/,"Traffic and GMV are modeled, not measured. Catalog and stock are point-in-time public observations."
peptidehackers.com,B,false,,https://www.peptidehackers.com/products/retatrutide,2024-05-21,797,https://rdap.org/domain/peptidehackers.com,21,2868831,,,https://rank.to/api/?d=peptidehackers.com&n=30,14916,14916,9771,low,,,,1%,2%,3%,100,175,250,298,14916,52206,111870,"Traffic, orders, and gross checkout figures are modeled scenarios—not measured revenue, profit, analytics, or settlement. Traffic is Rank.to power-law modeling, not measured analytics. Trailing-30 integrates only observed daily rank points and treats missing days as zero. GMV scenarios are gross checkout hypotheses before refunds, chargebacks, tax, discounts, processor losses, or COGS.",complete_public_sitemap_html,archived,2026-07-28T01:57:24.110Z,medium,Nuxt public SSR product data,122,186,186,10,83,1250,USD,1,7,186,0.8548,115,"Exact quantity sum aggregates only explicitly exposed offer-level units; it is not warehouse inventory and does not evidence sales. Duplicate public offers were removed. Blank and placeholder zero prices are excluded from price statistics. Exact quantity is retained only when a positive public quantity field is explicitly exposed. Stock is a point-in-time storefront signal, not sales or warehouse inventory.",8.8,10,10,9.5,6.5,7.5,9.3,open-product,high,"Product heading, displayed price, and purchase CTA were visible. | COA, batch, or laboratory-testing proof was visible. | The public path redirected to or presented an account/login gate.",,,https://www.peptidehackers.com/products/retatrutide,"Traffic and GMV are modeled, not measured. Catalog and stock are point-in-time public observations."
peptidessource.com,main-company-gap,true,active-us-facing,https://peptidessource.com/,2024-02-17,892,https://rdap.verisign.com/com/v1/domain/PEPTIDESSOURCE.COM,22,2874560,2026-07-27,1,https://rank.to/api/?d=peptidessource.com&n=30,14885,14885,,low,,,,1%,2%,3%,100,175,250,298,14885,52098,111638,"Traffic, orders, and gross checkout figures are modeled scenarios—not measured revenue, profit, analytics, or settlement. Only 22/30 ranked days were available, so the latest-rank pace is used. This is an order-of-magnitude model, not analytics or measured revenue.",partial_public_first_party_pages,static,2026-07-28T19:27:08.058Z,medium,Anonymous public first-party product page,6,6,6,42,162.75,266,USD,6,6,0,,0,"This is a bounded first-party page snapshot captured July 28, 2026, not a live feed or complete catalog enumeration. No account, gate, cart, or transaction was used. Duplicate public offers were removed. Blank and placeholder zero prices are excluded from price statistics. Exact quantity is retained only when a positive public quantity field is explicitly exposed. Stock is a point-in-time storefront signal, not sales or warehouse inventory.",,,,,,,,,,,,,,"Traffic and GMV are modeled, not measured. Catalog and stock are point-in-time public observations."
pspeptides.com,C,false,,https://pspeptides.com/,2025-11-10,258,https://rdap.verisign.com/com/v1/domain/pspeptides.com,14,3286109,,,https://rank.to/api/?d=pspeptides.com&n=30,12934,12934,5791,low,,,,1%,2%,3%,85,120,155,259,10994,31042,60143,"Traffic, orders, and gross checkout figures are modeled scenarios—not measured revenue, profit, analytics, or settlement. Modeled, not measured. Rank.to is an order-of-magnitude traffic model; GMV scenarios multiply modeled visits by assumed conversion and AOV, before refunds, chargebacks, taxes, or costs. No Rank.to history does not mean zero traffic.",complete_public_catalog,archived,2026-07-28T01:41:14.037Z,high,woocommerce_store_api_product | woocommerce_store_api_variation_collection,68,99,99,1.99,49.99,544.99,USD,1,5,99,0.9495,0,"Public Store API reported 68 catalog products; 68 unique parent products were captured. No exact warehouse quantities were publicly exposed. Duplicate public offers were removed. Blank and placeholder zero prices are excluded from price statistics. Exact quantity is retained only when a positive public quantity field is explicitly exposed. Stock is a point-in-time storefront signal, not sales or warehouse inventory.",8.1,9,9.5,6.5,9,9,4,storefront-fallback,medium,"The open storefront showed a clear research-peptide proposition and primary shopping CTA. | Testing, review, purity, or shipping trust cues were visible in the captured viewport. | Average screenshot-capture time was 6161ms; the documented performance proxy scored 4/10.",,,https://pspeptides.com/,"Traffic and GMV are modeled, not measured. Catalog and stock are point-in-time public observations."
americanpeptides.us,A,false,,https://www.americanpeptides.us/products/retatrutide,2026-02-21,156,whois.nic.us,30,2593838,,,https://rank.to/api/?d=americanpeptides.us&n=30,12899,16581,12899,low-medium,,,,1%,2%,3%,100,175,250,258,12899,45146,96742,"Traffic, orders, and gross checkout figures are modeled scenarios—not measured revenue, profit, analytics, or settlement. Price clues are raw values parsed from a public page and may include variants/catalog/promotions",partial_public_html,archived,2026-07-28T01:57:22.714Z,low,Product JSON-LD,5,13,13,70,200,428,USD,2,6,13,0.8462,0,"Prior rendered UI state: research-confirmation-gate. Fields came only from the initial anonymous GET response; no gate was accepted and no form data was entered. | No exact public inventory quantity is exposed; quantity sum is blank. Duplicate public offers were removed. Blank and placeholder zero prices are excluded from price statistics. Exact quantity is retained only when a positive public quantity field is explicitly exposed. Stock is a point-in-time storefront signal, not sales or warehouse inventory.",,,,,,,,research-confirmation-gate,,Both homepage and PDP are covered by a researcher and age confirmation modal. | The gate is responsive and clearly explains the research-only boundary. | The confirmation control was not activated.,A compliance gate should clearly state who may enter and why.,The public product experience cannot be compared without affirming the gate.,https://www.americanpeptides.us/products/retatrutide,"Traffic and GMV are modeled, not measured. Catalog and stock are point-in-time public observations."
premierbiolabs.com,C,false,,https://premierbiolabs.com/,2025-09-07,322,https://rdap.verisign.com/com/v1/domain/premierbiolabs.com,19,3717288,,,https://rank.to/api/?d=premierbiolabs.com&n=30,11363,11363,6664,low,,,,1%,2%,3%,165,235,305,227,18749,53406,103971,"Traffic, orders, and gross checkout figures are modeled scenarios—not measured revenue, profit, analytics, or settlement. Modeled, not measured. Rank.to is an order-of-magnitude traffic model; GMV scenarios multiply modeled visits by assumed conversion and AOV, before refunds, chargebacks, taxes, or costs. No Rank.to history does not mean zero traffic.",complete_public_catalog,archived,2026-07-28T01:53:31.092Z,high,woocommerce_store_api_product | woocommerce_store_api_variation_collection | woocommerce_store_api_orphan_variation,178,184,124,3.99,79.49,1197.99,USD,21,21,184,0.962,2,"Public Store API reported 178 catalog products; 178 unique parent products were captured. 4 additional public variation records were not referenced by a current public parent; they are retained at medium confidence and explicitly marked as possibly stale/orphaned. 60 rows expose nonpositive public price values and are retained as explicit unpriced/sentinel catalog records. Duplicate public offers were removed. Blank and placeholder zero prices are excluded from price statistics. Exact quantity is retained only when a positive public quantity field is explicitly exposed. Stock is a point-in-time storefront signal, not sales or warehouse inventory.",7.4,8.5,8.5,6.5,7,8.5,4,storefront-fallback,medium,"The open storefront showed a clear research-peptide proposition and primary shopping CTA. | Testing, review, purity, or shipping trust cues were visible in the captured viewport. | Average screenshot-capture time was 7382ms; the documented performance proxy scored 4/10.",,,https://premierbiolabs.com/,"Traffic and GMV are modeled, not measured. Catalog and stock are point-in-time public observations."
adaptpeptides.com,A,false,,https://adaptpeptides.com/product/retatrutide/,2025-08-08,353,https://rdap.verisign.com/com/v1/domain/ADAPTPEPTIDES.COM,5,4085462,,,https://rank.to/api/?d=adaptpeptides.com&n=30,10291,10291,1715,low,,,,1%,2%,3%,100,175,250,206,10291,36018,77182,"Traffic, orders, and gross checkout figures are modeled scenarios—not measured revenue, profit, analytics, or settlement. Only 5/30 ranked days observed; T30 integral treats absent days as unknown/zero and is a lower-bound model | Price clues are raw values parsed from a public page and may include variants/catalog/promotions",complete_public_woo_api,archived,2026-07-28T01:57:22.714Z,high,WooCommerce Store API | woocommerce_store_api_orphan_variation,25,62,61,7.5,65,385.9,USD,2,9,62,0.8065,2,"Exact quantity sum aggregates only explicitly exposed offer-level units; it is not warehouse inventory and does not evidence sales. Duplicate public offers were removed. Blank and placeholder zero prices are excluded from price statistics. Exact quantity is retained only when a positive public quantity field is explicitly exposed. Stock is a point-in-time storefront signal, not sales or warehouse inventory.",6.08,7.5,4,8,7,4,6,reachable,,"The PDP presents the product image, price range, strength choices, quantity tiers, and purchase action in one view. | The mobile menu is open by default in the captured state and clips the left edge of the page. | A fixed payment outage notice covers content and announces that card payments are unavailable.",Keep strength and quantity economics adjacent to the primary action.,Two persistent overlays obstruct the mobile storefront and reduce purchase confidence.,https://adaptpeptides.com/product/retatrutide/,"Traffic and GMV are modeled, not measured. Catalog and stock are point-in-time public observations."
arcticlabsupply.com,A,false,,https://arcticlabsupply.com/products/retatrutide-10mg,2025-10-30,270,https://rdap.verisign.com/com/v1/domain/ARCTICLABSUPPLY.COM,22,4144922,,,https://rank.to/api/?d=arcticlabsupply.com&n=30,10136,10136,7372,low,,,,1%,2%,3%,100,175,250,203,10136,35476,76020,"Traffic, orders, and gross checkout figures are modeled scenarios—not measured revenue, profit, analytics, or settlement. Only 22/30 ranked days observed; T30 integral treats absent days as unknown/zero and is a lower-bound model | Price clues are raw values parsed from a public page and may include variants/catalog/promotions",gated_or_account_walled_unknown,archived,2026-07-28T01:57:22.714Z,unknown,,0,0,0,,,,,0,0,0,,0,"products.json returned HTTP 403 or non-catalog content | HTTP 200; expected a JSON array | No parseable public product offers found. | Prior UI state: research-gate. | No gate was accepted, no account was created, and no inventory was inferred. Duplicate public offers were removed. Blank and placeholder zero prices are excluded from price statistics. Exact quantity is retained only when a positive public quantity field is explicitly exposed. Stock is a point-in-time storefront signal, not sales or warehouse inventory.",,,,,,,,research-gate,,Homepage and PDP both resolve to the same research-use gate. | Multiple gate images are visibly broken. | The entry action was not used.,A gate should be treated as a production page with the same asset QA as checkout.,Broken icons make the first compliance interaction look unmaintained.,https://arcticlabsupply.com/products/retatrutide-10mg,"Traffic and GMV are modeled, not measured. Catalog and stock are point-in-time public observations."
nusciencepeptides.com,B,false,,https://nusciencepeptides.com/,2023-05-12,1172,https://rdap.org/domain/nusciencepeptides.com,10,4176900,,,https://rank.to/api/?d=nusciencepeptides.com&n=30,10054,10054,4090,low,,,,1%,2%,3%,100,175,250,201,10054,35189,75405,"Traffic, orders, and gross checkout figures are modeled scenarios—not measured revenue, profit, analytics, or settlement. Traffic is Rank.to power-law modeling, not measured analytics. Trailing-30 integrates only observed daily rank points and treats missing days as zero. GMV scenarios are gross checkout hypotheses before refunds, chargebacks, tax, discounts, processor losses, or COGS.",gated_or_account_walled_unknown,archived,2026-07-28T01:57:24.110Z,unknown,,0,0,0,,,,,0,0,0,,0,"products.json returned HTTP 202 or non-catalog content | HTTP 202; expected a JSON array | No parseable public product offers found. | Prior UI state: browser-challenge. | No gate was accepted, no account was created, and no inventory was inferred. Duplicate public offers were removed. Blank and placeholder zero prices are excluded from price statistics. Exact quantity is retained only when a positive public quantity field is explicitly exposed. Stock is a point-in-time storefront signal, not sales or warehouse inventory.",5.6,7,2,7,7,5,4,browser-challenge,low,A browser or connection-security interstitial replaced the storefront on mobile; the other viewport rendered. | Cross-viewport design and timing confidence is limited because the challenge was not bypassed.,,,https://nusciencepeptides.com/,"Traffic and GMV are modeled, not measured. Catalog and stock are point-in-time public observations."
nosbarbersupply.com,B,false,,https://nosbarbersupply.com/products/holas-retatrutide-peptide,2020-11-24,2071,https://rdap.org/domain/nosbarbersupply.com,0,,,,https://rank.to/api/?d=nosbarbersupply.com&n=30,,,,none,,,,1%,2%,3%,,,,,,,,"Rank.to returned no rank history, so traffic, orders, and GMV are intentionally not estimated.",complete_public_shopify_feed,archived,2026-07-28T01:57:24.110Z,high,Shopify products.json | Shopify product JSON,1525,1990,1990,0.99,25.99,599.99,USD,1,6,1990,0.9518,0,"Prior rendered UI state: age-or-research-gate. The catalog feed still responded to an anonymous GET without credentials; no gate was accepted. | No exact public inventory quantity is exposed; quantity sum is blank. Duplicate public offers were removed. Blank and placeholder zero prices are excluded from price statistics. Exact quantity is retained only when a positive public quantity field is explicitly exposed. Stock is a point-in-time storefront signal, not sales or warehouse inventory.",7,10,8,6.5,5.5,5.5,6,age-or-research-gate,medium,An uncrossed age or research-eligibility gate covered the first-load product experience. | The gate fit the 390px viewport without horizontal overflow. | The first-load gate retained clear visual hierarchy and branded presentation.,,,https://nosbarbersupply.com/products/holas-retatrutide-peptide,"Traffic and GMV are modeled, not measured. Catalog and stock are point-in-time public observations."
royal-peptides.com,C,false,,https://royal-peptides.com/,2024-08-20,705,https://rdap.verisign.com/com/v1/domain/royal-peptides.com,0,,,,https://rank.to/api/?d=royal-peptides.com&n=30,,,,none,,,,1%,2%,3%,,,,,,,,"Modeled, not measured. Rank.to is an order-of-magnitude traffic model; GMV scenarios multiply modeled visits by assumed conversion and AOV, before refunds, chargebacks, taxes, or costs. No Rank.to history does not mean zero traffic.",complete_public_catalog,archived,2026-07-28T01:53:31.092Z,high,woocommerce_store_api_product | woocommerce_store_api_variation_collection | woocommerce_store_api_orphan_variation,133,281,280,0.01,390,1500,USD,13,30,281,0.8897,1,"Public Store API reported 133 catalog products; 133 unique parent products were captured. 15 additional public variation records were not referenced by a current public parent; they are retained at medium confidence and explicitly marked as possibly stale/orphaned. 1 rows expose nonpositive public price values and are retained as explicit unpriced/sentinel catalog records. Duplicate public offers were removed. Blank and placeholder zero prices are excluded from price statistics. Exact quantity is retained only when a positive public quantity field is explicitly exposed. Stock is a point-in-time storefront signal, not sales or warehouse inventory.",8,9,9,8.5,9,8.5,1,storefront-fallback,medium,The open storefront showed a clear research-peptide proposition and primary shopping CTA. | Visible first-screen trust proof was limited in the captured viewport. | Average screenshot-capture time was 18962ms; the documented performance proxy scored 1/10.,,,https://royal-peptides.com/,"Traffic and GMV are modeled, not measured. Catalog and stock are point-in-time public observations."
geneticpeptide.com,A,false,,https://geneticpeptide.com/product/glp-r-vial-2/,2024-01-04,935,https://rdap.verisign.com/com/v1/domain/GENETICPEPTIDE.COM,0,,,,https://rank.to/api/?d=geneticpeptide.com&n=30,,,,none,,,,1%,2%,3%,,,,,,,,Rank.to returned no rank history; traffic and revenue not modeled | Price clues are raw values parsed from a public page and may include variants/catalog/promotions,complete_public_woo_api,archived,2026-07-28T01:57:22.714Z,high,WooCommerce Store API | woocommerce_store_api_orphan_variation,154,257,252,20,120,8999,USD,3,11,257,0.9922,0,"No exact public inventory quantity is exposed; quantity sum is blank. Duplicate public offers were removed. Blank and placeholder zero prices are excluded from price statistics. Exact quantity is retained only when a positive public quantity field is explicitly exposed. Stock is a point-in-time storefront signal, not sales or warehouse inventory.",7.25,7.5,8,7,7,8.5,5.5,reachable,,"The mobile PDP presents vial images, strength chips, selected price, quantity, CTA, RUO notice, and analytical thumbnails coherently. | The homepage and product page preserve one consistent design system. | The displayed price range is reversed from $750.00 to $155.00, creating avoidable ambiguity.",Strength selection and the resulting price should update in one compact block.,The reversed price range undermines otherwise clear product economics.,https://geneticpeptide.com/product/glp-r-vial-2/,"Traffic and GMV are modeled, not measured. Catalog and stock are point-in-time public observations."
pacificresearchpeptides.com,B,false,,https://pacificresearchpeptides.com/product/retatrutide/,2026-04-15,103,https://rdap.org/domain/pacificresearchpeptides.com,0,,,,https://rank.to/api/?d=pacificresearchpeptides.com&n=30,,,,none,,,,1%,2%,3%,,,,,,,,"Rank.to returned no rank history, so traffic, orders, and GMV are intentionally not estimated.",complete_public_woo_api,archived,2026-07-28T01:57:24.110Z,high,WooCommerce Store API,144,214,213,15,490,3290,USD,2,11,214,0.1262,19,"Prior rendered UI state: age-or-research-gate. The catalog feed still responded to an anonymous GET without credentials; no gate was accepted. | Exact quantity sum aggregates only explicitly exposed offer-level units; it is not warehouse inventory and does not evidence sales. Duplicate public offers were removed. Blank and placeholder zero prices are excluded from price statistics. Exact quantity is retained only when a positive public quantity field is explicitly exposed. Stock is a point-in-time storefront signal, not sales or warehouse inventory.",7.4,9,8,6.5,8,5.5,8.1,age-or-research-gate,medium,An uncrossed age or research-eligibility gate covered the first-load product experience. | The gate fit the 390px viewport without horizontal overflow. | The first-load gate retained clear visual hierarchy and branded presentation.,,,https://pacificresearchpeptides.com/product/retatrutide/,"Traffic and GMV are modeled, not measured. Catalog and stock are point-in-time public observations."
pantheonpeptides.com,B,false,,https://pantheonpeptides.com/ca/peptides/retatrutide,2023-01-02,1302,https://rdap.org/domain/pantheonpeptides.com,0,,,,https://rank.to/api/?d=pantheonpeptides.com&n=30,,,,none,,,,1%,2%,3%,,,,,,,,"Rank.to returned no rank history, so traffic, orders, and GMV are intentionally not estimated.",complete_public_woo_api,archived,2026-07-28T01:57:24.110Z,high,WooCommerce Store API | woocommerce_store_api_orphan_variation,144,200,92,4,90,1385,CAD,2,5,200,0.965,172,"Exact quantity sum aggregates only explicitly exposed offer-level units; it is not warehouse inventory and does not evidence sales. Duplicate public offers were removed. Blank and placeholder zero prices are excluded from price statistics. Exact quantity is retained only when a positive public quantity field is explicitly exposed. Stock is a point-in-time storefront signal, not sales or warehouse inventory.",6.7,8.5,8,7,3.5,5,8.5,open-product,high,"Average observed DOM-ready time was 879ms with a 8.5/10 performance score. | The loaded page did not expose a clear purchase CTA. | No COA, batch, or laboratory-testing proof was visible.",,,https://pantheonpeptides.com/ca/peptides/retatrutide,"Traffic and GMV are modeled, not measured. Catalog and stock are point-in-time public observations."
biologixlabsresearch.com,Supplemental case,false,,https://biologixlabsresearch.com/,2025-09-14,317,https://rdap.verisign.com/com/v1/domain/biologixlabsresearch.com,0,,,,https://rank.to/api/?d=biologixlabsresearch.com&n=30,,,,private-signal-only,,,,,,,,247.87,,,,,,"No independent public traffic panel returned a usable domain estimate. A private screen shown to Alex displayed $53,540.86 and 216 orders for one day; that is a strong private signal but not an audited settlement or a stable daily average.",complete_public_woo_api,archived,2026-07-28T01:58:14.057Z,high,WooCommerce Store API | woocommerce_store_api_orphan_variation,72,125,97,17.99,49.99,349.99,USD,2,5,125,0.688,80,"Exact quantity sum aggregates only explicitly exposed offer-level units; it is not warehouse inventory and does not evidence sales. Duplicate public offers were removed. Blank and placeholder zero prices are excluded from price statistics. Exact quantity is retained only when a positive public quantity field is explicitly exposed. Stock is a point-in-time storefront signal, not sales or warehouse inventory.",,,,,,,,,,,,,,"Traffic and GMV are modeled, not measured. Catalog and stock are point-in-time public observations."
peptalabs.com,B,false,,https://peptalabs.com/peptides/retatrutide-20mg,2026-02-07,170,https://rdap.org/domain/peptalabs.com,0,,,,https://rank.to/api/?d=peptalabs.com&n=30,,,,none,,,,1%,2%,3%,,,,,,,,"Rank.to returned no rank history, so traffic, orders, and GMV are intentionally not estimated.",complete_public_sitemap_html,archived,2026-07-28T01:57:24.110Z,medium,Public variant button HTML + JSON-LD | Public product HTML metadata | Product JSON-LD,40,108,108,27.49,145.14,737.84,USD,3,9,105,0.8286,0,"No exact public inventory quantity is exposed; quantity sum is blank. Duplicate public offers were removed. Blank and placeholder zero prices are excluded from price statistics. Exact quantity is retained only when a positive public quantity field is explicitly exposed. Stock is a point-in-time storefront signal, not sales or warehouse inventory.",9.3,10,10,10,10,7.5,7.5,open-product,high,"Product heading, displayed price, and purchase CTA were visible. | COA, batch, or laboratory-testing proof was visible. | Average observed DOM-ready time was 1104ms; performance scored 7.5/10.",,,https://peptalabs.com/peptides/retatrutide-20mg,"Traffic and GMV are modeled, not measured. Catalog and stock are point-in-time public observations."
optides.com,B,false,,https://optides.com/shop/retatrutide,2024-05-24,794,https://rdap.org/domain/optides.com,0,,,,https://rank.to/api/?d=optides.com&n=30,,,,none,,,,1%,2%,3%,,,,,,,,"Rank.to returned no rank history, so traffic, orders, and GMV are intentionally not estimated.",partial_public_html,archived,2026-07-28T01:57:24.110Z,low,Next.js public RSC product data,37,102,101,5,80,340,USD,1,5,101,1,0,"Prior rendered UI state: age-or-research-gate. Fields came only from the initial anonymous GET response; no gate was accepted and no form data was entered. | No exact public inventory quantity is exposed; quantity sum is blank. Duplicate public offers were removed. Blank and placeholder zero prices are excluded from price statistics. Exact quantity is retained only when a positive public quantity field is explicitly exposed. Stock is a point-in-time storefront signal, not sales or warehouse inventory.",7.7,10,8,6.5,8.5,5,8.8,age-or-research-gate,medium,An uncrossed age or research-eligibility gate covered the first-load product experience. | The gate fit the 390px viewport without horizontal overflow. | The first-load gate retained clear visual hierarchy and branded presentation.,,,https://optides.com/shop/retatrutide,"Traffic and GMV are modeled, not measured. Catalog and stock are point-in-time public observations."
hydroresearchpeptides.com,A,false,,https://hydroresearchpeptides.com/,2023-10-23,1008,https://rdap.verisign.com/com/v1/domain/HYDRORESEARCHPEPTIDES.COM,0,,,,https://rank.to/api/?d=hydroresearchpeptides.com&n=30,,,,none,,,,1%,2%,3%,,,,,,,,Rank.to returned no rank history; traffic and revenue not modeled | Price clues are raw values parsed from a public page and may include variants/catalog/promotions,complete_public_woo_api,archived,2026-07-28T01:57:22.714Z,high,WooCommerce Store API | woocommerce_store_api_orphan_variation,82,93,90,6,97,2550,USD,0,0,93,0.957,11,"Prior rendered UI state: account-required-and-product-blocked. The catalog feed still responded to an anonymous GET without credentials; no gate was accepted. | Exact quantity sum aggregates only explicitly exposed offer-level units; it is not warehouse inventory and does not evidence sales. Duplicate public offers were removed. Blank and placeholder zero prices are excluded from price statistics. Exact quantity is retained only when a positive public quantity field is explicitly exposed. Stock is a point-in-time storefront signal, not sales or warehouse inventory.",,,,,,,,account-required-and-product-blocked,,The homepage requires account sign-in or creation before product information can be browsed. | The product route was blocked by Cloudflare. | No account was created and no challenge was solved.,"If access must be restricted, explain the requirement before collecting credentials.",The account wall and security block prevent anonymous product evaluation.,https://hydroresearchpeptides.com/product/r40/,"Traffic and GMV are modeled, not measured. Catalog and stock are point-in-time public observations."
peptara.org,B,false,,https://peptara.org/product/retatrutide,2026-06-20,37,https://rdap.org/domain/peptara.org,0,,,,https://rank.to/api/?d=peptara.org&n=30,,,,none,,,,1%,2%,3%,,,,,,,,"Rank.to returned no rank history, so traffic, orders, and GMV are intentionally not estimated.",partial_public_html,archived,2026-07-28T01:57:24.110Z,low,Public SSR product payload + JSON-LD | Product JSON-LD,54,92,92,9,99,295,USD,1,8,92,0.9783,0,"Prior rendered UI state: lead-capture-gate. Fields came only from the initial anonymous GET response; no gate was accepted and no form data was entered. | No exact public inventory quantity is exposed; quantity sum is blank. Duplicate public offers were removed. Blank and placeholder zero prices are excluded from price statistics. Exact quantity is retained only when a positive public quantity field is explicitly exposed. Stock is a point-in-time storefront signal, not sales or warehouse inventory.",5.5,8.5,7,4.5,4.5,2,7.8,lead-capture-gate,medium,A required email-or-phone entry gate obscured the product UI; no personal data was entered. | The lead-capture gate fit the 390px viewport without horizontal overflow. | Requiring personal data before first catalog access created substantial conversion friction.,,,https://peptara.org/product/retatrutide,"Traffic and GMV are modeled, not measured. Catalog and stock are point-in-time public observations."
heartlandbiolabs.com,A,false,,https://heartlandbiolabs.com/product/retatrutide/,2026-03-31,118,https://rdap.verisign.com/com/v1/domain/HEARTLANDBIOLABS.COM,0,,,,https://rank.to/api/?d=heartlandbiolabs.com&n=30,,,,none,,,,1%,2%,3%,,,,,,,,Rank.to returned no rank history; traffic and revenue not modeled | Price clues are raw values parsed from a public page and may include variants/catalog/promotions,complete_public_woo_api,archived,2026-07-28T01:57:22.714Z,high,WooCommerce Store API,37,91,91,9,79,325,USD,2,4,91,1,0,"No exact public inventory quantity is exposed; quantity sum is blank. Duplicate public offers were removed. Blank and placeholder zero prices are excluded from price statistics. Exact quantity is retained only when a positive public quantity field is explicitly exposed. Stock is a point-in-time storefront signal, not sales or warehouse inventory.",8.08,8.5,8.5,8.5,8.5,7,7.5,reachable,,"The homepage turns verification, location, shipping, review volume, and sample COAs into a concise mobile trust story. | The PDP clearly presents product identity, RUO status, HPLC, mass-spec, COA, US-lab, and review signals. | Price and the purchase action sit below the initial mobile viewport and a fixed bottom bar reduces space.","Use the homepage to compress proof, fulfillment, and reputation into one decision frame.",The mobile PDP delays price and action after a large product image.,https://heartlandbiolabs.com/product/retatrutide/,"Traffic and GMV are modeled, not measured. Catalog and stock are point-in-time public observations."
crushresearch.com,A,false,,https://crushresearch.shop/product/triple-agonist-30mg,2025-09-26,304,https://rdap.verisign.com/com/v1/domain/CRUSHRESEARCH.COM,0,,,,https://rank.to/api/?d=crushresearch.com&n=30,,,,none,,,,1%,2%,3%,,,,,,,,Rank.to returned no rank history; traffic and revenue not modeled | Price clues are raw values parsed from a public page and may include variants/catalog/promotions,complete_public_sitemap_html,archived,2026-07-28T01:57:22.714Z,medium,Next.js public RSC product data,38,90,86,25,119,599,USD,5,17,90,0.3667,33,"Exact quantity sum aggregates only explicitly exposed offer-level units; it is not warehouse inventory and does not evidence sales. Duplicate public offers were removed. Blank and placeholder zero prices are excluded from price statistics. Exact quantity is retained only when a positive public quantity field is explicitly exposed. Stock is a point-in-time storefront signal, not sales or warehouse inventory.",8.83,8.5,8.5,9.5,9,9,8.5,redirected-to-active-storefront,,"The mobile PDP makes total price, price per mg, pack economics, current stock, COA access, add-to-cart, and buy-now actions immediately legible. | The site exposes batch pages with lab, date, tested vial count, mass, purity, endotoxin result, and COA. | The fixed mobile navigation overlaps part of the pack selector.","Show per-unit economics, current availability, and the exact proof path before asking for the order.",A fixed mobile navigation bar partially covers product options.,https://crushresearch.shop/product/triple-agonist-30mg,"Traffic and GMV are modeled, not measured. Catalog and stock are point-in-time public observations."
orbitrexpeptidex.com,B,false,,https://orbitrexpeptidex.com/product/buy-retatrutide-10mg-peptide-online-usa/,2026-05-27,61,https://rdap.org/domain/orbitrexpeptidex.com,0,,,,https://rank.to/api/?d=orbitrexpeptidex.com&n=30,,,,none,,,,1%,2%,3%,,,,,,,,"Rank.to returned no rank history, so traffic, orders, and GMV are intentionally not estimated.",complete_public_woo_api,archived,2026-07-28T01:57:24.110Z,high,WooCommerce Store API,73,89,89,14.99,69.99,270,USD,0,0,89,1,0,"No exact public inventory quantity is exposed; quantity sum is blank. Duplicate public offers were removed. Blank and placeholder zero prices are excluded from price statistics. Exact quantity is retained only when a positive public quantity field is explicitly exposed. Stock is a point-in-time storefront signal, not sales or warehouse inventory.",8.3,9.5,9,8.5,10,5.5,7,open-product,high,"COA, batch, or laboratory-testing proof was visible. | The loaded page did not expose a clear Reta/product heading. | Average observed DOM-ready time was 3571ms; performance scored 7/10.",,,https://orbitrexpeptidex.com/product/buy-retatrutide-10mg-peptide-online-usa/,"Traffic and GMV are modeled, not measured. Catalog and stock are point-in-time public observations."
orionpeptide.com,B,false,,https://orionpeptide.com/product/retatrutide-10mg/,2026-01-13,195,https://rdap.org/domain/orionpeptide.com,0,,,,https://rank.to/api/?d=orionpeptide.com&n=30,,,,none,,,,1%,2%,3%,,,,,,,,"Rank.to returned no rank history, so traffic, orders, and GMV are intentionally not estimated.",complete_public_woo_api,archived,2026-07-28T01:57:24.110Z,high,WooCommerce Store API,86,86,86,5,67.5,328,USD,6,6,86,0.8721,75,"Exact quantity sum aggregates only explicitly exposed offer-level units; it is not warehouse inventory and does not evidence sales. Duplicate public offers were removed. Blank and placeholder zero prices are excluded from price statistics. Exact quantity is retained only when a positive public quantity field is explicitly exposed. Stock is a point-in-time storefront signal, not sales or warehouse inventory.",7.5,7.5,8,9,3,7.5,10,open-product,high,"Product heading, displayed price, and purchase CTA were visible. | Average observed DOM-ready time was 1174ms with a 10/10 performance score. | No COA, batch, or laboratory-testing proof was visible.",,,https://orionpeptide.com/product/retatrutide-10mg/,"Traffic and GMV are modeled, not measured. Catalog and stock are point-in-time public observations."
biopepstore.com,A,false,,https://biopepstore.com/,2024-06-26,761,https://rdap.verisign.com/com/v1/domain/BIOPEPSTORE.COM,0,,,,https://rank.to/api/?d=biopepstore.com&n=30,,,,none,,,,1%,2%,3%,,,,,,,,Rank.to returned no rank history; traffic and revenue not modeled | No machine-readable public price clue captured; AOV remains cohort assumption only,complete_public_woo_api,archived,2026-07-28T01:57:22.714Z,high,WooCommerce Store API,79,79,79,6.99,19,145.99,USD,2,2,79,0.8481,19,"Prior rendered UI state: age-verification-gate. The catalog feed still responded to an anonymous GET without credentials; no gate was accepted. | Exact quantity sum aggregates only explicitly exposed offer-level units; it is not warehouse inventory and does not evidence sales. Duplicate public offers were removed. Blank and placeholder zero prices are excluded from price statistics. Exact quantity is retained only when a positive public quantity field is explicitly exposed. Stock is a point-in-time storefront signal, not sales or warehouse inventory.",,,,,,,,age-verification-gate,,A long age and research-use confirmation form covers the storefront. | The mobile modal extends well below the initial viewport before any completion action is visible. | The gate was not completed.,Compliance text should be progressive and the action should remain visible.,The mobile gate is too long to scan and obscures its own completion controls.,https://biopepstore.com/,"Traffic and GMV are modeled, not measured. Catalog and stock are point-in-time public observations."
northwestpeptides.com,B,false,,https://northwestpeptides.com/product/glp-3/,2025-12-04,235,https://rdap.org/domain/northwestpeptides.com,0,,,,https://rank.to/api/?d=northwestpeptides.com&n=30,,,,none,,,,1%,2%,3%,,,,,,,,"Rank.to returned no rank history, so traffic, orders, and GMV are intentionally not estimated.",complete_public_woo_api,archived,2026-07-28T01:57:24.110Z,high,WooCommerce Store API | woocommerce_store_api_orphan_variation,52,78,77,7.99,69.99,279.99,USD,1,6,78,0.8974,5,"Exact quantity sum aggregates only explicitly exposed offer-level units; it is not warehouse inventory and does not evidence sales. Duplicate public offers were removed. Blank and placeholder zero prices are excluded from price statistics. Exact quantity is retained only when a positive public quantity field is explicitly exposed. Stock is a point-in-time storefront signal, not sales or warehouse inventory.",8.8,10,9,10,8.5,10,1.3,open-product,high,"Product heading, displayed price, and purchase CTA were visible. | COA, batch, or laboratory-testing proof was visible. | Average observed DOM-ready time was 23346ms; performance scored 1.3/10.",,,https://northwestpeptides.com/product/glp-3/,"Traffic and GMV are modeled, not measured. Catalog and stock are point-in-time public observations."
neb.co,B,false,,https://newbiorx.com/product/retatrutide-multidose-usp-pen-15mg/,2010-07-20,5851,whois://neb.co,0,,,,https://rank.to/api/?d=neb.co&n=30,,,,none,,,,1%,2%,3%,,,,,,,,"Rank.to returned no rank history, so traffic, orders, and GMV are intentionally not estimated.",complete_public_woo_api,archived,2026-07-28T01:57:24.110Z,high,WooCommerce Store API,75,75,75,9,45,295,USD,3,3,75,1,0,"Prior rendered UI state: age-or-research-gate. The catalog feed still responded to an anonymous GET without credentials; no gate was accepted. | No exact public inventory quantity is exposed; quantity sum is blank. Duplicate public offers were removed. Blank and placeholder zero prices are excluded from price statistics. Exact quantity is retained only when a positive public quantity field is explicitly exposed. Stock is a point-in-time storefront signal, not sales or warehouse inventory.",7.4,10,8,6.5,10,5.5,3.4,age-or-research-gate,medium,An uncrossed age or research-eligibility gate covered the first-load product experience. | The gate fit the 390px viewport without horizontal overflow. | The first-load gate retained clear visual hierarchy and branded presentation.,,,https://newbiorx.com/product/retatrutide-multidose-usp-pen-15mg/,"Traffic and GMV are modeled, not measured. Catalog and stock are point-in-time public observations."
biopepusa.com,A,false,,https://biopepusa.com/product/glp-reta/,2026-04-24,94,https://rdap.verisign.com/com/v1/domain/BIOPEPUSA.COM,0,,,,https://rank.to/api/?d=biopepusa.com&n=30,,,,none,,,,1%,2%,3%,,,,,,,,Rank.to returned no rank history; traffic and revenue not modeled | Price clues are raw values parsed from a public page and may include variants/catalog/promotions,complete_public_woo_api,archived,2026-07-28T01:57:22.714Z,high,WooCommerce Store API,27,71,71,14.99,189.99,1999,USD,1,6,71,1,71,"Prior rendered UI state: age-gate. The catalog feed still responded to an anonymous GET without credentials; no gate was accepted. | Exact quantity sum aggregates only explicitly exposed offer-level units; it is not warehouse inventory and does not evidence sales. Duplicate public offers were removed. Blank and placeholder zero prices are excluded from price statistics. Exact quantity is retained only when a positive public quantity field is explicitly exposed. Stock is a point-in-time storefront signal, not sales or warehouse inventory.",,,,,,,,age-gate,,Homepage and PDP are covered by a 21-plus entry gate. | The mobile PDP can be seen behind the overlay but was not treated as an accessible state. | The entry action was not used.,A short gate with separate enter and exit choices is easier to understand than a legal wall.,The product cannot be fairly scored without affirming the gate.,https://biopepusa.com/product/glp-reta/,"Traffic and GMV are modeled, not measured. Catalog and stock are point-in-time public observations."
nextechlaboratories.com,B,false,,https://nextechlaboratories.com/,2024-08-16,710,https://rdap.org/domain/nextechlaboratories.com,0,,,,https://rank.to/api/?d=nextechlaboratories.com&n=30,,,,none,,,,1%,2%,3%,,,,,,,,"Rank.to returned no rank history, so traffic, orders, and GMV are intentionally not estimated.",complete_public_woo_api,archived,2026-07-28T01:57:24.110Z,high,WooCommerce Store API,70,70,70,8.99,90,2374.05,USD,0,0,70,0.9857,0,"Prior rendered UI state: age-or-research-gate. The catalog feed still responded to an anonymous GET without credentials; no gate was accepted. | No exact public inventory quantity is exposed; quantity sum is blank. Duplicate public offers were removed. Blank and placeholder zero prices are excluded from price statistics. Exact quantity is retained only when a positive public quantity field is explicitly exposed. Stock is a point-in-time storefront signal, not sales or warehouse inventory.",5.8,8,8,4,5.5,5.5,2.7,age-or-research-gate,medium,An uncrossed age or research-eligibility gate covered the first-load product experience. | The gate fit the 390px viewport without horizontal overflow. | The first-load gate retained clear visual hierarchy and branded presentation.,,,https://nextechlaboratories.com/,"Traffic and GMV are modeled, not measured. Catalog and stock are point-in-time public observations."
luxaralabs.com,B,false,,https://luxaralabs.com/product/retatrutide/,2025-10-01,299,https://rdap.org/domain/luxaralabs.com,0,,,,https://rank.to/api/?d=luxaralabs.com&n=30,,,,none,,,,1%,2%,3%,,,,,,,,"Rank.to returned no rank history, so traffic, orders, and GMV are intentionally not estimated.",complete_public_woo_api,archived,2026-07-28T01:57:24.110Z,high,WooCommerce Store API,48,67,67,8,71.25,337.5,USD,1,5,67,0.9851,0,"Prior rendered UI state: age-or-research-gate. The catalog feed still responded to an anonymous GET without credentials; no gate was accepted. | No exact public inventory quantity is exposed; quantity sum is blank. Duplicate public offers were removed. Blank and placeholder zero prices are excluded from price statistics. Exact quantity is retained only when a positive public quantity field is explicitly exposed. Stock is a point-in-time storefront signal, not sales or warehouse inventory.",7,10,8,6.5,7,5.5,3,age-or-research-gate,medium,An uncrossed age or research-eligibility gate covered the first-load product experience. | The gate fit the 390px viewport without horizontal overflow. | The first-load gate retained clear visual hierarchy and branded presentation.,,,https://luxaralabs.com/product/retatrutide/,"Traffic and GMV are modeled, not measured. Catalog and stock are point-in-time public observations."
nurevpeptides.com,B,false,,https://nurevpeptides.com/product/glp-3-rt-30mg-retatrutride/,2025-12-03,236,https://rdap.org/domain/nurevpeptides.com,0,,,,https://rank.to/api/?d=nurevpeptides.com&n=30,,,,none,,,,1%,2%,3%,,,,,,,,"Rank.to returned no rank history, so traffic, orders, and GMV are intentionally not estimated.",complete_public_woo_api,archived,2026-07-28T01:57:24.110Z,high,WooCommerce Store API | woocommerce_store_api_orphan_variation,44,66,65,8.99,55,269,USD,2,5,66,0.9394,34,"Prior rendered UI state: age-or-research-gate. The catalog feed still responded to an anonymous GET without credentials; no gate was accepted. | Exact quantity sum aggregates only explicitly exposed offer-level units; it is not warehouse inventory and does not evidence sales. Duplicate public offers were removed. Blank and placeholder zero prices are excluded from price statistics. Exact quantity is retained only when a positive public quantity field is explicitly exposed. Stock is a point-in-time storefront signal, not sales or warehouse inventory.",7.2,10,8,6.5,8,5.5,3.5,age-or-research-gate,medium,An uncrossed age or research-eligibility gate covered the first-load product experience. | The gate fit the 390px viewport without horizontal overflow. | The first-load gate retained clear visual hierarchy and branded presentation.,,,https://nurevpeptides.com/product/glp-3-rt-30mg-retatrutride/,"Traffic and GMV are modeled, not measured. Catalog and stock are point-in-time public observations."
riptidewellness.com,C,false,,https://riptidewellness.com/,2014-04-08,4492,https://rdap.verisign.com/com/v1/domain/riptidewellness.com,0,,,,https://rank.to/api/?d=riptidewellness.com&n=30,,,,none,,,,1%,2%,3%,,,,,,,,"Modeled, not measured. Rank.to is an order-of-magnitude traffic model; GMV scenarios multiply modeled visits by assumed conversion and AOV, before refunds, chargebacks, taxes, or costs. No Rank.to history does not mean zero traffic.",complete_public_catalog,archived,2026-07-28T01:53:31.092Z,high,woocommerce_store_api_variation_collection | woocommerce_store_api_orphan_variation | woocommerce_store_api_product,52,64,62,10,79.04,2594.02,USD,5,8,64,0.7188,44,"Public Store API reported 52 catalog products; 52 unique parent products were captured. 1 additional public variation records were not referenced by a current public parent; they are retained at medium confidence and explicitly marked as possibly stale/orphaned. 2 rows expose nonpositive public price values and are retained as explicit unpriced/sentinel catalog records. Duplicate public offers were removed. Blank and placeholder zero prices are excluded from price statistics. Exact quantity is retained only when a positive public quantity field is explicitly exposed. Stock is a point-in-time storefront signal, not sales or warehouse inventory.",7.5,9,9,6.5,7.5,8.5,2.5,storefront-fallback,medium,"The public storefront loaded, but the screenshot did not expose a direct Reta product path. | Testing, review, purity, or shipping trust cues were visible in the captured viewport. | Average screenshot-capture time was 11393ms; the documented performance proxy scored 2.5/10.",,,https://riptidewellness.com/,"Traffic and GMV are modeled, not measured. Catalog and stock are point-in-time public observations."
wholesalepeptide.com,C,false,,https://wholesalepeptide.com/,2024-02-05,902,https://rdap.verisign.com/com/v1/domain/wholesalepeptide.com,0,,,,https://rank.to/api/?d=wholesalepeptide.com&n=30,,,,none,,,,1%,2%,3%,,,,,,,,"Modeled, not measured. Rank.to is an order-of-magnitude traffic model; GMV scenarios multiply modeled visits by assumed conversion and AOV, before refunds, chargebacks, taxes, or costs. No Rank.to history does not mean zero traffic.",complete_public_catalog,archived,2026-07-28T01:41:14.037Z,high,public_product_html_woocommerce,64,64,64,14.99,48.99,389.99,USD,2,2,63,1,7,"64 product URLs were enumerated from the public product sitemap; 64 product pages and 64 product/variant rows were captured. 0 pages failed or lacked a parseable public product payload. Duplicate public offers were removed. Blank and placeholder zero prices are excluded from price statistics. Exact quantity is retained only when a positive public quantity field is explicitly exposed. Stock is a point-in-time storefront signal, not sales or warehouse inventory.",5.2,7.5,7,4,5,2,7,account-gate,medium,Account creation or sign-in blocked the public product experience; the gate was not crossed. | The account gate fit the 390px viewport without obvious horizontal overflow. | Hidden product content was excluded from product-clarity and conversion scoring.,,,https://wholesalepeptide.com/,"Traffic and GMV are modeled, not measured. Catalog and stock are point-in-time public observations."
mytidelab.com,B,false,,https://mytidelab.com/products/retatrutide,2026-02-22,155,https://rdap.org/domain/mytidelab.com,0,,,,https://rank.to/api/?d=mytidelab.com&n=30,,,,none,,,,1%,2%,3%,,,,,,,,"Rank.to returned no rank history, so traffic, orders, and GMV are intentionally not estimated.",complete_public_woo_api,archived,2026-07-28T01:57:24.110Z,high,WooCommerce Store API | woocommerce_store_api_orphan_variation,33,62,55,17.99,89.99,227.48,USD,2,4,62,0.629,30,"Prior rendered UI state: age-or-research-gate. The catalog feed still responded to an anonymous GET without credentials; no gate was accepted. | Exact quantity sum aggregates only explicitly exposed offer-level units; it is not warehouse inventory and does not evidence sales. Duplicate public offers were removed. Blank and placeholder zero prices are excluded from price statistics. Exact quantity is retained only when a positive public quantity field is explicitly exposed. Stock is a point-in-time storefront signal, not sales or warehouse inventory.",7.7,10,8,6.5,9,5.5,7,age-or-research-gate,medium,An uncrossed age or research-eligibility gate covered the first-load product experience. | The gate fit the 390px viewport without horizontal overflow. | The first-load gate retained clear visual hierarchy and branded presentation.,,,https://mytidelab.com/products/retatrutide,"Traffic and GMV are modeled, not measured. Catalog and stock are point-in-time public observations."
lyvpeptides.com,B,false,,https://www.lyvpeptides.com/product/glp-3-retatrutide-12mg/,2025-07-07,385,https://rdap.org/domain/lyvpeptides.com,0,,,,https://rank.to/api/?d=lyvpeptides.com&n=30,,,,none,,,,1%,2%,3%,,,,,,,,"Rank.to returned no rank history, so traffic, orders, and GMV are intentionally not estimated.",complete_public_woo_api,archived,2026-07-28T01:57:24.110Z,high,WooCommerce Store API,60,60,59,3,96.99,2997,USD,1,1,60,0.9,8,"Exact quantity sum aggregates only explicitly exposed offer-level units; it is not warehouse inventory and does not evidence sales. Duplicate public offers were removed. Blank and placeholder zero prices are excluded from price statistics. Exact quantity is retained only when a positive public quantity field is explicitly exposed. Stock is a point-in-time storefront signal, not sales or warehouse inventory.",8.7,10,9,9.5,6.5,9.5,5.7,open-product,high,"Product heading, displayed price, and purchase CTA were visible. | COA, batch, or laboratory-testing proof was visible. | Average observed DOM-ready time was 2763ms; performance scored 5.7/10.",,,https://www.lyvpeptides.com/product/glp-3-retatrutide-12mg/,"Traffic and GMV are modeled, not measured. Catalog and stock are point-in-time public observations."
bulkglp.com,A,false,,https://bulkglp.com/product/retatrutide-ly3437943-glp1r-glp3/,2025-05-14,439,https://rdap.verisign.com/com/v1/domain/BULKGLP.COM,0,,,,https://rank.to/api/?d=bulkglp.com&n=30,,,,none,,,,1%,2%,3%,,,,,,,,Rank.to returned no rank history; traffic and revenue not modeled | Price clues are raw values parsed from a public page and may include variants/catalog/promotions,complete_public_woo_api,archived,2026-07-28T01:57:22.714Z,high,WooCommerce Store API,43,59,51,30,140,5250,USD,2,16,59,0.9153,0,"No exact public inventory quantity is exposed; quantity sum is blank. Duplicate public offers were removed. Blank and placeholder zero prices are excluded from price statistics. Exact quantity is retained only when a positive public quantity field is explicitly exposed. Stock is a point-in-time storefront signal, not sales or warehouse inventory.",7.33,8,4,9,9.5,6,7.5,reachable-mobile-overflow,,"The PDP exposes actual mass, purity, lot, endotoxin, microbial, and fentanyl results by strength. | Official COA actions are adjacent to the quality table. | The mobile PDP overflows horizontally and a floating cart covers the price area.","Translate every lab report into an immediate, strength-specific proof summary.",Horizontal overflow and floating controls damage an otherwise strong mobile product page.,https://bulkglp.com/product/retatrutide-ly3437943-glp1r-glp3/,"Traffic and GMV are modeled, not measured. Catalog and stock are point-in-time public observations."
thepeplabs.com,C,false,,https://thepeplabs.com/,2026-03-18,130,https://rdap.verisign.com/com/v1/domain/thepeplabs.com,0,,,,https://rank.to/api/?d=thepeplabs.com&n=30,,,,none,,,,1%,2%,3%,,,,,,,,"Modeled, not measured. Rank.to is an order-of-magnitude traffic model; GMV scenarios multiply modeled visits by assumed conversion and AOV, before refunds, chargebacks, taxes, or costs. No Rank.to history does not mean zero traffic.",complete_public_catalog,archived,2026-07-28T01:41:14.037Z,high,public_inline_catalog_variant,31,57,57,29.99,69.99,239.99,USD,1,3,57,0.6316,50,"31 public non-test products and 57 current-or-archived public variants parsed from window.__PEPLABS_CATALOG__. Archived variants are retained and labeled. Duplicate public offers were removed. Blank and placeholder zero prices are excluded from price statistics. Exact quantity is retained only when a positive public quantity field is explicitly exposed. Stock is a point-in-time storefront signal, not sales or warehouse inventory.",6.6,8.5,8,5,7,4.5,7,age-or-research-gate,medium,An uncrossed age or research-eligibility gate covered the first-load product experience. | The gate fit the 390px viewport with a readable decision path. | Hidden product content was excluded from product-clarity and conversion scoring.,,,https://thepeplabs.com/,"Traffic and GMV are modeled, not measured. Catalog and stock are point-in-time public observations."
rivnpeptides.com,C,false,,https://rivnpeptides.com/,2026-01-21,186,https://rdap.verisign.com/com/v1/domain/rivnpeptides.com,0,,,,https://rank.to/api/?d=rivnpeptides.com&n=30,,,,none,,,,1%,2%,3%,,,,,,,,"Modeled, not measured. Rank.to is an order-of-magnitude traffic model; GMV scenarios multiply modeled visits by assumed conversion and AOV, before refunds, chargebacks, taxes, or costs. No Rank.to history does not mean zero traffic.",complete_public_catalog,archived,2026-07-28T01:41:14.037Z,high,woocommerce_store_api_product | woocommerce_store_api_variation_collection,42,54,52,1.99,52.49,259.99,USD,1,4,54,1,51,"Public Store API reported 42 catalog products; 42 unique parent products were captured. 2 rows expose nonpositive public price values and are retained as explicit unpriced/sentinel catalog records. Duplicate public offers were removed. Blank and placeholder zero prices are excluded from price statistics. Exact quantity is retained only when a positive public quantity field is explicitly exposed. Stock is a point-in-time storefront signal, not sales or warehouse inventory.",7.7,8.5,9,6.5,9,8.5,2.5,storefront-fallback,medium,"The public storefront loaded, but the screenshot did not expose a direct Reta product path. | Testing, review, purity, or shipping trust cues were visible in the captured viewport. | Average screenshot-capture time was 11902ms; the documented performance proxy scored 2.5/10.",,,https://rivnpeptides.com/,"Traffic and GMV are modeled, not measured. Catalog and stock are point-in-time public observations."
bulkpeptides.com,A,false,,https://bulkpeptides.com/registration/?redirect_to=https%3A%2F%2Fbulkpeptides.com%2F,2010-04-22,5940,https://rdap.verisign.com/com/v1/domain/BULKPEPTIDES.COM,0,,,,https://rank.to/api/?d=bulkpeptides.com&n=30,,,,none,,,,1%,2%,3%,,,,,,,,Rank.to returned no rank history; traffic and revenue not modeled | Price clues are raw values parsed from a public page and may include variants/catalog/promotions,complete_public_woo_api,archived,2026-07-28T01:57:22.714Z,high,WooCommerce Store API,53,53,53,10,180,600,USD,2,2,53,0.9434,23,"Prior rendered UI state: research-gate. The catalog feed still responded to an anonymous GET without credentials; no gate was accepted. | Exact quantity sum aggregates only explicitly exposed offer-level units; it is not warehouse inventory and does not evidence sales. Duplicate public offers were removed. Blank and placeholder zero prices are excluded from price statistics. Exact quantity is retained only when a positive public quantity field is explicitly exposed. Stock is a point-in-time storefront signal, not sales or warehouse inventory.",,,,,,,,research-gate,,The public page is covered by a research-use disclaimer and qualified-researcher attestation. | The gate was not accepted. | No product state was scored.,A gate should have clear agree and disagree actions.,The modal is text-heavy and blocks product comparison.,https://bulkpeptides.com/,"Traffic and GMV are modeled, not measured. Catalog and stock are point-in-time public observations."
peptidescollective.com,C,false,,https://peptidescollective.com/,2025-06-16,405,https://rdap.verisign.com/com/v1/domain/peptidescollective.com,0,,,,https://rank.to/api/?d=peptidescollective.com&n=30,,,,none,,,,1%,2%,3%,,,,,,,,"Modeled, not measured. Rank.to is an order-of-magnitude traffic model; GMV scenarios multiply modeled visits by assumed conversion and AOV, before refunds, chargebacks, taxes, or costs. No Rank.to history does not mean zero traffic.",complete_public_catalog,archived,2026-07-28T01:41:14.037Z,high,woocommerce_store_api_product | woocommerce_store_api_variation_collection,39,51,50,17.99,51,260,USD,1,5,51,0.8431,0,"Public Store API reported 39 catalog products; 39 unique parent products were captured. No exact warehouse quantities were publicly exposed. 1 rows expose nonpositive public price values and are retained as explicit unpriced/sentinel catalog records. Duplicate public offers were removed. Blank and placeholder zero prices are excluded from price statistics. Exact quantity is retained only when a positive public quantity field is explicitly exposed. Stock is a point-in-time storefront signal, not sales or warehouse inventory.",8,9.5,9,6.5,8,8.5,5.5,storefront-fallback,medium,"The open storefront showed a clear research-peptide proposition and primary shopping CTA. | Testing, review, purity, or shipping trust cues were visible in the captured viewport. | Average screenshot-capture time was 4410ms; the documented performance proxy scored 5.5/10.",,,https://peptidescollective.com/,"Traffic and GMV are modeled, not measured. Catalog and stock are point-in-time public observations."
regentide.net,C,false,,https://regentide.net/,2025-09-26,303,https://rdap.verisign.com/net/v1/domain/regentide.net,0,,,,https://rank.to/api/?d=regentide.net&n=30,,,,none,,,,1%,2%,3%,,,,,,,,"Modeled, not measured. Rank.to is an order-of-magnitude traffic model; GMV scenarios multiply modeled visits by assumed conversion and AOV, before refunds, chargebacks, taxes, or costs. No Rank.to history does not mean zero traffic.",complete_public_catalog,archived,2026-07-28T01:41:14.037Z,high,woocommerce_store_api_product | woocommerce_store_api_variation_collection,47,50,50,29.99,103.49,424.99,USD,4,4,50,1,3,"Public Store API reported 47 catalog products; 47 unique parent products were captured. Duplicate public offers were removed. Blank and placeholder zero prices are excluded from price statistics. Exact quantity is retained only when a positive public quantity field is explicitly exposed. Stock is a point-in-time storefront signal, not sales or warehouse inventory.",8.5,9,9,8.5,8.5,8.5,7,storefront-fallback,medium,"The open storefront showed a clear research-peptide proposition and primary shopping CTA. | Testing, review, purity, or shipping trust cues were visible in the captured viewport. | Average screenshot-capture time was 2504ms; the documented performance proxy scored 7/10.",,,https://regentide.net/,"Traffic and GMV are modeled, not measured. Catalog and stock are point-in-time public observations."
nupeps.com,B,false,,https://nupeps.com/product/r10mg/,2025-12-19,220,https://rdap.org/domain/nupeps.com,0,,,,https://rank.to/api/?d=nupeps.com&n=30,,,,none,,,,1%,2%,3%,,,,,,,,"Rank.to returned no rank history, so traffic, orders, and GMV are intentionally not estimated.",complete_public_woo_api,archived,2026-07-28T01:57:24.110Z,high,WooCommerce Store API,49,49,49,15,85,240,USD,4,4,49,0.8571,41,"Prior rendered UI state: age-or-research-gate. The catalog feed still responded to an anonymous GET without credentials; no gate was accepted. | Exact quantity sum aggregates only explicitly exposed offer-level units; it is not warehouse inventory and does not evidence sales. Duplicate public offers were removed. Blank and placeholder zero prices are excluded from price statistics. Exact quantity is retained only when a positive public quantity field is explicitly exposed. Stock is a point-in-time storefront signal, not sales or warehouse inventory.",7.1,10,8,6.5,7.5,5.5,3.5,age-or-research-gate,medium,An uncrossed age or research-eligibility gate covered the first-load product experience. | The gate fit the 390px viewport without horizontal overflow. | The first-load gate retained clear visual hierarchy and branded presentation.,,,https://nupeps.com/product/r10mg/,"Traffic and GMV are modeled, not measured. Catalog and stock are point-in-time public observations."
lifelinkresearch.com,B,false,,https://lifelinkresearch.com/product/retatrutide-glp-3-20mg/,2023-10-12,1019,https://rdap.org/domain/lifelinkresearch.com,0,,,,https://rank.to/api/?d=lifelinkresearch.com&n=30,,,,none,,,,1%,2%,3%,,,,,,,,"Rank.to returned no rank history, so traffic, orders, and GMV are intentionally not estimated.",complete_public_woo_api,archived,2026-07-28T01:57:24.110Z,high,WooCommerce Store API,47,47,47,12,116,475,USD,5,5,47,1,47,"Exact quantity sum aggregates only explicitly exposed offer-level units; it is not warehouse inventory and does not evidence sales. Duplicate public offers were removed. Blank and placeholder zero prices are excluded from price statistics. Exact quantity is retained only when a positive public quantity field is explicitly exposed. Stock is a point-in-time storefront signal, not sales or warehouse inventory.",9.2,9.5,9,10,8.5,10,6.9,open-product,high,"Product heading, displayed price, and purchase CTA were visible. | COA, batch, or laboratory-testing proof was visible. | Average observed DOM-ready time was 2705ms; performance scored 6.9/10.",,,https://lifelinkresearch.com/product/retatrutide-glp-3-20mg/,"Traffic and GMV are modeled, not measured. Catalog and stock are point-in-time public observations."
primelabpeptides.com,main-company-gap,true,active-us-facing,https://primelabpeptides.com/,2025-03-26,489,https://rdap.verisign.com/com/v1/domain/PRIMELABPEPTIDES.COM,0,,,,https://rank.to/api/?d=primelabpeptides.com&n=30,,,,none,,,,,,,,,,,,,,No public rank history was available. Unknown traffic is not zero traffic.,complete_public_shopify_feed,live,2026-07-28T20:43:44.412Z,high,Shopify public products feed,41,41,41,12.5,85,1300,USD,6,6,41,0.9512,0,"Anonymous public Shopify product feed was paginated until empty. No account, gate, cart, or transaction was used. Duplicate public offers were removed. Blank and placeholder zero prices are excluded from price statistics. Exact quantity is retained only when a positive public quantity field is explicitly exposed. Stock is a point-in-time storefront signal, not sales or warehouse inventory.",,,,,,,,,,,,,,"Traffic and GMV are modeled, not measured. Catalog and stock are point-in-time public observations."
apollopeptidesciences.com,A,false,,https://apollopeptidesciences.com/product/glp-3-r-30mg/,2024-04-13,835,https://rdap.verisign.com/com/v1/domain/APOLLOPEPTIDESCIENCES.COM,0,,,,https://rank.to/api/?d=apollopeptidesciences.com&n=30,,,,none,,,,1%,2%,3%,,,,,,,,Rank.to returned no rank history; traffic and revenue not modeled | Price clues are raw values parsed from a public page and may include variants/catalog/promotions,complete_public_woo_api,archived,2026-07-28T01:57:22.714Z,high,WooCommerce Store API,40,40,40,9.99,144.99,2479.99,USD,8,8,40,0.875,31,"Exact quantity sum aggregates only explicitly exposed offer-level units; it is not warehouse inventory and does not evidence sales. Duplicate public offers were removed. Blank and placeholder zero prices are excluded from price statistics. Exact quantity is retained only when a positive public quantity field is explicitly exposed. Stock is a point-in-time storefront signal, not sales or warehouse inventory.",7.42,7,7,8.5,7.5,8,6.5,reachable,,"The PDP keeps identity, price, stock, quantity, RUO notice, image, and add-to-cart action together. | A COA thumbnail is visible in the product gallery. | The homepage is overloaded with a very long product grid and the PDP puts a review form before related items.",Pair a product photo with a readable identity panel and a nearby analytical document.,Long grids and forms make the experience feel heavier than the purchase task requires.,https://apollopeptidesciences.com/product/glp-3-r-30mg/,"Traffic and GMV are modeled, not measured. Catalog and stock are point-in-time public observations."
sunday-usa.com,C,false,,https://sunday-usa.com/,2025-10-28,271,https://rdap.verisign.com/com/v1/domain/sunday-usa.com,0,,,,https://rank.to/api/?d=sunday-usa.com&n=30,,,,none,,,,1%,2%,3%,,,,,,,,"Modeled, not measured. Rank.to is an order-of-magnitude traffic model; GMV scenarios multiply modeled visits by assumed conversion and AOV, before refunds, chargebacks, taxes, or costs. No Rank.to history does not mean zero traffic.",complete_public_catalog,archived,2026-07-28T01:53:31.092Z,high,woocommerce_store_api_product | woocommerce_store_api_orphan_variation | woocommerce_store_api_variation_collection,25,40,40,20,200,400,USD,2,2,40,0.8,0,"Public Store API reported 25 catalog products; 25 unique parent products were captured. No exact warehouse quantities were publicly exposed. 4 additional public variation records were not referenced by a current public parent; they are retained at medium confidence and explicitly marked as possibly stale/orphaned. Duplicate public offers were removed. Blank and placeholder zero prices are excluded from price statistics. Exact quantity is retained only when a positive public quantity field is explicitly exposed. Stock is a point-in-time storefront signal, not sales or warehouse inventory.",7.4,9,9,6,5.5,8.5,5.5,storefront-fallback,medium,"The public storefront loaded, but the screenshot did not expose a direct Reta product path. | Visible first-screen trust proof was limited in the captured viewport. | Average screenshot-capture time was 4400ms; the documented performance proxy scored 5.5/10.",,,https://sunday-usa.com/,"Traffic and GMV are modeled, not measured. Catalog and stock are point-in-time public observations."
ignitepeptides.com,A,false,,https://ignitepeptides.com/product/glp-3-rt-10mg/,2024-08-05,721,https://rdap.verisign.com/com/v1/domain/IGNITEPEPTIDES.COM,0,,,,https://rank.to/api/?d=ignitepeptides.com&n=30,,,,none,,,,1%,2%,3%,,,,,,,,Rank.to returned no rank history; traffic and revenue not modeled | Price clues are raw values parsed from a public page and may include variants/catalog/promotions,complete_public_woo_api,archived,2026-07-28T01:57:22.714Z,high,WooCommerce Store API | woocommerce_store_api_orphan_variation,34,38,38,10,50,170,USD,2,2,38,0.8947,0,"No exact public inventory quantity is exposed; quantity sum is blank. Duplicate public offers were removed. Blank and placeholder zero prices are excluded from price statistics. Exact quantity is retained only when a positive public quantity field is explicitly exposed. Stock is a point-in-time storefront signal, not sales or warehouse inventory.",7.17,7,8,8.5,7,8.5,4,reachable,,"The active 10mg PDP has clear product identity, price, quantity, add-to-cart action, RUO notice, and report thumbnails. | The mobile layout is coherent and preserves the primary decision block. | The site loaded slowly and analytical evidence is represented mainly as small gallery thumbnails.","Keep the active variant, price, quantity, and CTA together in the first mobile decision block.",Testing proof is too small to inspect without opening gallery media.,https://ignitepeptides.com/product/glp-3-rt-10mg/,"Traffic and GMV are modeled, not measured. Catalog and stock are point-in-time public observations."
greatestpeptides.com,A,false,,https://greatestpeptides.com/product/retatrutide-40-mg/,2025-11-23,246,https://rdap.verisign.com/com/v1/domain/GREATESTPEPTIDES.COM,0,,,,https://rank.to/api/?d=greatestpeptides.com&n=30,,,,none,,,,1%,2%,3%,,,,,,,,Rank.to returned no rank history; traffic and revenue not modeled | Price clues are raw values parsed from a public page and may include variants/catalog/promotions,complete_public_woo_api,archived,2026-07-28T01:57:22.714Z,high,WooCommerce Store API,37,37,37,8,55,260,USD,4,4,37,1,19,"Exact quantity sum aggregates only explicitly exposed offer-level units; it is not warehouse inventory and does not evidence sales. Duplicate public offers were removed. Blank and placeholder zero prices are excluded from price statistics. Exact quantity is retained only when a positive public quantity field is explicitly exposed. Stock is a point-in-time storefront signal, not sales or warehouse inventory.",8.08,8,6,8.5,10,8,8,reachable-cookie-obstruction,,"The PDP presents current-lot batch number, test date, lab, identity, purity, mass, endotoxin, residual solvent, and water-content results. | Price, stock, delivery, shipping protection, and CTA are visible in the purchase block. | A cookie panel obscures primary mobile content and several product images fail to appear in the long capture.",A current-lot proof card is more credible than a general COA badge.,The cookie panel and lazy media obstruct the initial mobile decision state.,https://greatestpeptides.com/product/retatrutide-40-mg/,"Traffic and GMV are modeled, not measured. Catalog and stock are point-in-time public observations."
peptide.express,B,false,,https://peptide.express/buy-retatrutide,2026-01-25,183,https://rdap.org/domain/peptide.express,0,,,,https://rank.to/api/?d=peptide.express&n=30,,,,none,,,,1%,2%,3%,,,,,,,,"Rank.to returned no rank history, so traffic, orders, and GMV are intentionally not estimated.",complete_public_sitemap_html,archived,2026-07-28T01:57:24.110Z,medium,Next.js public RSC product data | Product JSON-LD,24,37,37,5,60,200,USD,1,6,37,0.5676,18,"Exact quantity sum aggregates only explicitly exposed offer-level units; it is not warehouse inventory and does not evidence sales. Duplicate public offers were removed. Blank and placeholder zero prices are excluded from price statistics. Exact quantity is retained only when a positive public quantity field is explicitly exposed. Stock is a point-in-time storefront signal, not sales or warehouse inventory.",8.1,10,9,10,8,5.5,4.7,open-product,high,"Product heading, displayed price, and purchase CTA were visible. | COA, batch, or laboratory-testing proof was visible. | Average observed DOM-ready time was 4795ms; performance scored 4.7/10.",,,https://peptide.express/buy-retatrutide,"Traffic and GMV are modeled, not measured. Catalog and stock are point-in-time public observations."
true-peptides.com,C,false,,https://true-peptides.com/,2025-11-07,261,https://rdap.verisign.com/com/v1/domain/true-peptides.com,0,,,,https://rank.to/api/?d=true-peptides.com&n=30,,,,none,,,,1%,2%,3%,,,,,,,,"Modeled, not measured. Rank.to is an order-of-magnitude traffic model; GMV scenarios multiply modeled visits by assumed conversion and AOV, before refunds, chargebacks, taxes, or costs. No Rank.to history does not mean zero traffic.",complete_public_catalog,archived,2026-07-28T01:47:22.282209Z,high,next_rsc_public_catalog_variant,23,36,36,35,60.5,210,USD,1,4,36,0.2222,8,"23 products and 36 variants parsed from the public complete catalog payload; exact quantities were captured only from explicit inventory_quantity fields. Duplicate public offers were removed. Blank and placeholder zero prices are excluded from price statistics. Exact quantity is retained only when a positive public quantity field is explicitly exposed. Stock is a point-in-time storefront signal, not sales or warehouse inventory.",7.1,8.5,8,6.5,7,5.5,7,age-or-research-gate,medium,An uncrossed age or research-eligibility gate covered the first-load product experience. | The gate fit the 390px viewport with a readable decision path. | Hidden product content was excluded from product-clarity and conversion scoring.,,,https://true-peptides.com/,"Traffic and GMV are modeled, not measured. Catalog and stock are point-in-time public observations."
aminosequence.com,A,false,,https://aminosequence.com/products/,2023-11-19,981,https://rdap.verisign.com/com/v1/domain/AMINOSEQUENCE.COM,0,,,,https://rank.to/api/?d=aminosequence.com&n=30,,,,none,,,,1%,2%,3%,,,,,,,,Rank.to returned no rank history; traffic and revenue not modeled | No machine-readable public price clue captured; AOV remains cohort assumption only,complete_public_woo_api,archived,2026-07-28T01:57:22.714Z,high,WooCommerce Store API | woocommerce_store_api_orphan_variation,25,35,34,2,70,225,USD,2,4,35,1,0,"No exact public inventory quantity is exposed; quantity sum is blank. Duplicate public offers were removed. Blank and placeholder zero prices are excluded from price statistics. Exact quantity is retained only when a positive public quantity field is explicitly exposed. Stock is a point-in-time storefront signal, not sales or warehouse inventory.",,,,,,,,products-login-required,,The public homepage is responsive but visually dated. | The products route says Login to View Products. | No account was created and no PDP was available.,A direct product CTA should lead to useful catalog content or explain the access requirement first.,The main product CTA creates a login dead end for a new visitor.,https://aminosequence.com/products/,"Traffic and GMV are modeled, not measured. Catalog and stock are point-in-time public observations."
sunrisebioresearch.com,C,false,,https://sunrisebioresearch.com/,2025-06-24,397,https://rdap.verisign.com/com/v1/domain/sunrisebioresearch.com,0,,,,https://rank.to/api/?d=sunrisebioresearch.com&n=30,,,,none,,,,1%,2%,3%,,,,,,,,"Modeled, not measured. Rank.to is an order-of-magnitude traffic model; GMV scenarios multiply modeled visits by assumed conversion and AOV, before refunds, chargebacks, taxes, or costs. No Rank.to history does not mean zero traffic.",complete_public_catalog,archived,2026-07-28T01:53:31.092Z,high,woocommerce_store_api_product | woocommerce_store_api_orphan_variation,30,33,33,23.72,124.41,1000,USD,3,3,33,0.8182,24,"Public Store API reported 30 catalog products; 30 unique parent products were captured. 3 additional public variation records were not referenced by a current public parent; they are retained at medium confidence and explicitly marked as possibly stale/orphaned. Duplicate public offers were removed. Blank and placeholder zero prices are excluded from price statistics. Exact quantity is retained only when a positive public quantity field is explicitly exposed. Stock is a point-in-time storefront signal, not sales or warehouse inventory.",7.2,7.5,8,7.5,5.5,8,5.5,storefront-fallback,medium,"The public storefront loaded, but the screenshot did not expose a direct Reta product path. | Visible first-screen trust proof was limited in the captured viewport. | Average screenshot-capture time was 5761ms; the documented performance proxy scored 5.5/10.",,,https://sunrisebioresearch.com/,"Traffic and GMV are modeled, not measured. Catalog and stock are point-in-time public observations."
getprimelabs.com,A,false,,https://licensedpeptides.com/product/lp3-r/,2026-01-06,202,https://rdap.verisign.com/com/v1/domain/GETPRIMELABS.COM,0,,,,https://rank.to/api/?d=getprimelabs.com&n=30,,,,none,,,,1%,2%,3%,,,,,,,,Rank.to returned no rank history; traffic and revenue not modeled | Price clues are raw values parsed from a public page and may include variants/catalog/promotions,complete_public_shopify_feed,archived,2026-07-28T01:57:22.714Z,high,Shopify products.json | Shopify product JSON,32,32,32,13,61,170,USD,1,1,32,0.6875,0,"No exact public inventory quantity is exposed; quantity sum is blank. Duplicate public offers were removed. Blank and placeholder zero prices are excluded from price statistics. Exact quantity is retained only when a positive public quantity field is explicitly exposed. Stock is a point-in-time storefront signal, not sales or warehouse inventory.",8.33,8,8.5,9,8.5,9.5,6.5,redirected-to-licensed-peptides,,"The current destination gives a clear strength matrix, vial-count economics, per-vial price, subscription option, savings, CTA, and testing summary. | Analytical report thumbnails and purity, endotoxin, manufacturing, form, use, and storage summaries are visible. | The original domain redirects to a differently named store and the page presents many simultaneous choices.",Make bundle economics visual and show the best ongoing and best one-time options side by side.,Brand redirection plus choice density can make identity and selection harder than necessary.,https://licensedpeptides.com/product/glp3-retatrutide/?attribute_select-mg=50mg,"Traffic and GMV are modeled, not measured. Catalog and stock are point-in-time public observations."
researchchemhq.co,C,false,,https://researchchemhq.co/,2024-08-26,699,whois://whois.registry.co/researchchemhq.co,0,,,,https://rank.to/api/?d=researchchemhq.co&n=30,,,,none,,,,1%,2%,3%,,,,,,,,"Modeled, not measured. Rank.to is an order-of-magnitude traffic model; GMV scenarios multiply modeled visits by assumed conversion and AOV, before refunds, chargebacks, taxes, or costs. No Rank.to history does not mean zero traffic.",complete_public_catalog,archived,2026-07-28T01:41:14.037Z,high,woocommerce_store_api_product | woocommerce_store_api_variation_collection,29,32,32,4.99,49.99,299.99,USD,1,2,32,0.9688,30,"Public Store API reported 29 catalog products; 29 unique parent products were captured. Duplicate public offers were removed. Blank and placeholder zero prices are excluded from price statistics. Exact quantity is retained only when a positive public quantity field is explicitly exposed. Stock is a point-in-time storefront signal, not sales or warehouse inventory.",4.8,8,7,4,5.5,2,1.5,account-gate,medium,Account creation or sign-in blocked the public product experience; the gate was not crossed. | The account gate fit the 390px viewport without obvious horizontal overflow. | Hidden product content was excluded from product-clarity and conversion scoring.,,,https://researchchemhq.co/,"Traffic and GMV are modeled, not measured. Catalog and stock are point-in-time public observations."
nxtstate.co,B,false,,https://nxtstate.co/product/retatrutide/,2025-11-29,240,whois://nxtstate.co,0,,,,https://rank.to/api/?d=nxtstate.co&n=30,,,,none,,,,1%,2%,3%,,,,,,,,"Rank.to returned no rank history, so traffic, orders, and GMV are intentionally not estimated.",complete_public_woo_api,archived,2026-07-28T01:57:24.110Z,high,WooCommerce Store API,29,31,31,14.99,54.99,119.99,USD,1,1,31,0.9677,0,"Prior rendered UI state: browser-challenge. The catalog feed still responded to an anonymous GET without credentials; no gate was accepted. | No exact public inventory quantity is exposed; quantity sum is blank. Duplicate public offers were removed. Blank and placeholder zero prices are excluded from price statistics. Exact quantity is retained only when a positive public quantity field is explicitly exposed. Stock is a point-in-time storefront signal, not sales or warehouse inventory.",6.8,7,10,7,7,5,4,browser-challenge,low,A browser or connection-security interstitial replaced the storefront on desktop; the other viewport rendered. | Cross-viewport design and timing confidence is limited because the challenge was not bypassed.,,,https://nxtstate.co/product/retatrutide/,"Traffic and GMV are modeled, not measured. Catalog and stock are point-in-time public observations."
eternaaminos.com,A,false,,https://eternaaminos.com/,2025-09-11,319,https://rdap.verisign.com/com/v1/domain/ETERNAAMINOS.COM,0,,,,https://rank.to/api/?d=eternaaminos.com&n=30,,,,none,,,,1%,2%,3%,,,,,,,,Rank.to returned no rank history; traffic and revenue not modeled | No machine-readable public price clue captured; AOV remains cohort assumption only,complete_public_sitemap_html,archived,2026-07-28T01:57:22.714Z,medium,Public reference catalog HTML,12,29,0,,,,,1,6,0,,0,"No row exposes a machine-readable stock state. | No exact public inventory quantity is exposed; quantity sum is blank. Duplicate public offers were removed. Blank and placeholder zero prices are excluded from price statistics. Exact quantity is retained only when a positive public quantity field is explicitly exposed. Stock is a point-in-time storefront signal, not sales or warehouse inventory.",,,,,,,,ordering-disabled,,"The site explicitly says reference catalog open and ordering disabled. | The responsive page clearly explains that access, documentation, account, and fulfillment systems are still being built. | It is not a comparable active storefront.",Be explicit when commerce is not live instead of presenting nonfunctional controls.,There is no active purchase path to evaluate.,https://eternaaminos.com/,"Traffic and GMV are modeled, not measured. Catalog and stock are point-in-time public observations."
expertpeptides.com,A,false,,https://expertpeptides.com/retatrutide-12mg/,2023-09-21,1040,https://rdap.verisign.com/com/v1/domain/EXPERTPEPTIDES.COM,0,,,,https://rank.to/api/?d=expertpeptides.com&n=30,,,,none,,,,1%,2%,3%,,,,,,,,Rank.to returned no rank history; traffic and revenue not modeled | Price clues are raw values parsed from a public page and may include variants/catalog/promotions,complete_public_sitemap_html,archived,2026-07-28T01:57:22.714Z,medium,Product JSON-LD,26,29,29,9.99,69.99,699.99,USD,2,2,29,1,0,"No exact public inventory quantity is exposed; quantity sum is blank. Duplicate public offers were removed. Blank and placeholder zero prices are excluded from price statistics. Exact quantity is retained only when a positive public quantity field is explicitly exposed. Stock is a point-in-time storefront signal, not sales or warehouse inventory.",4,3,1,6,2.5,4.5,7,reachable-mobile-broken,,"The desktop PDP has a conventional image, price, stock, quantity, and add-to-cart block. | The mobile layout renders as a narrow desktop column with a large empty area to the right. | The page promotes a mixing help line while providing little visible product-level analytical proof.",Stock and same-day shipping are useful decision signals when kept close to the price.,The responsive layout is broken across the homepage and PDP.,https://expertpeptides.com/retatrutide-12mg/,"Traffic and GMV are modeled, not measured. Catalog and stock are point-in-time public observations."
spartalabs.net,C,false,,https://spartalabs.net/,2026-01-28,179,https://rdap.verisign.com/net/v1/domain/spartalabs.net,0,,,,https://rank.to/api/?d=spartalabs.net&n=30,,,,none,,,,1%,2%,3%,,,,,,,,"Modeled, not measured. Rank.to is an order-of-magnitude traffic model; GMV scenarios multiply modeled visits by assumed conversion and AOV, before refunds, chargebacks, taxes, or costs. No Rank.to history does not mean zero traffic.",complete_public_catalog,archived,2026-07-28T01:41:14.037Z,high,next_rsc_public_catalog_dose,12,28,28,30,85,225,USD,1,4,28,1,0,"12 product objects and 28 dose variants were parsed from the public server-rendered store payload. Duplicate public offers were removed. Blank and placeholder zero prices are excluded from price statistics. Exact quantity is retained only when a positive public quantity field is explicitly exposed. Stock is a point-in-time storefront signal, not sales or warehouse inventory.",8.7,8.5,9,10,7.5,9,7,open-product,high,"A direct Reta product page showed product imagery, strength selection, price, and an add-to-cart CTA. | Testing, review, purity, or shipping trust cues were visible in the captured viewport. | Average screenshot-capture time was 3501ms; the documented performance proxy scored 7/10.",,,https://spartalabs.net/us/products/retatrutide,"Traffic and GMV are modeled, not measured. Catalog and stock are point-in-time public observations."
compoundsciences.com,A,false,,https://compoundsciences.com/product/glp-3-rt-20/,2025-09-02,328,https://rdap.verisign.com/com/v1/domain/COMPOUNDSCIENCES.COM,0,,,,https://rank.to/api/?d=compoundsciences.com&n=30,,,,none,,,,1%,2%,3%,,,,,,,,Rank.to returned no rank history; traffic and revenue not modeled | Price clues are raw values parsed from a public page and may include variants/catalog/promotions,complete_public_woo_api,archived,2026-07-28T01:57:22.714Z,high,WooCommerce Store API,26,26,26,7.99,59.99,229.99,USD,3,3,26,0.9615,25,"Exact quantity sum aggregates only explicitly exposed offer-level units; it is not warehouse inventory and does not evidence sales. Duplicate public offers were removed. Blank and placeholder zero prices are excluded from price statistics. Exact quantity is retained only when a positive public quantity field is explicitly exposed. Stock is a point-in-time storefront signal, not sales or warehouse inventory.",7.5,6.5,9,8.5,3.5,8.5,9,reachable,,"The mobile PDP clearly presents image, strength, price, short specification list, stock, and add-to-cart action. | The layout is fast and uncluttered. | No batch identity, lab, test date, or COA is surfaced in the product view.",A simple mobile product stack can outperform a heavily decorated catalog.,The purchase case lacks visible analytical evidence.,https://compoundsciences.com/product/glp-3-rt-20/,"Traffic and GMV are modeled, not measured. Catalog and stock are point-in-time public observations."
peptidedeck.com,B,false,,https://www.peptidedeck.com/peptide-calculator/retatrutide-dosage,2025-12-01,238,https://rdap.org/domain/peptidedeck.com,0,,,,https://rank.to/api/?d=peptidedeck.com&n=30,,,,none,,,,1%,2%,3%,,,,,,,,"Rank.to returned no rank history, so traffic, orders, and GMV are intentionally not estimated.",complete_public_sitemap_html,archived,2026-07-28T01:57:24.110Z,medium,Next.js public RSC product data,26,26,26,40,67.49,199.99,USD,1,1,26,1,0,"No exact public inventory quantity is exposed; quantity sum is blank. Duplicate public offers were removed. Blank and placeholder zero prices are excluded from price statistics. Exact quantity is retained only when a positive public quantity field is explicitly exposed. Stock is a point-in-time storefront signal, not sales or warehouse inventory.",6.9,10,9,5.5,2.5,5.5,10,open-resource,high,"Average observed DOM-ready time was 1100ms with a 10/10 performance score. | The loaded page did not expose a clear price, purchase CTA. | No COA, batch, or laboratory-testing proof was visible.",,,https://www.peptidedeck.com/peptide-calculator/retatrutide-dosage,"Traffic and GMV are modeled, not measured. Catalog and stock are point-in-time public observations."
tidetopia.com,C,false,,https://tidetopia.com/,2026-03-27,121,https://rdap.verisign.com/com/v1/domain/tidetopia.com,0,,,,https://rank.to/api/?d=tidetopia.com&n=30,,,,none,,,,1%,2%,3%,,,,,,,,"Modeled, not measured. Rank.to is an order-of-magnitude traffic model; GMV scenarios multiply modeled visits by assumed conversion and AOV, before refunds, chargebacks, taxes, or costs. No Rank.to history does not mean zero traffic.",complete_public_catalog,archived,2026-07-28T01:41:14.037Z,high,shopify_public_products_json,26,26,26,40,55,150,USD,2,2,26,1,0,"26 products captured by exhausting public products.json pagination. Duplicate public offers were removed. Blank and placeholder zero prices are excluded from price statistics. Exact quantity is retained only when a positive public quantity field is explicitly exposed. Stock is a point-in-time storefront signal, not sales or warehouse inventory.",7.3,9.5,9,6,5.5,8,4,storefront-fallback,medium,"The public storefront loaded, but the screenshot did not expose a direct Reta product path. | Visible first-screen trust proof was limited in the captured viewport. | Average screenshot-capture time was 8046ms; the documented performance proxy scored 4/10.",,,https://tidetopia.com/,"Traffic and GMV are modeled, not measured. Catalog and stock are point-in-time public observations."
societypeptide.com,C,false,,https://societypeptide.com/,2026-03-25,123,https://rdap.verisign.com/com/v1/domain/societypeptide.com,0,,,,https://rank.to/api/?d=societypeptide.com&n=30,,,,none,,,,1%,2%,3%,,,,,,,,"Modeled, not measured. Rank.to is an order-of-magnitude traffic model; GMV scenarios multiply modeled visits by assumed conversion and AOV, before refunds, chargebacks, taxes, or costs. No Rank.to history does not mean zero traffic.",complete_public_catalog,archived,2026-07-28T01:41:14.037Z,high,woocommerce_store_api_product | woocommerce_store_api_variation_collection,20,25,25,15.99,59.99,149.99,USD,1,1,25,1,0,"Public Store API reported 20 catalog products; 20 unique parent products were captured. No exact warehouse quantities were publicly exposed. Duplicate public offers were removed. Blank and placeholder zero prices are excluded from price statistics. Exact quantity is retained only when a positive public quantity field is explicitly exposed. Stock is a point-in-time storefront signal, not sales or warehouse inventory.",5.5,7,5.5,5,6,4,5.5,age-or-research-gate,medium,An uncrossed age or research-eligibility gate covered the first-load product experience. | The gate was text-heavy or required scrolling in the 390px viewport. | Hidden product content was excluded from product-clarity and conversion scoring.,,,https://societypeptide.com/,"Traffic and GMV are modeled, not measured. Catalog and stock are point-in-time public observations."
agelessvitalitypeptides.com,A,false,,https://agelessvitalitypeptides.com/product/retatrutide-10mg/,2025-05-08,445,https://rdap.verisign.com/com/v1/domain/AGELESSVITALITYPEPTIDES.COM,0,,,,https://rank.to/api/?d=agelessvitalitypeptides.com&n=30,,,,none,,,,1%,2%,3%,,,,,,,,Rank.to returned no rank history; traffic and revenue not modeled | Price clues are raw values parsed from a public page and may include variants/catalog/promotions,complete_public_woo_api,archived,2026-07-28T01:57:22.714Z,high,WooCommerce Store API,22,24,24,15,59.5,139,USD,1,2,24,1,0,"No exact public inventory quantity is exposed; quantity sum is blank. Duplicate public offers were removed. Blank and placeholder zero prices are excluded from price statistics. Exact quantity is retained only when a positive public quantity field is explicitly exposed. Stock is a point-in-time storefront signal, not sales or warehouse inventory.",8.5,8,8.5,9,9.5,8.5,7.5,reachable,,"The mobile PDP keeps product name, price, strength, stock action, and research-only status easy to scan. | A complete COA is embedded directly below the core product block. | The mobile page becomes very long because the full footer and related products are expanded.",Put the actual analytical report in the PDP instead of relying on a generic testing claim.,The mobile page is longer than necessary and buries policy navigation in a large footer.,https://agelessvitalitypeptides.com/product/retatrutide-10mg/,"Traffic and GMV are modeled, not measured. Catalog and stock are point-in-time public observations."
ascendingpeptides.co,A,false,,https://ascendingpeptides.co/products/retatrutide,2026-04-04,114,whois.registry.co,0,,,,https://rank.to/api/?d=ascendingpeptides.co&n=30,,,,none,,,,1%,2%,3%,,,,,,,,Rank.to returned no rank history; traffic and revenue not modeled | Price clues are raw values parsed from a public page and may include variants/catalog/promotions,complete_public_sitemap_html,archived,2026-07-28T01:57:22.714Z,medium,Public storefront JavaScript catalog,18,22,22,8,42,120,USD,1,1,22,0.7273,0,"No exact public inventory quantity is exposed; quantity sum is blank. Duplicate public offers were removed. Blank and placeholder zero prices are excluded from price statistics. Exact quantity is retained only when a positive public quantity field is explicitly exposed. Stock is a point-in-time storefront signal, not sales or warehouse inventory.",8.05,8.8,8,8,9,6,8.5,reachable,,The PDP is visually distinct and pairs the product with a certificate summary and verification key. | The responsive layout remains coherent and readable. | Price and purchase action are not visible in the initial mobile viewport.,A restrained brand system can make analytical evidence feel central instead of bolted on.,The mobile PDP prioritizes a large image over price and action.,https://ascendingpeptides.co/products/retatrutide,"Traffic and GMV are modeled, not measured. Catalog and stock are point-in-time public observations."
evopeptidesus.com,A,false,,https://evopeptidesus.com/product/ep-3rt-15mg-2-pack/,2025-12-13,226,https://rdap.verisign.com/com/v1/domain/EVOPEPTIDESUS.COM,0,,,,https://rank.to/api/?d=evopeptidesus.com&n=30,,,,none,,,,1%,2%,3%,,,,,,,,Rank.to returned no rank history; traffic and revenue not modeled | Price clues are raw values parsed from a public page and may include variants/catalog/promotions,complete_public_woo_api,archived,2026-07-28T01:57:22.714Z,high,WooCommerce Store API,16,21,21,6.95,49.95,279.95,USD,2,2,21,0.6667,1,"Exact quantity sum aggregates only explicitly exposed offer-level units; it is not warehouse inventory and does not evidence sales. Duplicate public offers were removed. Blank and placeholder zero prices are excluded from price statistics. Exact quantity is retained only when a positive public quantity field is explicitly exposed. Stock is a point-in-time storefront signal, not sales or warehouse inventory.",6.92,7,6,7.5,7,7.5,6.5,reachable-broken-product-media,,"The product card clearly shows identity, price, stock, rewards, and add-to-cart action. | Research-use status is prominent above the PDP. | The main product media area is blank on both viewports and pushes the mobile action far below the fold.","Separate compliance, price, availability, and action into a compact decision card.",Broken or missing primary media consumes the most valuable PDP space.,https://evopeptidesus.com/product/ep-3rt-15mg-2-pack/,"Traffic and GMV are modeled, not measured. Catalog and stock are point-in-time public observations."
veloraresearch.com,C,false,,https://veloraresearch.com/,2025-09-11,318,https://rdap.verisign.com/com/v1/domain/veloraresearch.com,0,,,,https://rank.to/api/?d=veloraresearch.com&n=30,,,,none,,,,1%,2%,3%,,,,,,,,"Modeled, not measured. Rank.to is an order-of-magnitude traffic model; GMV scenarios multiply modeled visits by assumed conversion and AOV, before refunds, chargebacks, taxes, or costs. No Rank.to history does not mean zero traffic.",complete_public_catalog,archived,2026-07-28T01:41:14.037Z,high,woocommerce_store_api_variation_collection | woocommerce_store_api_product,17,20,20,12.99,69.99,170,USD,1,3,20,1,0,"Public Store API reported 17 catalog products; 17 unique parent products were captured. No exact warehouse quantities were publicly exposed. Duplicate public offers were removed. Blank and placeholder zero prices are excluded from price statistics. Exact quantity is retained only when a positive public quantity field is explicitly exposed. Stock is a point-in-time storefront signal, not sales or warehouse inventory.",8.1,9,9,7,9.5,8.5,4,storefront-fallback,medium,"The public storefront loaded, but the screenshot did not expose a direct Reta product path. | Testing, review, purity, or shipping trust cues were visible in the captured viewport. | Average screenshot-capture time was 8756ms; the documented performance proxy scored 4/10.",,,https://veloraresearch.com/,"Traffic and GMV are modeled, not measured. Catalog and stock are point-in-time public observations."
quantapeptides.com,C,false,,https://quantapeptides.com/,2026-06-07,49,https://rdap.verisign.com/com/v1/domain/quantapeptides.com,0,,,,https://rank.to/api/?d=quantapeptides.com&n=30,,,,none,,,,1%,2%,3%,,,,,,,,"Modeled, not measured. Rank.to is an order-of-magnitude traffic model; GMV scenarios multiply modeled visits by assumed conversion and AOV, before refunds, chargebacks, taxes, or costs. No Rank.to history does not mean zero traffic.",complete_public_catalog,archived,2026-07-28T01:41:14.037Z,high,next_rsc_public_catalog_product,13,13,13,69.99,99.99,329.99,USD,3,3,13,0.3846,0,"13 products parsed from the public shop payload; the rendered shop stated 13. Duplicate public offers were removed. Blank and placeholder zero prices are excluded from price statistics. Exact quantity is retained only when a positive public quantity field is explicitly exposed. Stock is a point-in-time storefront signal, not sales or warehouse inventory.",8.4,9.5,9,7.5,9,8,7,storefront-fallback,medium,"The public storefront loaded, but the screenshot did not expose a direct Reta product path. | Testing, review, purity, or shipping trust cues were visible in the captured viewport. | Average screenshot-capture time was 3051ms; the documented performance proxy scored 7/10.",,,https://quantapeptides.com/,"Traffic and GMV are modeled, not measured. Catalog and stock are point-in-time public observations."
epic-pep.com,A,false,,https://epic-pep.com/,2026-03-21,128,https://rdap.verisign.com/com/v1/domain/EPIC-PEP.COM,0,,,,https://rank.to/api/?d=epic-pep.com&n=30,,,,none,,,,1%,2%,3%,,,,,,,,Rank.to returned no rank history; traffic and revenue not modeled | Price clues are raw values parsed from a public page and may include variants/catalog/promotions,complete_public_sitemap_html,archived,2026-07-28T01:57:22.714Z,medium,Public static cart offer HTML,11,11,11,19.99,99.99,269,USD,2,2,11,1,0,"No exact public inventory quantity is exposed; quantity sum is blank. Duplicate public offers were removed. Blank and placeholder zero prices are excluded from price statistics. Exact quantity is retained only when a positive public quantity field is explicitly exposed. Stock is a point-in-time storefront signal, not sales or warehouse inventory.",7.92,9,8.5,7,9,7.5,6.5,reachable-single-page-catalog,,"The hero combines product identity, visible lot, purity result, lab accreditation claim, shipping promise, and catalog action. | The public page includes product pricing and add-to-cart actions in a single-page catalog. | No dedicated retatrutide PDP was located in this pass.","Make lot and analytical proof part of the hero, not a footer promise.",The single-page structure limits product-specific depth and comparison.,https://epic-pep.com/,"Traffic and GMV are modeled, not measured. Catalog and stock are point-in-time public observations."
labtrustpeptides.com,A,false,,https://labtrustpeptides.com/product/retatrutide/,2025-09-01,329,https://rdap.verisign.com/com/v1/domain/LABTRUSTPEPTIDES.COM,0,,,,https://rank.to/api/?d=labtrustpeptides.com&n=30,,,,none,,,,1%,2%,3%,,,,,,,,Rank.to returned no rank history; traffic and revenue not modeled | Price clues are raw values parsed from a public page and may include variants/catalog/promotions,complete_public_woo_api,archived,2026-07-28T01:57:22.714Z,high,WooCommerce Store API,11,11,11,12.99,84.99,149.99,USD,1,1,11,1,0,"No exact public inventory quantity is exposed; quantity sum is blank. Duplicate public offers were removed. Blank and placeholder zero prices are excluded from price statistics. Exact quantity is retained only when a positive public quantity field is explicitly exposed. Stock is a point-in-time storefront signal, not sales or warehouse inventory.",7.58,6.5,7.5,8,8,8,7.5,reachable,,"The PDP presents sale price, stock framing, quantity discounts, COA gallery media, review signal, and add-to-cart action near the top. | The quality section specifies LCMS, heavy metals, endotoxin, sterility, and batch consistency expectations. | The mobile page is text-dense and several homepage product images are blank in the capture.",Use a quality-comparison table to show exactly how verification differs from a generic market claim.,Dense copy and lazy image gaps reduce scan speed on mobile.,https://labtrustpeptides.com/product/retatrutide/,"Traffic and GMV are modeled, not measured. Catalog and stock are point-in-time public observations."
ascensionlabs.bio,A,false,,https://ascensionlabs.bio/,2026-02-13,164,https://rdap.identitydigital.services/rdap/domain/ascensionlabs.bio,0,,,,https://rank.to/api/?d=ascensionlabs.bio&n=30,,,,none,,,,1%,2%,3%,,,,,,,,Rank.to returned no rank history; traffic and revenue not modeled | Price clues are raw values parsed from a public page and may include variants/catalog/promotions,partial_public_html,archived,2026-07-28T01:57:22.714Z,low,Product JSON-LD,10,10,10,15,67.49,109.99,USD,1,1,10,0.8,0,"Prior rendered UI state: age-and-research-gate. Fields came only from the initial anonymous GET response; no gate was accepted and no form data was entered. | No exact public inventory quantity is exposed; quantity sum is blank. Duplicate public offers were removed. Blank and placeholder zero prices are excluded from price statistics. Exact quantity is retained only when a positive public quantity field is explicitly exposed. Stock is a point-in-time storefront signal, not sales or warehouse inventory.",,,,,,,,age-and-research-gate,,A research-compliance gate covers the storefront. | The retatrutide search route did not produce a product result. | No attestation was made.,Compliance language is easier to absorb when it is grouped into one clear panel.,The search URL repeats the homepage state and provides no product-level feedback.,https://ascensionlabs.bio/,"Traffic and GMV are modeled, not measured. Catalog and stock are point-in-time public observations."
uspeptidescience.com,C,false,,https://uspeptidescience.com/,2026-03-13,135,https://rdap.verisign.com/com/v1/domain/uspeptidescience.com,0,,,,https://rank.to/api/?d=uspeptidescience.com&n=30,,,,none,,,,1%,2%,3%,,,,,,,,"Modeled, not measured. Rank.to is an order-of-magnitude traffic model; GMV scenarios multiply modeled visits by assumed conversion and AOV, before refunds, chargebacks, taxes, or costs. No Rank.to history does not mean zero traffic.",complete_public_catalog,archived,2026-07-28T01:41:14.037Z,high,next_rsc_public_catalog_variant,4,7,7,10,65,115,USD,1,3,7,0.8571,6,"4 products and 7 variants parsed from the public shop payload. Duplicate public offers were removed. Blank and placeholder zero prices are excluded from price statistics. Exact quantity is retained only when a positive public quantity field is explicitly exposed. Stock is a point-in-time storefront signal, not sales or warehouse inventory.",5.9,7,7,5.5,6.5,4,5.5,age-or-research-gate,medium,An uncrossed age or research-eligibility gate covered the first-load product experience. | The gate fit the 390px viewport with a readable decision path. | Hidden product content was excluded from product-clarity and conversion scoring.,,,https://uspeptidescience.com/,"Traffic and GMV are modeled, not measured. Catalog and stock are point-in-time public observations."
ascensionlabsusa.com,A,false,,https://ascensionlabsusa.com/,2025-11-24,245,https://rdap.verisign.com/com/v1/domain/ASCENSIONLABSUSA.COM,0,,,,https://rank.to/api/?d=ascensionlabsusa.com&n=30,,,,none,,,,1%,2%,3%,,,,,,,,Rank.to returned no rank history; traffic and revenue not modeled | No machine-readable public price clue captured; AOV remains cohort assumption only,partial_public_html,archived,2026-07-28T01:57:22.714Z,low,Product JSON-LD,6,6,6,39.99,72.49,499.99,USD,0,0,6,1,0,"18 product pages failed | No exact public inventory quantity is exposed; quantity sum is blank. Duplicate public offers were removed. Blank and placeholder zero prices are excluded from price statistics. Exact quantity is retained only when a positive public quantity field is explicitly exposed. Stock is a point-in-time storefront signal, not sales or warehouse inventory.",,,,,,,,cloudflare-block,,Both viewports remained on Cloudflare security verification. | The mobile challenge content overflows horizontally. | No challenge was solved.,Security interstitials must be included in mobile QA.,The only observable mobile state is both blocked and horizontally clipped.,https://ascensionlabsusa.com/,"Traffic and GMV are modeled, not measured. Catalog and stock are point-in-time public observations."
directpeptides.com,main-company-gap,true,active-us-facing,https://directpeptides.com/,2012-10-02,5047,https://rdap.verisign.com/com/v1/domain/DIRECTPEPTIDES.COM,0,,,,https://rank.to/api/?d=directpeptides.com&n=30,,,,none,,,,,,,,,,,,,,No public rank history was available. Unknown traffic is not zero traffic.,partial_public_first_party_pages,static,2026-07-28T19:27:08.058Z,medium,Anonymous public first-party product page,1,1,1,139,139,139,USD,1,1,0,,0,"This is a bounded first-party page snapshot captured July 28, 2026, not a live feed or complete catalog enumeration. No account, gate, cart, or transaction was used. Duplicate public offers were removed. Blank and placeholder zero prices are excluded from price statistics. Exact quantity is retained only when a positive public quantity field is explicitly exposed. Stock is a point-in-time storefront signal, not sales or warehouse inventory.",,,,,,,,,,,,,,"Traffic and GMV are modeled, not measured. Catalog and stock are point-in-time public observations."
advancedresearchpep.com,A,false,,https://advancedresearchpep.com/product/retatrutide/,2023-05-17,1167,https://rdap.verisign.com/com/v1/domain/ADVANCEDRESEARCHPEP.COM,0,,,,https://rank.to/api/?d=advancedresearchpep.com&n=30,,,,none,,,,1%,2%,3%,,,,,,,,Rank.to returned no rank history; traffic and revenue not modeled | No machine-readable public price clue captured; AOV remains cohort assumption only,gated_or_account_walled_unknown,archived,2026-07-28T01:57:22.714Z,unknown,,0,0,0,,,,,0,0,0,,0,"products.json returned HTTP 202 or non-catalog content | HTTP 202; expected a JSON array | No parseable public product offers found. | Prior UI state: security-challenge. | No gate was accepted, no account was created, and no inventory was inferred. Duplicate public offers were removed. Blank and placeholder zero prices are excluded from price statistics. Exact quantity is retained only when a positive public quantity field is explicitly exposed. Stock is a point-in-time storefront signal, not sales or warehouse inventory.",,,,,,,,security-challenge,,"Desktop homepage and PDP requests were held on a SiteGround connection-security challenge. | One mobile homepage pass rendered only a sparse hero, while the mobile PDP became blank. | No challenge was solved and no store state was inferred.",Security controls need a reliable path for legitimate browsers on every viewport.,Public product discovery is inconsistent across desktop and mobile.,https://advancedresearchpep.com/product/retatrutide/,"Traffic and GMV are modeled, not measured. Catalog and stock are point-in-time public observations."
alphacarbonlabs.com,A,false,,https://alphacarbonlabs.com/,2025-09-24,306,https://rdap.verisign.com/com/v1/domain/ALPHACARBONLABS.COM,0,,,,https://rank.to/api/?d=alphacarbonlabs.com&n=30,,,,none,,,,1%,2%,3%,,,,,,,,Rank.to returned no rank history; traffic and revenue not modeled | Price clues are raw values parsed from a public page and may include variants/catalog/promotions,public_catalog_unresolved_unknown,archived,2026-07-28T01:57:22.714Z,unknown,,0,0,0,,,,,0,0,0,,0,"products.json returned HTTP 404 or non-catalog content | HTTP 200; expected a JSON array | fetch failed | No parseable public product offers found. | Prior UI state: blank. | No gate was accepted, no account was created, and no inventory was inferred. Duplicate public offers were removed. Blank and placeholder zero prices are excluded from price statistics. Exact quantity is retained only when a positive public quantity field is explicitly exposed. Stock is a point-in-time storefront signal, not sales or warehouse inventory.",,,,,,,,blank,,Both desktop and mobile navigations resolved to an empty white page. | No product page could be observed.,A branded error or maintenance state is better than a silent blank page.,The storefront renders no usable public interface.,https://alphacarbonlabs.com/,"Traffic and GMV are modeled, not measured. Catalog and stock are point-in-time public observations."
matteprotocol.com,B,false,,https://matteprotocol.com/,2026-05-06,82,https://rdap.org/domain/matteprotocol.com,0,,,,https://rank.to/api/?d=matteprotocol.com&n=30,,,,none,,,,1%,2%,3%,,,,,,,,"Rank.to returned no rank history, so traffic, orders, and GMV are intentionally not estimated.",gated_or_account_walled_unknown,archived,2026-07-28T01:57:24.110Z,unknown,,0,0,0,,,,,0,0,0,,0,"products.json returned HTTP 202 or non-catalog content | HTTP 202; expected a JSON array | No parseable public product offers found. | Prior UI state: browser-challenge. | No gate was accepted, no account was created, and no inventory was inferred. Duplicate public offers were removed. Blank and placeholder zero prices are excluded from price statistics. Exact quantity is retained only when a positive public quantity field is explicitly exposed. Stock is a point-in-time storefront signal, not sales or warehouse inventory.",2.4,4,3,1.5,2,1.5,2.5,browser-challenge,low,"A browser or connection-security interstitial replaced the storefront in both tested viewports. | Product clarity, trust, conversion, and timing could not be reliably evaluated without bypassing the challenge.",,,https://matteprotocol.com/,"Traffic and GMV are modeled, not measured. Catalog and stock are point-in-time public observations."
olympicpeptide.com,B,false,,https://olympicpeptide.com/,2024-09-20,675,https://rdap.org/domain/olympicpeptide.com,0,,,,https://rank.to/api/?d=olympicpeptide.com&n=30,,,,none,,,,1%,2%,3%,,,,,,,,"Rank.to returned no rank history, so traffic, orders, and GMV are intentionally not estimated.",public_catalog_unresolved_unknown,archived,2026-07-28T01:57:24.110Z,unknown,,0,0,0,,,,,0,0,0,,0,"products.json returned HTTP 202 or non-catalog content | HTTP 202; expected a JSON array | No parseable public product offers found. | Prior UI state: storefront-fallback. | No gate was accepted, no account was created, and no inventory was inferred. Duplicate public offers were removed. Blank and placeholder zero prices are excluded from price statistics. Exact quantity is retained only when a positive public quantity field is explicitly exposed. Stock is a point-in-time storefront signal, not sales or warehouse inventory.",6.5,7.5,8,4.5,4,7.5,7.8,storefront-fallback,medium,"The loaded page did not expose a clear Reta/product heading, purchase CTA. | No COA, batch, or laboratory-testing proof was visible. | Average observed DOM-ready time was 2683ms; performance scored 7.8/10.",,,https://olympicpeptide.com/,"Traffic and GMV are modeled, not measured. Catalog and stock are point-in-time public observations."
paradigmpeptides.is,B,false,,https://paradigmpeptides.is/,2025-02-26,516,https://rdap.org/domain/paradigmpeptides.is,0,,,,https://rank.to/api/?d=paradigmpeptides.is&n=30,,,,none,,,,1%,2%,3%,,,,,,,,"Rank.to returned no rank history, so traffic, orders, and GMV are intentionally not estimated.",gated_or_account_walled_unknown,archived,2026-07-28T01:57:24.110Z,unknown,,0,0,0,,,,,0,0,0,,0,"products.json returned HTTP 202 or non-catalog content | HTTP 202; expected a JSON array | No parseable public product offers found. | Prior UI state: browser-challenge. | No gate was accepted, no account was created, and no inventory was inferred. Duplicate public offers were removed. Blank and placeholder zero prices are excluded from price statistics. Exact quantity is retained only when a positive public quantity field is explicitly exposed. Stock is a point-in-time storefront signal, not sales or warehouse inventory.",2.5,4,3,2,2,1.5,2.5,browser-challenge,low,"A browser or connection-security interstitial replaced the storefront in both tested viewports. | Product clarity, trust, conversion, and timing could not be reliably evaluated without bypassing the challenge.",,,https://paradigmpeptides.is/,"Traffic and GMV are modeled, not measured. Catalog and stock are point-in-time public observations."
peptidelabsinc.com,C,false,,https://peptidelabsinc.com/,2025-09-26,303,https://rdap.verisign.com/com/v1/domain/peptidelabsinc.com,0,,,,https://rank.to/api/?d=peptidelabsinc.com&n=30,,,,none,,,,1%,2%,3%,,,,,,,,"Modeled, not measured. Rank.to is an order-of-magnitude traffic model; GMV scenarios multiply modeled visits by assumed conversion and AOV, before refunds, chargebacks, taxes, or costs. No Rank.to history does not mean zero traffic.",gated_public_catalog_unknown,archived,2026-07-28T01:41:14.037Z,low,,0,0,0,,,,,0,0,0,,0,"Anonymous GET terminated at a public browser/security gate (HTTP 202); no gate was crossed and catalog/pricing remain unknown. Duplicate public offers were removed. Blank and placeholder zero prices are excluded from price statistics. Exact quantity is retained only when a positive public quantity field is explicitly exposed. Stock is a point-in-time storefront signal, not sales or warehouse inventory.",2.5,4,3,2,2,1.5,2.5,browser-challenge,low,"A browser or connection-security interstitial replaced the storefront in both tested viewports. | Product clarity, trust, conversion, and timing could not be reliably evaluated without bypassing the challenge.",,,https://peptidelabsinc.com/,"Traffic and GMV are modeled, not measured. Catalog and stock are point-in-time public observations."
peptomiq.com,C,false,,https://peptomiq.com/,2026-01-13,194,https://rdap.verisign.com/com/v1/domain/peptomiq.com,0,,,,https://rank.to/api/?d=peptomiq.com&n=30,,,,none,,,,1%,2%,3%,,,,,,,,"Modeled, not measured. Rank.to is an order-of-magnitude traffic model; GMV scenarios multiply modeled visits by assumed conversion and AOV, before refunds, chargebacks, taxes, or costs. No Rank.to history does not mean zero traffic.",unresolved_transport_failure,archived,2026-07-28T01:41:14.037Z,low,,0,0,0,,,,,0,0,0,,0,"Anonymous GET could not reach a parseable public catalog (HTTP 0; TypeError: fetch failed); product, price, and inventory fields remain unknown. Duplicate public offers were removed. Blank and placeholder zero prices are excluded from price statistics. Exact quantity is retained only when a positive public quantity field is explicitly exposed. Stock is a point-in-time storefront signal, not sales or warehouse inventory.",0.5,1,1,0,0,0,1,blank-response,low,"Both tested viewports rendered blank or unusable first-load captures. | No public product hierarchy, trust cue, or conversion path was observable.",,,https://peptomiq.com/,"Traffic and GMV are modeled, not measured. Catalog and stock are point-in-time public observations."
purepeps.com,C,false,,https://purepeps.com/,2018-12-05,2790,https://rdap.verisign.com/com/v1/domain/purepeps.com,0,,,,https://rank.to/api/?d=purepeps.com&n=30,,,,none,,,,1%,2%,3%,,,,,,,,"Modeled, not measured. Rank.to is an order-of-magnitude traffic model; GMV scenarios multiply modeled visits by assumed conversion and AOV, before refunds, chargebacks, taxes, or costs. No Rank.to history does not mean zero traffic.",gated_public_catalog_unknown,archived,2026-07-28T01:41:14.037Z,low,,0,0,0,,,,,0,0,0,,0,"Anonymous GET terminated at a public browser/security gate (HTTP 202); no gate was crossed and catalog/pricing remain unknown. Duplicate public offers were removed. Blank and placeholder zero prices are excluded from price statistics. Exact quantity is retained only when a positive public quantity field is explicitly exposed. Stock is a point-in-time storefront signal, not sales or warehouse inventory.",2.5,4,3,2,2,1.5,2.5,browser-challenge,low,"A browser or connection-security interstitial replaced the storefront in both tested viewports. | Product clarity, trust, conversion, and timing could not be reliably evaluated without bypassing the challenge.",,,https://purepeps.com/,"Traffic and GMV are modeled, not measured. Catalog and stock are point-in-time public observations."
spusa-labs.com,C,false,,https://spusa-labs.com/,2026-01-17,190,https://rdap.verisign.com/com/v1/domain/spusa-labs.com,0,,,,https://rank.to/api/?d=spusa-labs.com&n=30,,,,none,,,,1%,2%,3%,,,,,,,,"Modeled, not measured. Rank.to is an order-of-magnitude traffic model; GMV scenarios multiply modeled visits by assumed conversion and AOV, before refunds, chargebacks, taxes, or costs. No Rank.to history does not mean zero traffic.",unresolved_transport_failure,archived,2026-07-28T01:41:14.037Z,low,,0,0,0,,,,,0,0,0,,0,"Anonymous GET could not reach a parseable public catalog (HTTP 0; TypeError: fetch failed); product, price, and inventory fields remain unknown. Duplicate public offers were removed. Blank and placeholder zero prices are excluded from price statistics. Exact quantity is retained only when a positive public quantity field is explicitly exposed. Stock is a point-in-time storefront signal, not sales or warehouse inventory.",0.5,1,1,0,0,0,1,blank-response,low,"Both tested viewports rendered blank or unusable first-load captures. | No public product hierarchy, trust cue, or conversion path was observable.",,,https://spusa-labs.com/,"Traffic and GMV are modeled, not measured. Catalog and stock are point-in-time public observations."
trypureonepeptides.com,C,false,,https://trypureonepeptides.com/,2026-01-29,178,https://rdap.verisign.com/com/v1/domain/trypureonepeptides.com,0,,,,https://rank.to/api/?d=trypureonepeptides.com&n=30,,,,none,,,,1%,2%,3%,,,,,,,,"Modeled, not measured. Rank.to is an order-of-magnitude traffic model; GMV scenarios multiply modeled visits by assumed conversion and AOV, before refunds, chargebacks, taxes, or costs. No Rank.to history does not mean zero traffic.",unresolved_transport_failure,archived,2026-07-28T01:41:14.037Z,low,,0,0,0,,,,,0,0,0,,0,"Anonymous GET could not reach a parseable public catalog (HTTP 0; TimeoutError: The operation was aborted due to timeout); product, price, and inventory fields remain unknown. Duplicate public offers were removed. Blank and placeholder zero prices are excluded from price statistics. Exact quantity is retained only when a positive public quantity field is explicitly exposed. Stock is a point-in-time storefront signal, not sales or warehouse inventory.",0.5,1,1,0,0,0,1,blank-response,low,"Both tested viewports rendered blank or unusable first-load captures. | The original captures timed out, and one bounded retry remained blank.",,,https://trypureonepeptides.com/,"Traffic and GMV are modeled, not measured. Catalog and stock are point-in-time public observations."
vigorpeptides.com,C,false,,https://vigorpeptides.com/,2023-07-21,1101,https://rdap.verisign.com/com/v1/domain/vigorpeptides.com,0,,,,https://rank.to/api/?d=vigorpeptides.com&n=30,,,,none,,,,1%,2%,3%,,,,,,,,"Modeled, not measured. Rank.to is an order-of-magnitude traffic model; GMV scenarios multiply modeled visits by assumed conversion and AOV, before refunds, chargebacks, taxes, or costs. No Rank.to history does not mean zero traffic.",gated_public_catalog_unknown,archived,2026-07-28T01:41:14.037Z,low,,0,0,0,,,,,0,0,0,,0,"Anonymous GET terminated at a public browser/security gate (HTTP 202); no gate was crossed and catalog/pricing remain unknown. Duplicate public offers were removed. Blank and placeholder zero prices are excluded from price statistics. Exact quantity is retained only when a positive public quantity field is explicitly exposed. Stock is a point-in-time storefront signal, not sales or warehouse inventory.",2.5,4,3,2,2,1.5,2.5,browser-challenge,low,"A browser or connection-security interstitial replaced the storefront in both tested viewports. | Product clarity, trust, conversion, and timing could not be reliably evaluated without bypassing the challenge.",,,https://vigorpeptides.com/,"Traffic and GMV are modeled, not measured. Catalog and stock are point-in-time public observations."
