ID,Lane,Source file,Section,Source,URL,Source date,Evidence grade,Extracted information,Accessed
SRC-001,Brand and offer teardown | Companies and founder media | Viability Economics Exit,brand-offer-teardown.md | company-models-founder-media.md | viability-economics-exit.md,"Peptide brand and offer teardown > The 10-brand offer table | 2026 Peptide Company Landscape > A. RUO and catalog ecommerce > 10. APEX Peptides | Peptide viability, economics, and exit reality > Current cost evidence",APEX Peptides | Current APEX copy,https://apexpepts.com/,2026 | May 2026,C/B,"Peptira Fact: laboratory and independent research buyers. Positioning is ""purity you can prove,"" with same-day US shipping, measured vial content, and third-party testing. Fact: broad research catalog plus a searchable COA library. Current public copy makes proof and fulfillment the hero, not a specific molecule. Fact: broad single-vial catalog; the earlier July shop snapshot showed BPC-157 10mg at $49 and GHK-Cu 50mg at $39. The current site gates product details behind login and uses frequent promotions. Affiliate page now has Partner and Supporter tiers, with Partner status after $5,000 referred sales in a month and downgrade below $2,500. Exact current commission is not public. Offline P || - Evidence: C. BS risk: 4/5. 10. APEX Peptides - Facts: The active 2026 site advertises third-party testing, cGMP compliance, research stacks saving up to 20%, a 60-second quiz, a how-to guide, and U.S.-based support. - Growth and retention: Public affiliate terms offer 10% per sale, 15% on subscription referrals, and 10% off for the referred customer. Subscribe and Save takes another 10% off. Accounts, bundles, member perks, and email support recurrence. || Product A turnkey white-label catalog showed examples around one-third of suggested retail before discounts; Braden privately reports $3 to $4 source vials Model 13% to 28% combined landed product, packaging, and test allocation; do not use the private quote until invoices and specifications reconcile B/D Lot testing Freedom Diagno",2026-07-26
SRC-002,Brand and offer teardown | Companies and founder media | Master operating dossier,brand-offer-teardown.md | company-models-founder-media.md | peptide-company-master-dossier.md,Peptide brand and offer teardown > The 10-brand offer table | 2026 Peptide Company Landscape > A. RUO and catalog ecommerce > 2. Peptira | Noli peptide company master dossier > Growth truth from companies and forums > Affiliate economics,Affiliate page | affiliate program | Peptira,https://peptira.com/affiliates/,"June 2, 2025","","Brand Audience and positioning Hero offer Catalog, price, and continuity --- --- --- --- Peptira Fact: laboratory and independent research buyers. Positioning is ""purity you can prove,"" with same-day US shipping, measured vial content, and third-party testing. Fact: broad research catalog plus a searchable COA library. Current public copy makes proof and fulfillment the hero, not a specific molecule. Fact: broad single-vial catalog; the earlier July shop snapshot showed BPC-157 10mg at $49 and GHK-Cu 50mg at $39. The current site gates product details behind login and uses frequent promotions. Affiliate page now has Partner and Supporter tiers, with Partner status after $5,000 referred sales || - Facts: The shop displayed 83 results, including BPC-157 10mg at $49 and GHK-Cu 50mg at $39. The testing library is searchable by batch and includes current and historical reports. A BBB profile names Benjamin Criss and a June 2, 2025 start date. - Growth and retention: The current affiliate program offers Partner and Supporter paths. It says $5,000 in calendar-month referred sales upgrades an affiliate to Partner and finishing below $2,500 moves the affiliate back to Supporter. Exact current rates are not public. The free Peptira Partners group had about 103 members when inspected. Founder Ben Criss co-hosts the Beyond the Vial podcast. - Scale signal: Broad young catalog, a live affiliate || - American Peptides: 10% starter, tiers through 25%, with higher advertised elite tiers, 30-",2026-07-26
SRC-003,Brand and offer teardown | Companies and founder media,brand-offer-teardown.md | company-models-founder-media.md,Peptide brand and offer teardown > The 10-brand offer table | 2026 Peptide Company Landscape > A. RUO and catalog ecommerce > 2. Peptira,COA library | testing library,https://peptira.com/test-results/,"June 2, 2025","","Brand Audience and positioning Hero offer Catalog, price, and continuity --- --- --- --- Peptira Fact: laboratory and independent research buyers. Positioning is ""purity you can prove,"" with same-day US shipping, measured vial content, and third-party testing. Fact: broad research catalog plus a searchable COA library. Current public copy makes proof and fulfillment the hero, not a specific molecule. Fact: broad single-vial catalog; the earlier July shop snapshot showed BPC-157 10mg at $49 and GHK-Cu 50mg at $39. The current site gates product details behind login and uses frequent promotions. Affiliate page now has Partner and Supporter tiers, with Partner status after $5,000 referred sales || 2. Peptira - Facts: The shop displayed 83 results, including BPC-157 10mg at $49 and GHK-Cu 50mg at $39. The testing library is searchable by batch and includes current and historical reports. A BBB profile names Benjamin Criss and a June 2, 2025 start date. - Growth and retention: The current affiliate program offers Partner and Supporter paths. It says $5,000 in calendar-month referred sales upgrades an affiliate to Partner and finishing below $2,500 moves the affiliate back to Supporter. Exact current rates are not public. The free Peptira Partners group had about 103 members when inspected. Founder Ben Criss co-hosts the Beyond the Vial podcast. - Scale signal: Broad young catalog, a liv",2026-07-26
SRC-004,Brand and offer teardown | Companies and founder media,brand-offer-teardown.md | company-models-founder-media.md,Peptide brand and offer teardown > The 10-brand offer table | 2026 Peptide Company Landscape > A. RUO and catalog ecommerce > 11. Chameleon Peptides,Chameleon Peptides,https://chameleonpeptides.com/,July 2026,C,"Offline Peptides Fact: independent and qualified research buyers. Positioning is an education-first, traceable US research supplier. Fact: third-party-tested catalog, downloadable batch COAs, free shipping above $250, and a simple ""trusted source for research-only peptides"" promise. Fact: accessible single-vial pricing, quantity tiers, a $15 give and 15% get referral, 10% first-order email offer, VIP, and email plus SMS. The current affiliate program pays 20% on the first order and 10% on that customer's later orders, with a 30-day initial cookie. APEX Peptides Fact: US research buyers who want selection help and replenishment. Positioning combines lab proof with a conversion-oriented shoppi || - Evidence: C. BS risk: 3/5. 11. Chameleon Peptides - Facts: BPC-157 5mg was listed from $34.20 and a BPC-157 plus TB-500 blend from $63.90. The testing page exposes direct Janoshik verification links and batch-specific results. The site showed 122 Trustpilot reviews in July 2026. - Growth and retention: Strong packaging, a vial case, a welcome card with discount code, small extras, fast dispatch, rewards, founder-level service, and testimonial-led social proof. No public affiliate terms were found.",2026-07-26
SRC-005,Brand and offer teardown | Companies and founder media,brand-offer-teardown.md | company-models-founder-media.md,Peptide brand and offer teardown > The 10-brand offer table | 2026 Peptide Company Landscape > C. Licensed telehealth and concierge models > 19. Feel Peptides,Feel Peptides,https://feelpeptides.com/,"","","Chameleon Peptides Fact: value-aware research buyers who still care about verification and service. Positioning is ""research peptides you can verify."" Fact: direct Janoshik verification links sit near the hero, followed by public batch results, a Trustpilot feed, and the physical unboxing experience. Fact: BPC-157 begins at $34.20, a BPC-157 plus TB-500 blend at $63.90, and larger variants reach bulk order values. Every shipment is presented with a branded mailer, protective vial case, welcome card, discount code, and small extras. Retention is service, packaging, rewards, and repeat trust rather than a public subscription. ResearchChemHQ Fact: independent researchers, academic institutions, || C. Licensed telehealth and concierge models 19. Feel Peptides - Facts: Consumer prescription storefront organized around Feel Energy, Balance, Youth, Performance, and Love. Visible prices include PT-141 10mg at $255, GHK-Cu 50mg at $273, NAD+ 500mg at $327, Sermorelin 10mg at $328, and MOTS-C 50mg at $540. Some products explicitly show a Qualiphy prescription requirement. - Growth and retention: The affiliate system offers referral, influencer, practitioner or brand-partner, and retail tracks, with a dashboard, approved assets, monthly payouts, and a rule against medical claims. Exact commission rates are not public. Email and branded goal categories support lifecycle marketing.",2026-07-26
SRC-006,Brand and offer teardown | Companies and founder media | Master operating dossier,brand-offer-teardown.md | company-models-founder-media.md | peptide-company-master-dossier.md,Peptide brand and offer teardown > The 10-brand offer table | 2026 Peptide Company Landscape > C. Licensed telehealth and concierge models > 20. NOHO Labs | Noli peptide company master dossier > Brand strategy > Three category archetypes,NOHO Labs | Noho Labs,https://noholabs.com/,"",B,"ResearchChemHQ Fact: independent researchers, academic institutions, and qualified laboratories. Positioning is restricted, verified research access. Fact: members-only purchase access, a multi-lab testing history, batch search, same-day shipping, and an unusually candid payment FAQ. Fact: the catalog is visible, but account creation is required to buy. Registration requests identity, phone, date of birth, business type, 21+ acknowledgment, and RUO agreement. VIP email, loyalty points, order history, and late-delivery credit support repeat purchase. Payment options vary with processor availability. Feel Peptides Fact: wellness consumers who think in desired states, not molecules. The site or || - Evidence: B. BS risk: 3/5. 20. NOHO Labs - Facts: Premium concierge membership spanning performance, immune support, mood and sleep, healthy aging, and beauty. The peptide page describes licensed-clinician review, accredited independent testing for identity, potency, sterility, and endotoxin, and sourcing from FDA-inspected facilities. Current public pricing was not found. - Growth and retention: A recurring membership includes clinical access and a monthly wallet for products. Terms say unused wallet balance expires monthly and that medications, supply, and fees can sit outside the membership. The site explicitly bars compensation for ordinary member referral codes. || 3. Premium guided wellness: emotional benefits, expert access, content, community, and membership. Feel Peptides is",2026-07-26
SRC-007,Brand and offer teardown | Companies and founder media,brand-offer-teardown.md | company-models-founder-media.md,Peptide brand and offer teardown > The 10-brand offer table | 2026 Peptide Company Landscape > A. RUO and catalog ecommerce > 3. Offline Peptides,Offline Peptides,https://offlinepeptides.com/,"January 5, 2026",A,"--- --- --- --- Peptira Fact: laboratory and independent research buyers. Positioning is ""purity you can prove,"" with same-day US shipping, measured vial content, and third-party testing. Fact: broad research catalog plus a searchable COA library. Current public copy makes proof and fulfillment the hero, not a specific molecule. Fact: broad single-vial catalog; the earlier July shop snapshot showed BPC-157 10mg at $49 and GHK-Cu 50mg at $39. The current site gates product details behind login and uses frequent promotions. Affiliate page now has Partner and Supporter tiers, with Partner status after $5,000 referred sales in a month and downgrade below $2,500. Exact current commission is not p || - Evidence: A/B. BS risk: 2/5. 3. Offline Peptides - Facts: BPC-157 was listed at $28 to $38, with 3%, 5%, and 10% quantity discounts. The COA library contains batch-level HPLC and mass-spec reports with 2026 lots. A trademark record lists first use on January 5, 2026. - Growth and retention: Founder Matthew Pacheco appeared on a June 15, 2026 Peptides Explained episode. The episode discloses that the host is an Offline Peptides affiliate. Quantity discounts drive larger baskets; no public subscription terms were found.",2026-07-26
SRC-008,Brand and offer teardown | Companies and founder media,brand-offer-teardown.md | company-models-founder-media.md,Peptide brand and offer teardown > The 10-brand offer table | 2026 Peptide Company Landscape > A. RUO and catalog ecommerce > 2. Peptira,Peptira,https://peptira.com/,"June 2, 2025",B,"Brand Audience and positioning Hero offer Catalog, price, and continuity --- --- --- --- Peptira Fact: laboratory and independent research buyers. Positioning is ""purity you can prove,"" with same-day US shipping, measured vial content, and third-party testing. Fact: broad research catalog plus a searchable COA library. Current public copy makes proof and fulfillment the hero, not a specific molecule. Fact: broad single-vial catalog; the earlier July shop snapshot showed BPC-157 10mg at $49 and GHK-Cu 50mg at $39. The current site gates product details behind login and uses frequent promotions. Affiliate page now has Partner and Supporter tiers, with Partner status after $5,000 referred sales || - Evidence: B for the operating artifact, C for financial truth. BS risk: 3/5. 2. Peptira - Facts: The shop displayed 83 results, including BPC-157 10mg at $49 and GHK-Cu 50mg at $39. The testing library is searchable by batch and includes current and historical reports. A BBB profile names Benjamin Criss and a June 2, 2025 start date. - Growth and retention: The current affiliate program offers Partner and Supporter paths. It says $5,000 in calendar-month referred sales upgrades an affiliate to Partner and finishing below $2,500 moves the affiliate back to Supporter. Exact current rates are not public. The free Peptira Partners group had about 103 members when inspected. Founder Ben Criss c",2026-07-26
SRC-009,Brand and offer teardown | Companies and founder media | Gray marketing and platforms,brand-offer-teardown.md | company-models-founder-media.md | gray-marketing-platform-evidence.md,"Peptide brand and offer teardown > The 10-brand offer table | 2026 Peptide Company Landscape > A. RUO and catalog ecommerce > 12. ResearchChemHQ | 2026 Peptide Company Landscape > Platform and processor reality | Gray marketing and platform evidence for peptide companies > 2. Age gates, questionnaires, and account walls > Current evidence | Gray marketing and platform evidence for peptide companies > 9. Payment processing, reserves, and settlement risk > Current evidence | Gray marketing and platform evidence for peptide companies > Compact source index by pressure",ResearchChemHQ | ResearchChemHQ payment FAQ,https://researchchemhq.co/,"2026 | July 2026 | June 17, 2026",B/C,"APEX Peptides Fact: US research buyers who want selection help and replenishment. Positioning combines lab proof with a conversion-oriented shopping experience. Fact: a 60-second product quiz, research stacks saving up to 20%, third-party testing, and 24/7 support. Fact: bundles, single products, Subscribe and Save at 10%, and free-shipping incentives. Public copy offers affiliates 10% per sale, 15% on subscription referrals, and 10% off for referred buyers. Chameleon Peptides Fact: value-aware research buyers who still care about verification and service. Positioning is ""research peptides you can verify."" Fact: direct Janoshik verification links sit near the hero, followed by public batch r || - Evidence: B. BS risk: 2/5. 12. ResearchChemHQ - Facts: Member registration is required to order. The company says it has operated since 2023, ships to all 50 states, uses batch-specific COAs, and has worked with ILS, Kovera, Vanguard, Chromate, and MZ Biolabs. Its site claims 10,000-plus researchers. Same-day shipping before noon and free FedEx 2Day over $500 are advertised. - Growth and retention: VIP email, account order history, loyalty points, a late-delivery credit, and a searchable COA library. No public affiliate rate was found. || The public record does show repeated fragility: - ResearchChemHQ says payment methods change with processor availability and currently describes multiple card, bank, wallet, and crypto options. - Budai Media says Stripe removed a client, Klaviyo rem",2026-07-26
SRC-010,Brand and offer teardown | Companies and founder media,brand-offer-teardown.md | company-models-founder-media.md,Peptide brand and offer teardown > The 10-brand offer table | 2026 Peptide Company Landscape > C. Licensed telehealth and concierge models > 26. RxPepsDirect,RxPepsDirect,https://www.rxpepsdirect.com/,"July 4, 2026",B,"The Protocole Fact: design-conscious wellness consumers overwhelmed by choice. Positioning is ""a new bond between science and self."" Fact: personalized clinician-designed protocols, a goal-led catalog, named clinical and scientific board members, and a personal advisor. Fact: visible examples include NAD+ at $275, GHK-Cu at $225, tirzepatide at $425, and glutathione at $225. The full catalog requires a profile. Current flow says choose and pay, then complete medical review, then ship if approved. No public affiliate program was found. Valhalla Vitality Fact: autonomy-oriented telehealth buyers. Positioning is ""take back your biology,"" with provider oversight framed as a guardrail. Fact: sear || - Evidence: B. BS risk: 2/5. 26. RxPepsDirect - Facts and claims: The company publishes 55-plus peptide prices, charges a $39 one-time medical visit, serves 28 states, and names Optimal Balance Pharmacy as its 503A dispensing partner. Its July 4, 2026 comparison lists BPC-157 from $80 and NAD+ 1000mg at $100, billed separately by the pharmacy. - Growth and retention: Aggressive SEO comparison pages, transparent prices, a patient dashboard, pharmacy-direct fulfillment, and refills. No public creator commission was found.",2026-07-26
SRC-011,Brand and offer teardown,brand-offer-teardown.md,Peptide brand and offer teardown > The 10-brand offer table,Terms,https://noholabs.com/terms-of-use/,"","","ResearchChemHQ Fact: independent researchers, academic institutions, and qualified laboratories. Positioning is restricted, verified research access. Fact: members-only purchase access, a multi-lab testing history, batch search, same-day shipping, and an unusually candid payment FAQ. Fact: the catalog is visible, but account creation is required to buy. Registration requests identity, phone, date of birth, business type, 21+ acknowledgment, and RUO agreement. VIP email, loyalty points, order history, and late-delivery credit support repeat purchase. Payment options vary with processor availability. Feel Peptides Fact: wellness consumers who think in desired states, not molecules. The site or",2026-07-26
SRC-012,Brand and offer teardown | Companies and founder media | Gray-market operator evidence,brand-offer-teardown.md | company-models-founder-media.md | gray-market-operator-evidence.md,"Peptide brand and offer teardown > The 10-brand offer table | 2026 Peptide Company Landscape > C. Licensed telehealth and concierge models > 21. The Protocole | Gray-market operator evidence > 12. Telehealth, compounding, pharmacy, and referral boundaries",The Protocole,https://theprotocole.com/,July 2026,B/A,"Feel Peptides Fact: wellness consumers who think in desired states, not molecules. The site organizes discovery around Energy, Balance, Love, Performance, and Youth. Fact: ""Feels Good to Be You,"" a goal selector, product cards, and a $50 onboarding consultation credited to the first order. A $25 post-purchase consultation is also offered. Fact: visible products include PT-141 at $255, Sermorelin at $328, NAD+ at $327, and MOTS-C at $540. Some products display a Qualiphy prescription requirement. The affiliate program recruits creators, wellness educators, fitness professionals, communities, and brand partners; exact rates are not public. NOHO Labs Fact: affluent performance and longevity buy || - Evidence: B. BS risk: 2/5. 21. The Protocole - Facts: Clinician-reviewed telehealth with visible prices including NAD+ at $275, GHK-Cu at $225, tirzepatide at $425, and glutathione at $225. The checkout flow shows payment or protocol selection before medical review. The site names two physicians and biochemical engineer Nick Andrews, and says treatments come from vetted U.S. compounding pharmacies. - Growth and retention: Goal-based programs, a gated full catalog, before-and-after testimonials, a personal advisor, and a member portal. No public affiliate terms were found. || - Current NOHO Labs terms separate membership wallet, products, and referral compensation. Credibility: A. - Current Joi + Blokes advocate terms distinguish commissionable supplements from non-commissionable pres",2026-07-26
SRC-013,Brand and offer teardown | Companies and founder media,brand-offer-teardown.md | company-models-founder-media.md,Peptide brand and offer teardown > The 10-brand offer table | 2026 Peptide Company Landscape > C. Licensed telehealth and concierge models > 25. Valhalla Vitality,Valhalla Vitality,https://valhallavitality.com/,"",A,"NOHO Labs Fact: affluent performance and longevity buyers who want concierge care. Positioning is total optimization: ""'Healthy' is just the start."" Fact: membership, a personalized clinician-built protocol, dedicated concierge support, and a curated peptide collection. Fact: public pricing is hidden. Terms say membership includes clinical services and a monthly product wallet. Unused wallet balance expires monthly, administrative and shipping fees can apply, and the membership fee can remain nonrefundable even if the member is not suited for prescription therapy. Ordinary member referral codes receive no compensation. The Protocole Fact: design-conscious wellness consumers overwhelmed by ch || - Evidence: A/B. BS risk: 2/5. 25. Valhalla Vitality - Facts: The site advertises 16 peptide therapies, all 50 states, licensed-provider review, and verified U.S. 503A pharmacy choices. It says pharmacy choice does not change the therapy price and there is no membership. - Growth and retention: A public affiliate page, content, Trustpilot, at-home labs, per-therapy subscriptions that cancel anytime, ongoing support, reminders, and dashboard coaching. Exact affiliate rates were not public.",2026-07-26
SRC-014,Brand and offer teardown | Companies and founder media | Gray marketing and platforms,brand-offer-teardown.md | company-models-founder-media.md | gray-marketing-platform-evidence.md,"Peptide brand and offer teardown > The 10-brand offer table | 2026 Peptide Company Landscape > C. Licensed telehealth and concierge models > 19. Feel Peptides | Gray marketing and platform evidence for peptide companies > 3. Creator-store separation, affiliates, and paid consultations > Current evidence | Gray marketing and platform evidence for peptide companies > Compact source index by pressure",affiliate program | affiliate system | Feel Peptides affiliate program | Feel affiliates,https://feelpeptides.com/affiliates/,July 2026,"","Chameleon Peptides Fact: value-aware research buyers who still care about verification and service. Positioning is ""research peptides you can verify."" Fact: direct Janoshik verification links sit near the hero, followed by public batch results, a Trustpilot feed, and the physical unboxing experience. Fact: BPC-157 begins at $34.20, a BPC-157 plus TB-500 blend at $63.90, and larger variants reach bulk order values. Every shipment is presented with a branded mailer, protective vial case, welcome card, discount code, and small extras. Retention is service, packaging, rewards, and repeat trust rather than a public subscription. ResearchChemHQ Fact: independent researchers, academic institutions, || - Facts: Consumer prescription storefront organized around Feel Energy, Balance, Youth, Performance, and Love. Visible prices include PT-141 10mg at $255, GHK-Cu 50mg at $273, NAD+ 500mg at $327, Sermorelin 10mg at $328, and MOTS-C 50mg at $540. Some products explicitly show a Qualiphy prescription requirement. - Growth and retention: The affiliate system offers referral, influencer, practitioner or brand-partner, and retail tracks, with a dashboard, approved assets, monthly payouts, and a rule against medical claims. Exact commission rates are not public. Email and branded goal categories support lifecycle marketing. - Scale signal: Complete product and partner infrastructure is live, but n || Current evidence - Feel Peptides affiliate program, inspected July 2026. It recruits creator",2026-07-26
SRC-015,Brand and offer teardown | Viability Economics Exit,brand-offer-teardown.md | viability-economics-exit.md,"Peptide brand and offer teardown > The 10-brand offer table | Peptide viability, economics, and exit reality > Current cost evidence",affiliate program | Offline's current program,https://offlinepeptides.com/affiliate-program/,May 2026,B,"--- --- --- --- Peptira Fact: laboratory and independent research buyers. Positioning is ""purity you can prove,"" with same-day US shipping, measured vial content, and third-party testing. Fact: broad research catalog plus a searchable COA library. Current public copy makes proof and fulfillment the hero, not a specific molecule. Fact: broad single-vial catalog; the earlier July shop snapshot showed BPC-157 10mg at $49 and GHK-Cu 50mg at $39. The current site gates product details behind login and uses frequent promotions. Affiliate page now has Partner and Supporter tiers, with Partner status after $5,000 referred sales in a month and downgrade below $2,500. Exact current commission is not p || Product A turnkey white-label catalog showed examples around one-third of suggested retail before discounts; Braden privately reports $3 to $4 source vials Model 13% to 28% combined landed product, packaging, and test allocation; do not use the private quote until invoices and specifications reconcile B/D Lot testing Freedom Diagnostics' May 2026 sheet lists $200 purity and identity, $25 net content, $175 endotoxin, and $150 PCR sterility $550 per molecule and lot before conformity samples, freight, failed lots, or retests. This is $5.50 per sold vial at 100 units and $0.55 at 1,000 A Creator acquisition Offline's current program pays 20% on new orders and 10% lifetime on returning orders. C",2026-07-26
SRC-016,Brand and offer teardown | Gray marketing and platforms,brand-offer-teardown.md | gray-marketing-platform-evidence.md,"Peptide brand and offer teardown > The 10-brand offer table | Gray marketing and platform evidence for peptide companies > 3. Creator-store separation, affiliates, and paid consultations > Current evidence | Gray marketing and platform evidence for peptide companies > Compact source index by pressure",onboarding consultation | Feel Peptides onboarding consultation | Feel consultation,https://feelpeptides.com/product/onboarding-consultation/,July 2026,"","Chameleon Peptides Fact: value-aware research buyers who still care about verification and service. Positioning is ""research peptides you can verify."" Fact: direct Janoshik verification links sit near the hero, followed by public batch results, a Trustpilot feed, and the physical unboxing experience. Fact: BPC-157 begins at $34.20, a BPC-157 plus TB-500 blend at $63.90, and larger variants reach bulk order values. Every shipment is presented with a branded mailer, protective vial case, welcome card, discount code, and small extras. Retention is service, packaging, rewards, and repeat trust rather than a public subscription. ResearchChemHQ Fact: independent researchers, academic institutions, || - Feel Peptides affiliate program, inspected July 2026. It recruits creators, wellness educators, and fitness professionals; supplies unique links and approved assets; provides a dashboard; and pays monthly commissions. It tells affiliates to avoid medical claims and outcome guarantees. Source type: current first-party site. Grade: A. - Feel Peptides onboarding consultation, inspected July 2026. A $50 one-on-one consultation discusses wellness goals and health profile to determine products and programs, with the fee credited to a first order. It also offers paid post-purchase support. Source type: current first-party site. Grade: A. - Ion Peptide community guidelines, effective October 2025. || - Platform eligibility: Stripe FAQ, Stripe restricted businesses, Meta, Google, TikTok, Klav",2026-07-26
SRC-017,Brand and offer teardown | Companies and founder media,brand-offer-teardown.md | company-models-founder-media.md,Peptide brand and offer teardown > The 10-brand offer table | 2026 Peptide Company Landscape > C. Licensed telehealth and concierge models > 25. Valhalla Vitality,partner page | affiliate page,https://valhallavitality.com/affiliate,"","","NOHO Labs Fact: affluent performance and longevity buyers who want concierge care. Positioning is total optimization: ""'Healthy' is just the start."" Fact: membership, a personalized clinician-built protocol, dedicated concierge support, and a curated peptide collection. Fact: public pricing is hidden. Terms say membership includes clinical services and a monthly product wallet. Unused wallet balance expires monthly, administrative and shipping fees can apply, and the membership fee can remain nonrefundable even if the member is not suited for prescription therapy. Ordinary member referral codes receive no compensation. The Protocole Fact: design-conscious wellness consumers overwhelmed by ch || - Facts: The site advertises 16 peptide therapies, all 50 states, licensed-provider review, and verified U.S. 503A pharmacy choices. It says pharmacy choice does not change the therapy price and there is no membership. - Growth and retention: A public affiliate page, content, Trustpilot, at-home labs, per-therapy subscriptions that cancel anytime, ongoing support, reminders, and dashboard coaching. Exact affiliate rates were not public. - Scale signal: National footprint and a broad live catalog. Revenue and patient counts were not found. - Inference: Strength is clear pharmacy choice, no separate membership, and simple cancellation. Weakness is that availability and formulation still depend",2026-07-26
SRC-018,Companies and founder media | Gray marketing and platforms,company-models-founder-media.md | gray-marketing-platform-evidence.md,"2026 Peptide Company Landscape > A. RUO and catalog ecommerce > 4. Peptide Crafters | 2026 Peptide Company Landscape > D. Comparison, media, and community > 29. Peptide Grades | Gray marketing and platform evidence for peptide companies > 6. SEO bridges, comparison sites, wikis, and affiliate rankings > Current evidence","2026 comparison | May 30, 2026 BPC-157 ranking | Peptide Grades BPC-157 ranking",https://peptidegrades.com/topics/peptide-guides/best-bpc-157/,"2026 | May 30, 2026 | July 2026","","4. Peptide Crafters - Facts: Access requires an account, age certification, research qualification, and in some cases business details or an EIN. A current 2026 comparison showed BPC-157 10mg at $55 and described an MZ Biolabs four-test panel covering purity, identity, endotoxin, and sterility. The site offers free second-day air over $250 and a 10% newsletter discount. - Growth and retention: Gated accounts, a research certification, shipping threshold, newsletter discount, studies, and public lab reports. Indexed referral parameters show referral-capable links, but no public commission schedule was found. - Scale signal: Multiple current COAs and 31 Trustpilot reviews reported by the compa || 29. Peptide Grades - Facts: The publisher ranks vendors using batch COAs, named labs, identity testing, safety panels, pricing, and policy transparency. Its May 30, 2026 BPC-157 ranking carries a July 2026 price snapshot. The footer discloses affiliate commissions and says payout does not affect rankings. - Growth and retention: High-intent SEO, vendor pages, methodology content, compound profiles, and affiliate clicks. No paid community was visible. - Scale signal: Deep current articles and multiple live vendor records. Traffic and affiliate revenue were not found. - Inference: Strength is method-led SEO with useful structured data. Weakness is the unavoidable conflict when a ranking publis || - Peptide Compare ranking methodology, inspected July 2026. The site calls itself independen",2026-07-26
SRC-019,Companies and founder media,company-models-founder-media.md,"2026 Peptide Company Landscape > B. Testing, white-label, and infrastructure > 18. Your Peptide Brand",2026 dropshipping complaint,https://www.reddit.com/r/dropshipping/comments/1s7xzuf/peptide_dropshipping_companies/,2026,B,"- Growth and retention: The service sells speed and no-inventory entry to new operators. Its recurring revenue comes from wholesale fulfillment and platform dependence rather than consumer loyalty. - Scale signal: A live catalog and technical integration. Client count and fulfillment performance were not independently found. - Inference: Strength is the fastest way to test a storefront. Weakness is weak differentiation and margin after discounts, commission, shipping, refunds, and support. A 2026 dropshipping complaint says pricing approached retail, but that is one unverified anecdote. - Evidence: B/C. BS risk: 4/5. C. Licensed telehealth and concierge models",2026-07-26
SRC-020,Companies and founder media | Viability Economics Exit,company-models-founder-media.md | viability-economics-exit.md,"2026 Peptide Company Landscape > B. Testing, white-label, and infrastructure > 15. Freedom Diagnostics Testing | Peptide viability, economics, and exit reality > Current cost evidence",2026 intake form | Freedom Diagnostics' May 2026 sheet,https://freedomdiagnosticstesting.com/wp-content/uploads/2026/05/INTAKEV4.pdf,2026 | May 2026,B,"15. Freedom Diagnostics Testing - Facts and claims: Founded in 2023 in Franklin, Tennessee. The site claims 24 to 48 hour turnaround and more than 42,000 public COAs, each with HPLC and LC-MS. Its 2026 intake form prices purity plus identity at $200, net peptide content at $25, endotoxin at $175, and PCR sterility at $150. - Growth and retention: Fast turnaround, public-by-default reports, vendor rankings based on submission volume, and repeat batch testing. - Scale signal: The live counter showed 42,378-plus reports. That is the lab's own database claim and was not independently audited. - Inference: Strength is speed plus inspectable pricing. Weakness is a very large self-reported scale nu || --- --- --- ---: Product A turnkey white-label catalog showed examples around one-third of suggested retail before discounts; Braden privately reports $3 to $4 source vials Model 13% to 28% combined landed product, packaging, and test allocation; do not use the private quote until invoices and specifications reconcile B/D Lot testing Freedom Diagnostics' May 2026 sheet lists $200 purity and identity, $25 net content, $175 endotoxin, and $150 PCR sterility $550 per molecule and lot before conformity samples, freight, failed lots, or retests. This is $5.50 per sold vial at 100 units and $0.55 at 1,000 A Creator acquisition Offline's current program pays 20% on new orders and 10% lifetime on re",2026-07-26
SRC-021,Companies and founder media,company-models-founder-media.md,2026 Peptide Company Landscape > A. RUO and catalog ecommerce > 13. BioLongevity Labs,2026 profile,https://washingtonindependent.org/biolongevity-labs/,2026,"","- Facts: Purchase requires an account. The site claims more than 150 research peptides, U.S. manufacturing, 99% purity, and testing through three independent labs. It also operates a separate supplement catalog covering bioregulators and small-molecule products. - Growth and retention: Founder authority, affiliates and coupon codes visible in community posts, a wide catalog, frequent promotions, same-day shipping, free shipping over $400, and supplement cross-sell. A promotional 2026 profile identifies Jay Campbell and Josh Felber as co-founders. - Scale signal: Catalog breadth, multiple connected properties, active communities, and deep promotions. No audited sales were found. - Trust cauti",2026-07-26
SRC-022,Companies and founder media | Gray-market operator evidence,company-models-founder-media.md | gray-market-operator-evidence.md,"2026 Peptide Company Landscape > C. Licensed telehealth and concierge models > 24. Joi + Blokes | Gray-market operator evidence > 8. Affiliate, creator, and consultation separation | Gray-market operator evidence > 12. Telehealth, compounding, pharmacy, and referral boundaries",Advocate program | Joi + Blokes | Joi + Blokes advocate terms,https://joiandblokes.com/advocates-home/,June 2026 | July 2026,C,"- Facts: Gender-segmented telehealth plus labs and supplements. Visible longevity pricing has included Sermorelin at $199 per month, $159 for VIP members, NAD+ at $150 per month, hormones from $59 per month, and lab panels at $149 and $399. - Growth and retention: The Advocate program costs $49 per year and offers up to 30% on supplements, 20% product discounts, education, events, and rewards. Advocates earn no commission on prescriptions or labs. A separate Impact affiliate link is available. - Scale signal: Broad catalog, training infrastructure, direct-pay clinical funnel, and recurring products. No independent revenue was found. - Inference: Strength is the clearest public separation bet || - A June 2026 US creator offer advertises up to 40% commission, free product, and coaching. Credibility: C/D. - A current 30% affiliate recruitment post received a public challenge alleging invalid or reused test identifiers and no vial batch numbers. The allegation is not independently established, but it demonstrates how affiliate growth can outrun trust diligence. Credibility: C. - Public medical models draw different lines. Joi + Blokes pays advocates on supplements but not prescriptions or labs. NOHO Labs says ordinary member referral codes are not compensated. Credibility: A. What this reveals about the business: || - A January to July 2026 BlackHatWorld telehealth affiliate thread discusses CPA, revenue share, hybrid payments, and a recurring subscription. Most replies are netwo",2026-07-26
SRC-023,Companies and founder media | Gray-market operator evidence,company-models-founder-media.md | gray-market-operator-evidence.md,2026 Peptide Company Landscape > Platform and processor reality | Gray-market operator evidence > 6. Research-use framing and intended-use separation,Associated Press report | Associated Press investigation,https://apnews.com/article/4d48e78a5d65658b4d6eac87818352e3,2026 | December 2025,A,"- Budai Media says Stripe removed a client, Klaviyo removed another, product ads were disapproved, and some operators cycle burner accounts. Budai says it refuses burner-account strategies. - The Guardian documents the rapid growth and oversight concerns around RUO peptides. - A 2026 Associated Press report describes the conflict between RUO labels and public human-use promotion. Inference: A merchant that survives only by rotating accounts is not a durable business. Noli should require written processor approval, truthful product categorization, a documented reserve plan, and a second compliant continuity option. No bypass, cloaking, shell-account, or policy-evasion tactic belongs in the pl || - The December 2025 FDA warning letter to Pinnacle Peptides states that research-only labeling did not outweigh the intended-use evidence on the website. Credibility: A. - A November 2025 Associated Press investigation reports that groups substitute ""researching"" for taking and that human-use discussion coexists with research labels. Credibility: A/B. - A June 2026 Reddit operator synthesis says warning signals include dosing, before-and-after imagery, and selling administration supplies beside the product. It is an anonymous synthesis, but several claims can be checked against warning letters. Credibility: B/C. - Current vendor communities such as r/Peptidesource explicitly require ""researc",2026-07-26
SRC-024,Companies and founder media,company-models-founder-media.md,2026 Peptide Company Landscape > C. Licensed telehealth and concierge models > 23. Transcend Company,BBB profile,https://www.bbb.org/us/mi/auburn-hills/profile/medical-consultants/transcend-company-0372-90050954,"","","23. Transcend Company - Facts: Telehealth spanning hormones, peptides, weight management, and wellness, with labs and provider review. A BBB profile says the business started in 2020 and identifies Ernest Colling as owner and CEO. Public full-program pricing is limited. - Growth and retention: Athlete ambassadors, founder podcasts, referral codes, ongoing care, and a giveaway advertising a six-month program with a claimed $20,000 value in exchange for extensive marketing content and likeness rights. - Scale signal: Five-plus years, named operator, ambassador footprint, and recurring clinical model. BBB also shows refund and service complaints that should be reviewed in diligence. - Inference",2026-07-26
SRC-025,Companies and founder media,company-models-founder-media.md,2026 Peptide Company Landscape > A. RUO and catalog ecommerce > 2. Peptira,BBB profile,https://www.bbb.org/us/ne/chadron/profile/biological-products/peptira-llc-0714-1000080859,"June 2, 2025","","2. Peptira - Facts: The shop displayed 83 results, including BPC-157 10mg at $49 and GHK-Cu 50mg at $39. The testing library is searchable by batch and includes current and historical reports. A BBB profile names Benjamin Criss and a June 2, 2025 start date. - Growth and retention: The current affiliate program offers Partner and Supporter paths. It says $5,000 in calendar-month referred sales upgrades an affiliate to Partner and finishing below $2,500 moves the affiliate back to Supporter. Exact current rates are not public. The free Peptira Partners group had about 103 members when inspected. Founder Ben Criss co-hosts the Beyond the Vial podcast. - Scale signal: Broad young catalog, a liv",2026-07-26
SRC-026,Companies and founder media,company-models-founder-media.md,2026 Peptide Company Landscape > A. RUO and catalog ecommerce > 3. Offline Peptides,BPC-157,https://offlinepeptides.com/product/bpc-157/,"January 5, 2026","","3. Offline Peptides - Facts: BPC-157 was listed at $28 to $38, with 3%, 5%, and 10% quantity discounts. The COA library contains batch-level HPLC and mass-spec reports with 2026 lots. A trademark record lists first use on January 5, 2026. - Growth and retention: Founder Matthew Pacheco appeared on a June 15, 2026 Peptides Explained episode. The episode discloses that the host is an Offline Peptides affiliate. Quantity discounts drive larger baskets; no public subscription terms were found. - Scale signal: Current lots, active fulfillment, and founder media, but a very short public history. - Inference: Strength is accessible pricing paired with a named founder and direct testing discussion. ",2026-07-26
SRC-027,Companies and founder media | Evidence audit,company-models-founder-media.md | source-audit.md,"2026 Peptide Company Landscape > A. RUO and catalog ecommerce > 2. Peptira | 2026 Peptide Company Landscape > Recent founder and operator media worth using > 1. Peptira and Peptide Price, Beyond the Vial | Peptide landscape source audit > Link and date QA","Beyond the Vial podcast | Episode 2, December 10, 2025 | show page",https://open.spotify.com/show/3uUAcwO6YWThPi0UOdpXM8,"June 2, 2025 | November 1, 2025 | December 10, 2025",B,"- Facts: The shop displayed 83 results, including BPC-157 10mg at $49 and GHK-Cu 50mg at $39. The testing library is searchable by batch and includes current and historical reports. A BBB profile names Benjamin Criss and a June 2, 2025 start date. - Growth and retention: The current affiliate program offers Partner and Supporter paths. It says $5,000 in calendar-month referred sales upgrades an affiliate to Partner and finishing below $2,500 moves the affiliate back to Supporter. Exact current rates are not public. The free Peptira Partners group had about 103 members when inspected. Founder Ben Criss co-hosts the Beyond the Vial podcast. - Scale signal: Broad young catalog, a live affiliate || - Episode 1, November 1, 2025: Ben Criss and Derek Pruski explain the origin of Peptira and Peptide Price. - Episode 2, December 10, 2025: Black Friday demand, warehouse strain, manufacturing lead time, international freight, third-party testing, endotoxin, and sterility. - Verified mechanics: Both businesses, their sites, public community, catalog, affiliate program, and podcast exist. - Unverified claims: Personal workload stories, order surge, and any implied revenue. - Lesson: A vendor plus a comparison community can share attention, but inventory and testing lead times become the growth ceiling. Evidence B, BS risk 2/5. || - Direct Peptides listing: the BizQuest link is stale and redirects to a generic page. Use the current BizBuySell listing with the seller-supplied disclaimer. -",2026-07-26
SRC-028,Companies and founder media,company-models-founder-media.md,2026 Peptide Company Landscape > A. RUO and catalog ecommerce > 13. BioLongevity Labs,BioLongevity Labs,https://biolongevitylabs.com/,2026,B,"- Evidence: B/C. BS risk: 3/5. 13. BioLongevity Labs - Facts: Purchase requires an account. The site claims more than 150 research peptides, U.S. manufacturing, 99% purity, and testing through three independent labs. It also operates a separate supplement catalog covering bioregulators and small-molecule products. - Growth and retention: Founder authority, affiliates and coupon codes visible in community posts, a wide catalog, frequent promotions, same-day shipping, free shipping over $400, and supplement cross-sell. A promotional 2026 profile identifies Jay Campbell and Josh Felber as co-founders.",2026-07-26
SRC-029,Companies and founder media | Forums and operator growth | Evidence audit | Viability Economics Exit,company-models-founder-media.md | operator-growth-playbook.md | source-audit.md | viability-economics-exit.md,"2026 Peptide Company Landscape > A. RUO and catalog ecommerce > 1. Direct Peptides | Peptide operator forum playbook > The complete gray-area map > 13. Revenue screens, product margin, agency case studies, and exit stories | Peptide landscape source audit > Highest-impact correction ledger | Peptide landscape source audit > Link and date QA | Peptide viability, economics, and exit reality > What the current market actually proves",BizBuySell listing | current BizBuySell listing | Current peptide-company broker listing,https://www.bizbuysell.com/business-opportunity/biotech-research-compound-firm-proprietary-u-s-domestic-lab/2495415/,"","","1. Direct Peptides - Facts and claims: RUO DTC and wholesale catalog. A broker listing advertised the business for $14.5M and claimed $12.33M gross income, $3.69M cash flow, 31 active SKUs, about $220 AOV, 250 orders per day, and $300K wholesale in one month. The current BizBuySell listing says its information is seller-supplied. A third-party analyst linked the anonymous listing to Direct Peptides; the listing itself does not name the company. The earlier BizQuest mirror now redirects and the original Website Closers page returns 404. Treat the figures as an asking-price narrative, not a current offer, completed transaction, or independent valuation. - Growth and retention: The seller claim || - The direct 2019 BHW post does not document BlackHatWorld offering $15 million for a peptide company. The author discusses hard-money brokerage and says they had $15 million of deals to place that week while separately mentioning peptide payment processing. - A current BizBuySell listing asks $14.5 million on seller-reported financials. It is not a closed sale or independent valuation. - Current anonymous marketing case studies frequently omit the client, spend ledger, refunds, reserves, settlement, and bank cash. The Budai case-study audit keeps its useful mechanics but grades the revenue narrative as agency-supplied. Durable lesson || 5 The business has an 80% margin. QUALIFY An 80% product gross margin can be plausible, but it is not an 80% business margin. Testing, failed lots, fr",2026-07-26
SRC-030,Companies and founder media,company-models-founder-media.md,2026 Peptide Company Landscape > A. RUO and catalog ecommerce > 3. Offline Peptides,COA library,https://offlinepeptides.com/coa/,"January 5, 2026","","3. Offline Peptides - Facts: BPC-157 was listed at $28 to $38, with 3%, 5%, and 10% quantity discounts. The COA library contains batch-level HPLC and mass-spec reports with 2026 lots. A trademark record lists first use on January 5, 2026. - Growth and retention: Founder Matthew Pacheco appeared on a June 15, 2026 Peptides Explained episode. The episode discloses that the host is an Offline Peptides affiliate. Quantity discounts drive larger baskets; no public subscription terms were found. - Scale signal: Current lots, active fulfillment, and founder media, but a very short public history. - Inference: Strength is accessible pricing paired with a named founder and direct testing discussion. ",2026-07-26
SRC-031,Companies and founder media,company-models-founder-media.md,"2026 Peptide Company Landscape > B. Testing, white-label, and infrastructure > 16. MZ Biolabs",COA testing service,https://www.mzbiolabs.com/mzbiolabs/coa-testing/,"","","16. MZ Biolabs - Facts: The COA testing service covers HPLC-UV and mass spectrometry for purified raw materials, liquids, tablets, and capsules. MZ appears on current COAs from Peptide Crafters and other vendors. - Growth and retention: B2B reputation, repeated lot testing, and expansion across product formats. No public peptide price sheet was found. - Scale signal: Repeated appearance across vendor COA libraries. No public sample volume or revenue was found. - Inference: Strength is a credible multi-format testing wedge. Weakness is low public transparency on price, turnaround, chain of custody, and scale.",2026-07-26
SRC-032,Companies and founder media | Gray marketing and platforms,company-models-founder-media.md | gray-marketing-platform-evidence.md,"2026 Peptide Company Landscape > A. RUO and catalog ecommerce > 7. Ion Peptide | Gray marketing and platform evidence for peptide companies > 3. Creator-store separation, affiliates, and paid consultations > Current evidence | Gray marketing and platform evidence for peptide companies > Compact source index by pressure",Community guidelines | Ion Peptide community guidelines | Ion guidelines,https://ionpeptide.com/community-guidelines/,June 2026 | July 2026,"","7. Ion Peptide - Facts: A 2026 comparison listed BPC-157 10mg at $48 and described Freedom Diagnostics testing with more than 50 reports. The affiliate dashboard supports click, referral, and commission tracking. Community guidelines prohibit medical, dosing, and reconstitution advice. - Growth and retention: Affiliate tracking, member accounts, community rules, and a mission-led content angle. The mission page claims a $25K monthly medical-research donation pledge and displays one June 2026 $25K entry. - Scale signal: The comparison publisher says the domain began in August 2025. Donation volume and customer counts are not independently proven. - Inference: Strength is ready-made affiliate  || - Feel Peptides affiliate program, inspected July 2026. It recruits creators, wellness educators, and fitness professionals; supplies unique links and approved assets; provides a dashboard; and pays monthly commissions. It tells affiliates to avoid medical claims and outcome guarantees. Source type: current first-party site. Grade: A. - Feel Peptides onboarding consultation, inspected July 2026. A $50 one-on-one consultation discusses wellness goals and health profile to determine products and programs, with the fee credited to a first order. It also offers paid post-purchase support. Source type: current first-party site. Grade: A. - Ion Peptide community guidelines, effective October 2025. || - Platform eligibility: Stripe FAQ, Stripe restricted businesses, Meta, Google, TikTok, Klav",2026-07-26
SRC-033,Companies and founder media,company-models-founder-media.md,2026 Peptide Company Landscape > A. RUO and catalog ecommerce > 1. Direct Peptides,Direct Peptides,https://directpeptides.com/,"","","A. RUO and catalog ecommerce 1. Direct Peptides - Facts and claims: RUO DTC and wholesale catalog. A broker listing advertised the business for $14.5M and claimed $12.33M gross income, $3.69M cash flow, 31 active SKUs, about $220 AOV, 250 orders per day, and $300K wholesale in one month. The current BizBuySell listing says its information is seller-supplied. A third-party analyst linked the anonymous listing to Direct Peptides; the listing itself does not name the company. The earlier BizQuest mirror now redirects and the original Website Closers page returns 404. Treat the figures as an asking-price narrative, not a current offer, completed transaction, or independent valuation. - Growth an",2026-07-26
SRC-034,Companies and founder media,company-models-founder-media.md,"2026 Peptide Company Landscape > Recent founder and operator media worth using > 1. Peptira and Peptide Price, Beyond the Vial","Episode 1, November 1, 2025",https://open.spotify.com/episode/2Mb1NZieQQmU5HXKvhb3q7,"November 1, 2025","","1. Peptira and Peptide Price, Beyond the Vial - Episode 1, November 1, 2025: Ben Criss and Derek Pruski explain the origin of Peptira and Peptide Price. - Episode 2, December 10, 2025: Black Friday demand, warehouse strain, manufacturing lead time, international freight, third-party testing, endotoxin, and sterility. - Verified mechanics: Both businesses, their sites, public community, catalog, affiliate program, and podcast exist. - Unverified claims: Personal workload stories, order surge, and any implied revenue.",2026-07-26
SRC-035,Companies and founder media,company-models-founder-media.md,"2026 Peptide Company Landscape > Budai Media peptide case-study audit > Episode 320, May 12, 2026","Episode 320, May 12, 2026",https://open.spotify.com/episode/7GpLhBsyvXwasSael9cr6v,"May 12, 2026","","Budai Media is an agency selling services to peptide operators. Its media is useful because the mechanics are specific, but every revenue figure is a sales claim about an unnamed client. Episode 320, May 12, 2026 - Agency claim: An unnamed U.S. peptide brand went from zero paid acquisition to more than $500K in 30-day revenue in four or five months. It says month one spent $7K and returned $4.5K, month three reached $170K, and the final 30 days produced $300K from Google on $151K spend. - Mechanics that are plausible and reusable: Start with high-intent Google demand, accept an initial learning period, increase spend gradually, connect paid acquisition to email, and maintain more than one ac",2026-07-26
SRC-036,Companies and founder media | Evidence audit,company-models-founder-media.md | source-audit.md,"2026 Peptide Company Landscape > Budai Media peptide case-study audit > Episode 324, July 7, 2026 | Peptide landscape source audit > Highest-impact correction ledger","Episode 324, July 7, 2026 | 324",https://shows.acast.com/theecomshow/episodes/324-budai-media-specials-how-to-scale-your-peptide-brand-so,"July 7, 2026","","- Not verified: Client identity, store data, bank deposits, gross margin, refunds, new-versus-returning mix, or whether reported revenue is gross, net, attributed, or duplicated across platforms. Episode 324, July 7, 2026 - Agency claim: Its fastest peptide client reached $20K daily revenue in five months and another reached $450K monthly revenue by month five. It claims email flows generate 5% to 15% of sales and subscriptions can move a $400K monthly brand toward $1M. - Mechanics that are plausible and reusable: Scientific product pages, accurate feeds, clean product imagery, claims discipline, browse and cart recovery, post-purchase, replenishment, and subscriptions. || 8 Direct Peptides produced $12.33 million revenue and $3.69 million EBITDA. QUALIFY The listing reports $12,326,647 gross revenue and $3,685,118 cash flow, while labeling cash flow as EBITDA. BizBuySell says it has not independently verified the information. ""The broker listing reports $12.33 million revenue and $3.69 million seller-supplied cash flow, about 29.9% of revenue. The figures are unaudited and should not be described as normalized net profit."" 9 The BizQuest link proves a current live sale. REMOVE The BizQuest URL now redirects to a generic search page. Replace it with the current BizBuySell listing and label the figures seller-supplied. Preserve an archive if the exact historica",2026-07-26
SRC-037,Companies and founder media,company-models-founder-media.md,"2026 Peptide Company Landscape > B. Testing, white-label, and infrastructure > 15. Freedom Diagnostics Testing",Freedom Diagnostics Testing,https://freedomdiagnosticstesting.com/,2026,A,"- Evidence: A/B. BS risk: 1/5. 15. Freedom Diagnostics Testing - Facts and claims: Founded in 2023 in Franklin, Tennessee. The site claims 24 to 48 hour turnaround and more than 42,000 public COAs, each with HPLC and LC-MS. Its 2026 intake form prices purity plus identity at $200, net peptide content at $25, endotoxin at $175, and PCR sterility at $150. - Growth and retention: Fast turnaround, public-by-default reports, vendor rankings based on submission volume, and repeat batch testing.",2026-07-26
SRC-038,Companies and founder media | Evidence audit,company-models-founder-media.md | source-audit.md,"2026 Peptide Company Landscape > B. Testing, white-label, and infrastructure > 14. Janoshik Analytical | 2026 Peptide Company Landscape > Platform and processor reality | Peptide landscape source audit > Highest-impact correction ledger",Guardian report | Guardian,https://www.theguardian.com/science/2026/apr/06/labs-testing-thousands-of-unregulated-substances-amid-peptide-craze,"April 6, 2026 | 2026 | June 4, 2026","","- Facts: Independent analytical testing with a public-results and verification system. Example public prices add $180 for endotoxin, $290 for sterility, $145 for CHNS, and $35 for an additional report, depending on service. - Growth and retention: Public QR verification makes Janoshik part of its customers' marketing. Every new vendor lot creates recurring testing demand. - Scale signal: An April 6, 2026 Guardian report quotes chemist Peter Magic saying Janoshik volume had risen to about 5,000 samples per month. - Inference: Strength is becoming the category's trust primitive. Weakness is that vendor-submitted samples do not automatically prove random customer inventory matches the submitted || - ResearchChemHQ says payment methods change with processor availability and currently describes multiple card, bank, wallet, and crypto options. - Budai Media says Stripe removed a client, Klaviyo removed another, product ads were disapproved, and some operators cycle burner accounts. Budai says it refuses burner-account strategies. - The Guardian documents the rapid growth and oversight concerns around RUO peptides. - A 2026 Associated Press report describes the conflict between RUO labels and public human-use promotion. Inference: A merchant that survives only by rotating accounts is not a durable business. Noli should require written processor approval, truthful product categorization, a || 26 Current funded-company reports are independently audited company facts. QUALIFY The Axios",2026-07-26
SRC-039,Companies and founder media,company-models-founder-media.md,2026 Peptide Company Landscape > A. RUO and catalog ecommerce > 7. Ion Peptide,Ion Peptide,https://ionpeptide.com/,June 2026,B,"- Evidence: B. BS risk: 2/5. 7. Ion Peptide - Facts: A 2026 comparison listed BPC-157 10mg at $48 and described Freedom Diagnostics testing with more than 50 reports. The affiliate dashboard supports click, referral, and commission tracking. Community guidelines prohibit medical, dosing, and reconstitution advice. - Growth and retention: Affiliate tracking, member accounts, community rules, and a mission-led content angle. The mission page claims a $25K monthly medical-research donation pledge and displays one June 2026 $25K entry.",2026-07-26
SRC-040,Companies and founder media,company-models-founder-media.md,"2026 Peptide Company Landscape > B. Testing, white-label, and infrastructure > 14. Janoshik Analytical",Janoshik Analytical,https://janoshik.com/,"","","B. Testing, white-label, and infrastructure 14. Janoshik Analytical - Facts: Independent analytical testing with a public-results and verification system. Example public prices add $180 for endotoxin, $290 for sterility, $145 for CHNS, and $35 for an additional report, depending on service. - Growth and retention: Public QR verification makes Janoshik part of its customers' marketing. Every new vendor lot creates recurring testing demand.",2026-07-26
SRC-041,Companies and founder media,company-models-founder-media.md,2026 Peptide Company Landscape > C. Licensed telehealth and concierge models > 24. Joi + Blokes,Joi + Blokes,https://joiandblokes.com/,"",B,"- Evidence: B/C. BS risk: 3/5. 24. Joi + Blokes - Facts: Gender-segmented telehealth plus labs and supplements. Visible longevity pricing has included Sermorelin at $199 per month, $159 for VIP members, NAD+ at $150 per month, hormones from $59 per month, and lab panels at $149 and $399. - Growth and retention: The Advocate program costs $49 per year and offers up to 30% on supplements, 20% product discounts, education, events, and rewards. Advocates earn no commission on prescriptions or labs. A separate Impact affiliate link is available.",2026-07-26
SRC-042,Companies and founder media,company-models-founder-media.md,2026 Peptide Company Landscape > C. Licensed telehealth and concierge models > 26. RxPepsDirect,"July 4, 2026 comparison",https://www.rxpepsdirect.com/learn/best-peptide-companies,"July 4, 2026","","26. RxPepsDirect - Facts and claims: The company publishes 55-plus peptide prices, charges a $39 one-time medical visit, serves 28 states, and names Optimal Balance Pharmacy as its 503A dispensing partner. Its July 4, 2026 comparison lists BPC-157 from $80 and NAD+ 1000mg at $100, billed separately by the pharmacy. - Growth and retention: Aggressive SEO comparison pages, transparent prices, a patient dashboard, pharmacy-direct fulfillment, and refills. No public creator commission was found. - Scale signal: Deep public formulary and named pharmacy. The company ranks itself first in its own comparison, so rankings and competitor claims are not independent. - Inference: Strength is radical pri",2026-07-26
SRC-043,Companies and founder media,company-models-founder-media.md,2026 Peptide Company Landscape > A. RUO and catalog ecommerce > 1. Direct Peptides,June follow-up,https://krysia0430.substack.com/p/direct-peptides-and-horizon-analytical,"","","- Facts and claims: RUO DTC and wholesale catalog. A broker listing advertised the business for $14.5M and claimed $12.33M gross income, $3.69M cash flow, 31 active SKUs, about $220 AOV, 250 orders per day, and $300K wholesale in one month. The current BizBuySell listing says its information is seller-supplied. A third-party analyst linked the anonymous listing to Direct Peptides; the listing itself does not name the company. The earlier BizQuest mirror now redirects and the original Website Closers page returns 404. Treat the figures as an asking-price narrative, not a current offer, completed transaction, or independent valuation. - Growth and retention: The seller claimed more than 20 ad ",2026-07-26
SRC-044,Companies and founder media,company-models-founder-media.md,"2026 Peptide Company Landscape > B. Testing, white-label, and infrastructure > 16. MZ Biolabs",MZ Biolabs,https://www.mzbiolabs.com/,"",B,"- Evidence: B/C. BS risk: 3/5. 16. MZ Biolabs - Facts: The COA testing service covers HPLC-UV and mass spectrometry for purified raw materials, liquids, tablets, and capsules. MZ appears on current COAs from Peptide Crafters and other vendors. - Growth and retention: B2B reputation, repeated lot testing, and expansion across product formats. No public peptide price sheet was found.",2026-07-26
SRC-045,Companies and founder media,company-models-founder-media.md,2026 Peptide Company Landscape > A. RUO and catalog ecommerce > 1. Direct Peptides,May deal analysis,https://krysia0430.substack.com/p/so-you-want-to-buy-an-ruo-peptide,"","","- Facts and claims: RUO DTC and wholesale catalog. A broker listing advertised the business for $14.5M and claimed $12.33M gross income, $3.69M cash flow, 31 active SKUs, about $220 AOV, 250 orders per day, and $300K wholesale in one month. The current BizBuySell listing says its information is seller-supplied. A third-party analyst linked the anonymous listing to Direct Peptides; the listing itself does not name the company. The earlier BizQuest mirror now redirects and the original Website Closers page returns 404. Treat the figures as an asking-price narrative, not a current offer, completed transaction, or independent valuation. - Growth and retention: The seller claimed more than 20 ad ",2026-07-26
SRC-046,Companies and founder media,company-models-founder-media.md,2026 Peptide Company Landscape > Recent founder and operator media worth using > 4. Transcend founder Ernest Colling,"Medevac Podcast episode 165, March 14, 2026",https://music.amazon.com/podcasts/840be6c9-e765-4997-ac77-acd61c02e09e/episodes/3e98aab4-64cf-4447-bc78-129d790bdd58/medevac-podcast-165-ernie-colling---founder-and-ceo-transcend-company,"March 14, 2026",B,"4. Transcend founder Ernest Colling - Medevac Podcast episode 165, March 14, 2026 - Verified mechanics: Named founder, veteran positioning, sponsor code, telehealth site, and 2020 operating record. - Unverified claims: Outcomes and internal company scale. - Lesson: Build around an identity community that already trusts the founder, then give every appearance a direct, measurable landing path. Evidence B, BS risk 2/5.",2026-07-26
SRC-047,Companies and founder media,company-models-founder-media.md,2026 Peptide Company Landscape > Recent founder and operator media worth using > 3. Vita Bella founder Phil Vella,"Mind Pump episode 2802, February 26, 2026",https://open.spotify.com/episode/3jJRSHZDOeucGjjWYh54us,"February 26, 2026",B,"3. Vita Bella founder Phil Vella - Mind Pump episode 2802, February 26, 2026 - Verified mechanics: Founder identity, Vita Bella offer, and official Mind Pump partnership. - Unverified claims: Company performance, comparative quality, and category assertions inside a partner episode. - Lesson: A founder story plus a trusted fitness audience can collapse customer skepticism faster than generic paid creative. Evidence B, BS risk 2/5.",2026-07-26
SRC-048,Companies and founder media,company-models-founder-media.md,2026 Peptide Company Landscape > A. RUO and catalog ecommerce > 9. Nexaph,Nexaph,https://nexaph.com/,"",B,"- Evidence: B/C. BS risk: 3/5. 9. Nexaph - Facts: The current catalog emphasizes 10-vial kits. BPC-157 10mg was listed at $152 per kit, or $15.20 per vial, and KPV at $143 per kit. Janoshik testing is presented. - Growth and retention: Bulk-kit economics and a broad catalog. No public affiliate or subscription program was found. Public-facing operator identity is limited; a comparison publisher identifies the operator only as ""Cain.""",2026-07-26
SRC-049,Companies and founder media,company-models-founder-media.md,2026 Peptide Company Landscape > C. Licensed telehealth and concierge models > 27. PeRx,PeRx,https://www.perxpeptides.com/pricing,"",B,"- Evidence: B/C. BS risk: 3/5. 27. PeRx - Facts and claims: The pricing page advertises $199 to $299 monthly protocols, a $50 provider consultation, all 50 states, supplies, FedEx overnight, ready-to-inject fulfillment, no membership, and a 503A pharmacy. It says every order includes provider review and a patient dashboard. - Growth and retention: Price-focused SEO, first-order email offers, dashboard reordering, and all-in delivery. No public creator program was found.",2026-07-26
SRC-050,Companies and founder media,company-models-founder-media.md,"2026 Peptide Company Landscape > D. Comparison, media, and community > 30. Peptide Compare",Peptide Compare,https://www.peptide-compare.com/,"",B,"- Evidence: B/C. BS risk: 3/5. 30. Peptide Compare - Facts: The home page says ""250+ vendors,"" while the same page reports 67-plus vendors tracked, 101 peptides, and daily price updates. The ranking method uses Finnrick blind-test scores, Janoshik report counts, price per milligram, and stock. Its affiliate disclosure says some vendor links pay commission but cannot buy rank. Builder B. Gray Randolph is named publicly. - Growth and retention: Searchable comparisons, daily inventory and pricing, a reconstitution calculator, vendor warnings, SEO pages, and price-drop email alerts.",2026-07-26
SRC-051,Companies and founder media,company-models-founder-media.md,2026 Peptide Company Landscape > A. RUO and catalog ecommerce > 6. Skye Peptides,Peptide Compare vendor page,https://www.peptide-compare.com/vendors/skye-peptides,"July 20, 2026",B,"- Facts: The site is gated but publishes QR-linked lab evidence. The 2026 comparison listed BPC-157 at $59 for 10mg and $89 for 25mg. Testing pages and product artifacts point to Janoshik, MZ Biolabs, and TrustPointe. - Growth and retention: Accounts, broad catalog, email, and third-party review presence. No public affiliate terms were found. - Scale signal: Established in 2023 according to the comparison publisher; its Peptide Compare vendor page tracked 39 peptides and was updated July 20, 2026. - Inference: Strength is multi-lab, QR-verifiable trust. Weakness is little visible founder, community, or retention machinery relative to peers. - Evidence: B. BS risk: 2/5.",2026-07-26
SRC-052,Companies and founder media,company-models-founder-media.md,2026 Peptide Company Landscape > A. RUO and catalog ecommerce > 4. Peptide Crafters,Peptide Crafters,https://peptidecrafters.com/,2026,B,"- Evidence: B. BS risk: 2/5. 4. Peptide Crafters - Facts: Access requires an account, age certification, research qualification, and in some cases business details or an EIN. A current 2026 comparison showed BPC-157 10mg at $55 and described an MZ Biolabs four-test panel covering purity, identity, endotoxin, and sterility. The site offers free second-day air over $250 and a 10% newsletter discount. - Growth and retention: Gated accounts, a research certification, shipping threshold, newsletter discount, studies, and public lab reports. Indexed referral parameters show referral-capable links, but no public commission schedule was found.",2026-07-26
SRC-053,Companies and founder media,company-models-founder-media.md,"2026 Peptide Company Landscape > D. Comparison, media, and community > 29. Peptide Grades",Peptide Grades,https://peptidegrades.com/,"May 30, 2026",B,"- Evidence: B. BS risk: 3/5. 29. Peptide Grades - Facts: The publisher ranks vendors using batch COAs, named labs, identity testing, safety panels, pricing, and policy transparency. Its May 30, 2026 BPC-157 ranking carries a July 2026 price snapshot. The footer discloses affiliate commissions and says payout does not affect rankings. - Growth and retention: High-intent SEO, vendor pages, methodology content, compound profiles, and affiliate clicks. No paid community was visible.",2026-07-26
SRC-054,Companies and founder media | Gray marketing and platforms,company-models-founder-media.md | gray-marketing-platform-evidence.md,"2026 Peptide Company Landscape > D. Comparison, media, and community > 28. Peptide Price | Gray marketing and platform evidence for peptide companies > 2. Age gates, questionnaires, and account walls > Current evidence | Gray marketing and platform evidence for peptide companies > 6. SEO bridges, comparison sites, wikis, and affiliate rankings > Current evidence",Peptide Price | Peptide Price access gate,https://peptideprice.store/,July 2026 | February 2026,"","D. Comparison, media, and community 28. Peptide Price - Facts: Derek Pruski's free Skool community showed 10,700 members. It combines vendor and price discovery, free peptide education, discussions, giveaways, and sale announcements. Pruski co-hosts Beyond the Vial with Peptira founder Ben Criss. - Growth and retention: SEO, short video, Substack-style research, Skool courses, community questions, vendor coupons, unboxings, and recurring sale content. The store or partner monetization is intertwined with education. || - ResearchChemHQ, inspected July 2026. Purchase requires an account and asks for date of birth, phone, business type, 21+ confirmation, and RUO acknowledgment. Source type: current first-party site. Grade: A for visible mechanics. - Peptide Crafters registration, inspected July 2026. Registration asks for date of birth, account and business type, company or researcher status, website, EIN, address, 21+ confirmation, qualified-professional status, and RUO certification. Source type: current first-party site. Grade: A for visible mechanics. - Peptide Price access gate, inspected July 2026. The comparison site requires 21+, qualified-researcher, and RUO attestations before access. Source type:  || - Peptide Compare affiliate disclosure, updated February 2026. It discloses affiliate relationships with select vendors and commissions on purchases. Source type: current first-party artifact. Grade: A. - Peptide Grades BPC-157 ranking, updated in 2026. It ranks vendors, ",2026-07-26
SRC-055,Companies and founder media,company-models-founder-media.md,2026 Peptide Company Landscape > A. RUO and catalog ecommerce > 3. Offline Peptides | 2026 Peptide Company Landscape > Recent founder and operator media worth using > 2. Offline Peptides founder Matthew Pacheco,"Peptides Explained episode | Peptides Explained, June 15, 2026",https://podcasts.apple.com/us/podcast/inside-the-peptide-industry-quality-testing/id1879947678?i=1000772725458,"January 5, 2026 | June 15, 2026",B,"- Facts: BPC-157 was listed at $28 to $38, with 3%, 5%, and 10% quantity discounts. The COA library contains batch-level HPLC and mass-spec reports with 2026 lots. A trademark record lists first use on January 5, 2026. - Growth and retention: Founder Matthew Pacheco appeared on a June 15, 2026 Peptides Explained episode. The episode discloses that the host is an Offline Peptides affiliate. Quantity discounts drive larger baskets; no public subscription terms were found. - Scale signal: Current lots, active fulfillment, and founder media, but a very short public history. - Inference: Strength is accessible pricing paired with a named founder and direct testing discussion. Weakness is little p || 2. Offline Peptides founder Matthew Pacheco - Peptides Explained, June 15, 2026 - Verified mechanics: Named founder, current store, current COAs, and a disclosed affiliate relationship between the host and Offline Peptides. - Unverified claims: Product quality beyond the published sample and broad industry assertions. - Lesson: Founder education can sell trust, but sponsored or affiliate media must be labeled as commercial content. Evidence B, BS risk 2/5.",2026-07-26
SRC-056,Companies and founder media,company-models-founder-media.md,2026 Peptide Company Landscape > A. RUO and catalog ecommerce > 2. Peptira,Peptira Partners group,https://www.skool.com/%40ben-criss-1501,"June 2, 2025","","- Facts: The shop displayed 83 results, including BPC-157 10mg at $49 and GHK-Cu 50mg at $39. The testing library is searchable by batch and includes current and historical reports. A BBB profile names Benjamin Criss and a June 2, 2025 start date. - Growth and retention: The current affiliate program offers Partner and Supporter paths. It says $5,000 in calendar-month referred sales upgrades an affiliate to Partner and finishing below $2,500 moves the affiliate back to Supporter. Exact current rates are not public. The free Peptira Partners group had about 103 members when inspected. Founder Ben Criss co-hosts the Beyond the Vial podcast. - Scale signal: Broad young catalog, a live affiliate",2026-07-26
SRC-057,Companies and founder media,company-models-founder-media.md,2026 Peptide Company Landscape > C. Licensed telehealth and concierge models > 22. Vita Bella,Public DUPR partner pricing,https://vitabella.com/dupr/,"","","22. Vita Bella - Facts: Founder-led hormone and peptide telehealth. Public DUPR partner pricing showed a $99 per month Foundation plan and a $129 member-price Performance plan, with medications billed separately. Phil Vella is publicly named as founder and CEO. - Growth and retention: Fitness podcast integrations, the DUPR pickleball partnership, founder media, memberships, and audience-specific landing pages. No universal public affiliate rate was found. - Scale signal: Visible national partnerships and recurring plans. Partnership reach is not the same as patient or revenue proof. - Inference: Strength is borrowing trust from tight affinity communities. Weakness is total-price opacity once",2026-07-26
SRC-058,Companies and founder media,company-models-founder-media.md,2026 Peptide Company Landscape > A. RUO and catalog ecommerce > 13. BioLongevity Labs,Reddit users have alleged repeated COA identifiers,https://www.reddit.com/r/Nootropics/comments/1q1g3lj/doing_a_background_check_is_important/,2026,"","- Growth and retention: Founder authority, affiliates and coupon codes visible in community posts, a wide catalog, frequent promotions, same-day shipping, free shipping over $400, and supplement cross-sell. A promotional 2026 profile identifies Jay Campbell and Josh Felber as co-founders. - Scale signal: Catalog breadth, multiple connected properties, active communities, and deep promotions. No audited sales were found. - Trust caution: Public COAs exist, but Reddit users have alleged repeated COA identifiers and incomplete endotoxin coverage. Those are unverified allegations, not established findings. - Inference: Strength is founder-led audience plus a broad lifetime-value ladder. Weakness",2026-07-26
SRC-059,Companies and founder media,company-models-founder-media.md,2026 Peptide Company Landscape > A. RUO and catalog ecommerce > 8. Simple Peptide,Simple Peptide,https://simplepeptide.com/,"",C,"- Evidence: C. BS risk: 4/5. 8. Simple Peptide - Facts: The current catalog is gated. A recent cached shop showed BPC-157 at $68, while the July comparison snapshot showed $55. The company presents third-party testing and U.S. manufacturing claims but does not consistently name the lab on public pages. - Growth and retention: Affiliate navigation, points, 20% to 30% volume offers in cached pages, email and SMS, same-day shipping claims, and cross-brand remarketing. Its privacy policy explicitly describes affiliated-brand retargeting and rewards. The corporate name Melex Technologies and sister brand Alpha Omega are publicly presented.",2026-07-26
SRC-060,Companies and founder media,company-models-founder-media.md,"2026 Peptide Company Landscape > D. Comparison, media, and community > 28. Peptide Price",Skool community,https://www.skool.com/peptide-price-9771/classroom/b7dcc989?md=125767e18f1447329dc08e8bea5105b7,"","","28. Peptide Price - Facts: Derek Pruski's free Skool community showed 10,700 members. It combines vendor and price discovery, free peptide education, discussions, giveaways, and sale announcements. Pruski co-hosts Beyond the Vial with Peptira founder Ben Criss. - Growth and retention: SEO, short video, Substack-style research, Skool courses, community questions, vendor coupons, unboxings, and recurring sale content. The store or partner monetization is intertwined with education. - Scale signal: 10,700 community members is the strongest directly visible audience signal in this study. - Inference: Strength is owning attention before purchase. Weakness is that protocol and stack content can bl",2026-07-26
SRC-061,Companies and founder media,company-models-founder-media.md,2026 Peptide Company Landscape > A. RUO and catalog ecommerce > 6. Skye Peptides,Skye Peptides,https://skyepeptides.com/,2026,B,"- Evidence: B. BS risk: 2/5. 6. Skye Peptides - Facts: The site is gated but publishes QR-linked lab evidence. The 2026 comparison listed BPC-157 at $59 for 10mg and $89 for 25mg. Testing pages and product artifacts point to Janoshik, MZ Biolabs, and TrustPointe. - Growth and retention: Accounts, broad catalog, email, and third-party review presence. No public affiliate terms were found.",2026-07-26
SRC-062,Companies and founder media | Gray-market operator evidence,company-models-founder-media.md | gray-market-operator-evidence.md,"2026 Peptide Company Landscape > C. Licensed telehealth and concierge models > 20. NOHO Labs | Gray-market operator evidence > 8. Affiliate, creator, and consultation separation | Gray-market operator evidence > 12. Telehealth, compounding, pharmacy, and referral boundaries",Terms | NOHO Labs | NOHO Labs terms,https://www.noholabs.com/terms-of-use/,June 2026 | July 2026,C,"- Facts: Premium concierge membership spanning performance, immune support, mood and sleep, healthy aging, and beauty. The peptide page describes licensed-clinician review, accredited independent testing for identity, potency, sterility, and endotoxin, and sourcing from FDA-inspected facilities. Current public pricing was not found. - Growth and retention: A recurring membership includes clinical access and a monthly wallet for products. Terms say unused wallet balance expires monthly and that medications, supply, and fees can sit outside the membership. The site explicitly bars compensation for ordinary member referral codes. - Scale signal: Named clinical leaders, concierge support, curren || - A June 2026 US creator offer advertises up to 40% commission, free product, and coaching. Credibility: C/D. - A current 30% affiliate recruitment post received a public challenge alleging invalid or reused test identifiers and no vial batch numbers. The allegation is not independently established, but it demonstrates how affiliate growth can outrun trust diligence. Credibility: C. - Public medical models draw different lines. Joi + Blokes pays advocates on supplements but not prescriptions or labs. NOHO Labs says ordinary member referral codes are not compensated. Credibility: A. What this reveals about the business: || - A January to July 2026 BlackHatWorld telehealth affiliate thread discusses CPA, revenue share, hybrid payments, and a recurring subscription. Most replies are netwo",2026-07-26
SRC-063,Companies and founder media,company-models-founder-media.md,2026 Peptide Company Landscape > C. Licensed telehealth and concierge models > 23. Transcend Company,Transcend Company,https://transcendcompany.com/,"",B,"- Evidence: B. BS risk: 2/5. 23. Transcend Company - Facts: Telehealth spanning hormones, peptides, weight management, and wellness, with labs and provider review. A BBB profile says the business started in 2020 and identifies Ernest Colling as owner and CEO. Public full-program pricing is limited. - Growth and retention: Athlete ambassadors, founder podcasts, referral codes, ongoing care, and a giveaway advertising a six-month program with a claimed $20,000 value in exchange for extensive marketing content and likeness rights.",2026-07-26
SRC-064,Companies and founder media,company-models-founder-media.md,"2026 Peptide Company Landscape > B. Testing, white-label, and infrastructure > 17. TrustPointe Analytics",TrustPointe Analytics,https://trustpointeanalytics.com/,November 2023,B,"- Evidence: B. BS risk: 2/5. 17. TrustPointe Analytics - Facts: The about page says the company was founded in November 2023 by pharmaceutical chemists and names Ashlee Lust as founder and president. Services include potency, peptide, sterility, stability, and method-validation work, with a separate LIMS and COA-verification product. - Growth and retention: Recurring lot testing, LIMS lock-in, technical blog content, newsletter, and an affiliate link in site navigation. Public commission terms were not found.",2026-07-26
SRC-065,Companies and founder media,company-models-founder-media.md,2026 Peptide Company Landscape > A. RUO and catalog ecommerce > 5. Verified Peptides,Verified Peptides,https://verifiedpeptides.com/,2026,B,"- Evidence: B. BS risk: 2/5. 5. Verified Peptides - Facts: The site says it launched in 2020, published its first lab test in 2019, and has more than 500 lab reports. Current product pages show testing for purity, weight, sterility, and endotoxin. The 2026 comparison listed BPC-157 10mg at $53. Product quantity discounts are 10% for 5 to 9 units, 15% for 10 to 19, and 25% for 20 or more. - Growth and retention: SEO through a recently updated knowledge hub, accounts, coupons, quantity tiers, and an email list the company claims includes 5,000 active members. No clear public affiliate offer was found.",2026-07-26
SRC-066,Companies and founder media,company-models-founder-media.md,2026 Peptide Company Landscape > C. Licensed telehealth and concierge models > 22. Vita Bella,Vita Bella,https://vitabella.com/,"",B,"- Evidence: B/C. BS risk: 3/5. 22. Vita Bella - Facts: Founder-led hormone and peptide telehealth. Public DUPR partner pricing showed a $99 per month Foundation plan and a $129 member-price Performance plan, with medications billed separately. Phil Vella is publicly named as founder and CEO. - Growth and retention: Fitness podcast integrations, the DUPR pickleball partnership, founder media, memberships, and audience-specific landing pages. No universal public affiliate rate was found.",2026-07-26
SRC-067,Companies and founder media | Viability Economics Exit,company-models-founder-media.md | viability-economics-exit.md,"2026 Peptide Company Landscape > B. Testing, white-label, and infrastructure > 18. Your Peptide Brand | Peptide viability, economics, and exit reality > Current cost evidence",Your Peptide Brand | turnkey white-label catalog,https://yourpeptidebrand.com/dropshipping/,July 2026 | May 2026,B,"- Evidence: B. BS risk: 2/5. 18. Your Peptide Brand - Facts: A turnkey white-label and dropship service with 63 SKUs, custom labels, branded packing slips, batch COAs, a branded return address, and WooCommerce order routing. July 2026 examples listed BPC-157 10mg at a $33.59 Premier cost with $100 suggested retail, GLOW at $81.96 with $250 suggested retail, and NAD+ 1000mg at $75.05 with $300 suggested retail. - Growth and retention: The service sells speed and no-inventory entry to new operators. Its recurring revenue comes from wholesale fulfillment and platform dependence rather than consumer loyalty. || Cost Current evidence Planning treatment Grade --- --- --- ---: Product A turnkey white-label catalog showed examples around one-third of suggested retail before discounts; Braden privately reports $3 to $4 source vials Model 13% to 28% combined landed product, packaging, and test allocation; do not use the private quote until invoices and specifications reconcile B/D Lot testing Freedom Diagnostics' May 2026 sheet lists $200 purity and identity, $25 net content, $175 endotoxin, and $150 PCR sterility $550 per molecule and lot before conformity samples, freight, failed lots, or retests. This is $5.50 per sold vial at 100 units and $0.55 at 1,000 A Creator acquisition Offline's current progra",2026-07-26
SRC-068,Companies and founder media,company-models-founder-media.md,"2026 Peptide Company Landscape > B. Testing, white-label, and infrastructure > 17. TrustPointe Analytics",about page,https://trustpointeanalytics.com/pages/about-us,November 2023,"","17. TrustPointe Analytics - Facts: The about page says the company was founded in November 2023 by pharmaceutical chemists and names Ashlee Lust as founder and president. Services include potency, peptide, sterility, stability, and method-validation work, with a separate LIMS and COA-verification product. - Growth and retention: Recurring lot testing, LIMS lock-in, technical blog content, newsletter, and an affiliate link in site navigation. Public commission terms were not found. - Scale signal: Named founder, physical contact details, current service catalog, and live ordering. No independent revenue or volume was found. - Inference: Strength is moving from a one-off test to a traceability",2026-07-26
SRC-069,Companies and founder media,company-models-founder-media.md,2026 Peptide Company Landscape > A. RUO and catalog ecommerce > 7. Ion Peptide,affiliate dashboard,https://ionpeptide.com/stats/,June 2026,"","7. Ion Peptide - Facts: A 2026 comparison listed BPC-157 10mg at $48 and described Freedom Diagnostics testing with more than 50 reports. The affiliate dashboard supports click, referral, and commission tracking. Community guidelines prohibit medical, dosing, and reconstitution advice. - Growth and retention: Affiliate tracking, member accounts, community rules, and a mission-led content angle. The mission page claims a $25K monthly medical-research donation pledge and displays one June 2026 $25K entry. - Scale signal: The comparison publisher says the domain began in August 2025. Donation volume and customer counts are not independently proven. - Inference: Strength is ready-made affiliate ",2026-07-26
SRC-070,Companies and founder media | Gray marketing and platforms,company-models-founder-media.md | gray-marketing-platform-evidence.md,"2026 Peptide Company Landscape > D. Comparison, media, and community > 30. Peptide Compare | Gray marketing and platform evidence for peptide companies > 6. SEO bridges, comparison sites, wikis, and affiliate rankings > Current evidence",affiliate disclosure | Peptide Compare affiliate disclosure,https://www.peptide-compare.com/affiliate-disclosure,July 2026,"","30. Peptide Compare - Facts: The home page says ""250+ vendors,"" while the same page reports 67-plus vendors tracked, 101 peptides, and daily price updates. The ranking method uses Finnrick blind-test scores, Janoshik report counts, price per milligram, and stock. Its affiliate disclosure says some vendor links pay commission but cannot buy rank. Builder B. Gray Randolph is named publicly. - Growth and retention: Searchable comparisons, daily inventory and pricing, a reconstitution calculator, vendor warnings, SEO pages, and price-drop email alerts. - Scale signal: 67-plus tracked vendors and 101 compounds are inspectable product depth, though the ""250+"" headline conflicts with the on-page co || - Peptide Compare ranking methodology, inspected July 2026. The site calls itself independent and ranks vendors using trust, laboratory, and price factors. Source type: current first-party comparison-site artifact. Grade: A for what it represents. - Peptide Compare affiliate disclosure, updated February 2026. It discloses affiliate relationships with select vendors and commissions on purchases. Source type: current first-party artifact. Grade: A. - Peptide Grades BPC-157 ranking, updated in 2026. It ranks vendors, shows prices, links directly to sellers, and has affiliate disclosure language. Source type: commercial affiliate content. Grade: C for rankings and market claims. - Peptide Price,",2026-07-26
SRC-071,Companies and founder media,company-models-founder-media.md,2026 Peptide Company Landscape > C. Licensed telehealth and concierge models > 23. Transcend Company,giveaway,https://transcendcompany.com/pages/giveaway,"","","- Facts: Telehealth spanning hormones, peptides, weight management, and wellness, with labs and provider review. A BBB profile says the business started in 2020 and identifies Ernest Colling as owner and CEO. Public full-program pricing is limited. - Growth and retention: Athlete ambassadors, founder podcasts, referral codes, ongoing care, and a giveaway advertising a six-month program with a claimed $20,000 value in exchange for extensive marketing content and likeness rights. - Scale signal: Five-plus years, named operator, ambassador footprint, and recurring clinical model. BBB also shows refund and service complaints that should be reviewed in diligence. - Inference: Strength is identity",2026-07-26
SRC-072,Companies and founder media,company-models-founder-media.md,2026 Peptide Company Landscape > A. RUO and catalog ecommerce > 5. Verified Peptides,knowledge hub,https://verifiedpeptides.com/knowledge-hub/research-use-only-explained-what-legitimate-peptide-suppliers-do-differently/,2026,"","- Facts: The site says it launched in 2020, published its first lab test in 2019, and has more than 500 lab reports. Current product pages show testing for purity, weight, sterility, and endotoxin. The 2026 comparison listed BPC-157 10mg at $53. Product quantity discounts are 10% for 5 to 9 units, 15% for 10 to 19, and 25% for 20 or more. - Growth and retention: SEO through a recently updated knowledge hub, accounts, coupons, quantity tiers, and an email list the company claims includes 5,000 active members. No clear public affiliate offer was found. - Scale signal: Five-plus years, a deep public report archive, and broad catalog. The home page simultaneously references ""60+"" and ""500+"" test",2026-07-26
SRC-073,Companies and founder media,company-models-founder-media.md,2026 Peptide Company Landscape > A. RUO and catalog ecommerce > 7. Ion Peptide,mission page,https://ionpeptide.com/our-mission/,June 2026,"","- Facts: A 2026 comparison listed BPC-157 10mg at $48 and described Freedom Diagnostics testing with more than 50 reports. The affiliate dashboard supports click, referral, and commission tracking. Community guidelines prohibit medical, dosing, and reconstitution advice. - Growth and retention: Affiliate tracking, member accounts, community rules, and a mission-led content angle. The mission page claims a $25K monthly medical-research donation pledge and displays one June 2026 $25K entry. - Scale signal: The comparison publisher says the domain began in August 2025. Donation volume and customer counts are not independently proven. - Inference: Strength is ready-made affiliate instrumentation",2026-07-26
SRC-074,Companies and founder media,company-models-founder-media.md,"2026 Peptide Company Landscape > Budai Media peptide case-study audit > Episode 325, July 21, 2026 | 2026 Peptide Company Landscape > Platform and processor reality",peptide landing page | Budai Media,https://thebudaimedia.com/peptide-landing-page/,November 2025 | 2026,"","- Agency claim: A store that began in November 2025 reached $600K in one month six months later, including $20K per day from Google. Budai says the agency has worked with almost a dozen peptide stores. - Mechanics that are plausible and reusable: Launch retention and subscription from day one, use high-intent search before broad awareness, make compliance part of product-page operations, and design continuity for processor or email-platform loss. - Credibility flags: The agency's own peptide landing page mixes four-, five-, and six-month timelines, has inconsistent case-study dates, and reports several slightly different peak numbers. The client remains anonymous and no raw dashboard is publ || - ResearchChemHQ says payment methods change with processor availability and currently describes multiple card, bank, wallet, and crypto options. - Budai Media says Stripe removed a client, Klaviyo removed another, product ads were disapproved, and some operators cycle burner accounts. Budai says it refuses burner-account strategies. - The Guardian documents the rapid growth and oversight concerns around RUO peptides. - A 2026 Associated Press report describes the conflict between RUO labels and public human-use promotion.",2026-07-26
SRC-075,Companies and founder media,company-models-founder-media.md,2026 Peptide Company Landscape > C. Licensed telehealth and concierge models > 20. NOHO Labs,peptide page,https://noholabs.com/peptides/,"","","20. NOHO Labs - Facts: Premium concierge membership spanning performance, immune support, mood and sleep, healthy aging, and beauty. The peptide page describes licensed-clinician review, accredited independent testing for identity, potency, sterility, and endotoxin, and sourcing from FDA-inspected facilities. Current public pricing was not found. - Growth and retention: A recurring membership includes clinical access and a monthly wallet for products. Terms say unused wallet balance expires monthly and that medications, supply, and fees can sit outside the membership. The site explicitly bars compensation for ordinary member referral codes. - Scale signal: Named clinical leaders, concierge s",2026-07-26
SRC-076,Companies and founder media,company-models-founder-media.md,2026 Peptide Company Landscape > A. RUO and catalog ecommerce > 8. Simple Peptide,privacy policy,https://simplepeptide.com/privacy-policy/,"","","- Facts: The current catalog is gated. A recent cached shop showed BPC-157 at $68, while the July comparison snapshot showed $55. The company presents third-party testing and U.S. manufacturing claims but does not consistently name the lab on public pages. - Growth and retention: Affiliate navigation, points, 20% to 30% volume offers in cached pages, email and SMS, same-day shipping claims, and cross-brand remarketing. Its privacy policy explicitly describes affiliated-brand retargeting and rewards. The corporate name Melex Technologies and sister brand Alpha Omega are publicly presented. - Scale signal: A comparison publisher reported more than 385 Trustpilot reviews. No audited sales were ",2026-07-26
SRC-077,Companies and founder media,company-models-founder-media.md,"2026 Peptide Company Landscape > B. Testing, white-label, and infrastructure > 14. Janoshik Analytical",public-results and verification system,https://janoshik.com/public-tests/,"April 6, 2026","","14. Janoshik Analytical - Facts: Independent analytical testing with a public-results and verification system. Example public prices add $180 for endotoxin, $290 for sterility, $145 for CHNS, and $35 for an additional report, depending on service. - Growth and retention: Public QR verification makes Janoshik part of its customers' marketing. Every new vendor lot creates recurring testing demand. - Scale signal: An April 6, 2026 Guardian report quotes chemist Peter Magic saying Janoshik volume had risen to about 5,000 samples per month. - Inference: Strength is becoming the category's trust primitive. Weakness is that vendor-submitted samples do not automatically prove random customer invento",2026-07-26
SRC-078,Companies and founder media | Gray marketing and platforms,company-models-founder-media.md | gray-marketing-platform-evidence.md,"2026 Peptide Company Landscape > D. Comparison, media, and community > 30. Peptide Compare | Gray marketing and platform evidence for peptide companies > 6. SEO bridges, comparison sites, wikis, and affiliate rankings > Current evidence",ranking method | Peptide Compare ranking methodology,https://www.peptide-compare.com/how-we-rank,July 2026,"","30. Peptide Compare - Facts: The home page says ""250+ vendors,"" while the same page reports 67-plus vendors tracked, 101 peptides, and daily price updates. The ranking method uses Finnrick blind-test scores, Janoshik report counts, price per milligram, and stock. Its affiliate disclosure says some vendor links pay commission but cannot buy rank. Builder B. Gray Randolph is named publicly. - Growth and retention: Searchable comparisons, daily inventory and pricing, a reconstitution calculator, vendor warnings, SEO pages, and price-drop email alerts. - Scale signal: 67-plus tracked vendors and 101 compounds are inspectable product depth, though the ""250+"" headline conflicts with the on-page co || Current evidence - Peptide Compare ranking methodology, inspected July 2026. The site calls itself independent and ranks vendors using trust, laboratory, and price factors. Source type: current first-party comparison-site artifact. Grade: A for what it represents. - Peptide Compare affiliate disclosure, updated February 2026. It discloses affiliate relationships with select vendors and commissions on purchases. Source type: current first-party artifact. Grade: A. - Peptide Grades BPC-157 ranking, updated in 2026. It ranks vendors, shows prices, links directly to sellers, and has affiliate disclosure language. Source type: commercial affiliate content. Grade: C for rankings and market claims.",2026-07-26
SRC-079,Companies and founder media,company-models-founder-media.md,2026 Peptide Company Landscape > A. RUO and catalog ecommerce > 2. Peptira,shop,https://peptira.com/shop/,"June 2, 2025","","2. Peptira - Facts: The shop displayed 83 results, including BPC-157 10mg at $49 and GHK-Cu 50mg at $39. The testing library is searchable by batch and includes current and historical reports. A BBB profile names Benjamin Criss and a June 2, 2025 start date. - Growth and retention: The current affiliate program offers Partner and Supporter paths. It says $5,000 in calendar-month referred sales upgrades an affiliate to Partner and finishing below $2,500 moves the affiliate back to Supporter. Exact current rates are not public. The free Peptira Partners group had about 103 members when inspected. Founder Ben Criss co-hosts the Beyond the Vial podcast. - Scale signal: Broad young catalog, a liv",2026-07-26
SRC-080,Companies and founder media,company-models-founder-media.md,2026 Peptide Company Landscape > A. RUO and catalog ecommerce > 13. BioLongevity Labs,supplement catalog,https://biolongevitysupplements.com/,2026,"","13. BioLongevity Labs - Facts: Purchase requires an account. The site claims more than 150 research peptides, U.S. manufacturing, 99% purity, and testing through three independent labs. It also operates a separate supplement catalog covering bioregulators and small-molecule products. - Growth and retention: Founder authority, affiliates and coupon codes visible in community posts, a wide catalog, frequent promotions, same-day shipping, free shipping over $400, and supplement cross-sell. A promotional 2026 profile identifies Jay Campbell and Josh Felber as co-founders. - Scale signal: Catalog breadth, multiple connected properties, active communities, and deep promotions. No audited sales wer",2026-07-26
SRC-081,Companies and founder media,company-models-founder-media.md,2026 Peptide Company Landscape > A. RUO and catalog ecommerce > 11. Chameleon Peptides,testing page,https://chameleonpeptides.com/testing/,July 2026,"","11. Chameleon Peptides - Facts: BPC-157 5mg was listed from $34.20 and a BPC-157 plus TB-500 blend from $63.90. The testing page exposes direct Janoshik verification links and batch-specific results. The site showed 122 Trustpilot reviews in July 2026. - Growth and retention: Strong packaging, a vial case, a welcome card with discount code, small extras, fast dispatch, rewards, founder-level service, and testimonial-led social proof. No public affiliate terms were found. - Scale signal: Current reviews repeatedly name owner Stuart and describe repeat purchases. Reviews are useful demand signals, not independent quality or revenue proof. - Inference: Strength is turning service, unboxing, and",2026-07-26
SRC-082,Companies and founder media,company-models-founder-media.md,2026 Peptide Company Landscape > A. RUO and catalog ecommerce > 3. Offline Peptides,trademark record,https://trademarks.justia.com/997/34/offline-99734982.html,"January 5, 2026","","3. Offline Peptides - Facts: BPC-157 was listed at $28 to $38, with 3%, 5%, and 10% quantity discounts. The COA library contains batch-level HPLC and mass-spec reports with 2026 lots. A trademark record lists first use on January 5, 2026. - Growth and retention: Founder Matthew Pacheco appeared on a June 15, 2026 Peptides Explained episode. The episode discloses that the host is an Offline Peptides affiliate. Quantity discounts drive larger baskets; no public subscription terms were found. - Scale signal: Current lots, active fulfillment, and founder media, but a very short public history. - Inference: Strength is accessible pricing paired with a named founder and direct testing discussion. ",2026-07-26
SRC-083,Customer voice and primary reality,customer-voice-trust.md,Peptide buyer voice and trust economics > Gray-area claim versus primary reality,16 CFR 255.1,https://www.ecfr.gov/current/title-16/chapter-I/subchapter-B/part-255/section-255.1,"","","“Educational” calculators, reconstitution pages, or supplies remain neutral if surrounded by RUO language Kinetic's current calculator and research guide include syringe/dose-oriented and reconstitution material while stating RUO. E4. FDA's Gram letter treated selling bacteriostatic water beside injectable peptides and benefit language as intended-use evidence. P. Limit education to the approved purchaser's legitimate laboratory handling and documentation needs. Counsel reviews adjacent supplies and tools. Telehealth, a prescription workflow, or a compounding pharmacy makes retatrutide permissible Current consumer marketing often uses “personalized” or “compounded” positioning. FDA states re",2026-07-26
SRC-084,Customer voice and primary reality,customer-voice-trust.md,Peptide buyer voice and trust economics > Gray-area claim versus primary reality,21 CFR 201.128,https://www.ecfr.gov/current/title-21/chapter-I/subchapter-C/part-201/subpart-D/section-201.128,"June 15, 2026","","Current company/forum claim or pattern Current example Primary reality Noli decision rule --- --- --- --- “Research use only” or “not for human consumption” defines the transaction Kinetic Compounds RUO policy, updated June 15, 2026 21 CFR 201.128 says intended use can be shown by claims, advertising, statements, design, and distribution circumstances. In the March 31, 2026 Gram Peptides letter, FDA said RUO language did not outweigh human-use evidence. P. A disclaimer is not the model. Only pursue a genuinely qualified research channel after counsel reviews the entire funnel. An 18+/21+ age gate creates a safe harbor TitanPep currently combines a 21+ gate and RUO checkbox with retail catego",2026-07-26
SRC-085,Customer voice and primary reality,customer-voice-trust.md,Peptide buyer voice and trust economics > Gray-area claim versus primary reality,255.5,https://www.ecfr.gov/current/title-16/chapter-I/subchapter-B/part-255/section-255.5,"","","“Educational” calculators, reconstitution pages, or supplies remain neutral if surrounded by RUO language Kinetic's current calculator and research guide include syringe/dose-oriented and reconstitution material while stating RUO. E4. FDA's Gram letter treated selling bacteriostatic water beside injectable peptides and benefit language as intended-use evidence. P. Limit education to the approved purchaser's legitimate laboratory handling and documentation needs. Counsel reviews adjacent supplies and tools. Telehealth, a prescription workflow, or a compounding pharmacy makes retatrutide permissible Current consumer marketing often uses “personalized” or “compounded” positioning. FDA states re",2026-07-26
SRC-086,Customer voice and primary reality | Forums and operator growth,customer-voice-trust.md | operator-growth-playbook.md,"Peptide buyer voice and trust economics > Evidence ledger: 44-source coded core > MESO-Rx and community testing | Peptide operator forum playbook > The complete gray-area map > 7. Vendor COAs, selective tests, blind tests, and community testing",Alternative to Janoshik discussion | 2025 MESO-Rx discussion,https://www.thinksteroids.com/community/threads/alternative-to-janoshik-for-testing-peptides.134430233/,"March 29, 2026 | June 2026","","29. Project Clear Gear official testing thread, April 2026. E3. 30. Enhanced Testing database, January 2025. E3. 31. Alternative to Janoshik discussion, May-July 2025. E1/E3. 32. COA and purity debate, May-June 2026. E1. 33. ZLZ test-results and referral thread, March 29, 2026. E3/E5. || - In a current MESO-Rx vendor-test thread, a lab representative says vendor-submitted tests can be selected ""hot"" samples and calls for buyer tests. Grade C, with visible conflicting incentives. - A June 2026 group-testing request is rejected because a new member would control the samples while the community funded the tests. Grade B for the trust reaction. - A 2025 MESO-Rx discussion debates the incentives behind a free-testing database and waits for results from members people trust. Grade C. - A Professional Muscle thread shows interest in easier domestic testing and mystery-sample submission. Grade C. - A May 2025 vendor thread contains a buyer challenging the use of one batch's report f",2026-07-26
SRC-087,Customer voice and primary reality,customer-voice-trust.md,Peptide buyer voice and trust economics > Evidence ledger: 44-source coded core > Reddit customer voice,Amino/Soma wrong-address and domain-confusion thread,https://www.reddit.com/r/amino_asylum/comments/1rkwdl1/wrong_shipping_address/,"June 3, 2026","","37. Peptidesource no-sourcing moderation notice, June 3, 2026. E4. 38. Skye Peptides experience thread, comments through 2026. E1. 39. Amino/Soma wrong-address and domain-confusion thread, March 4, 2026. E1. 40. Atomik customer dispute, March 27, 2026. E1 for service handling; E5 for product conclusion. 41. Affiliate vendor roundup, March 19, 2026. E5. 42. Domestic-site convenience-price discussion, 2025. E1.",2026-07-26
SRC-088,Customer voice and primary reality,customer-voice-trust.md,Peptide buyer voice and trust economics > Evidence ledger: 44-source coded core > BBB complaints and reviews,Apex Peptides reviews,https://www.bbb.org/us/sd/north-sioux-city/profile/vitamins-and-supplements/apex-peptides-0664-32159350/customer-reviews,October 2025,"","15. Paramount Peptides complaints, October 2025. E2. 16. Evolve BioPep reviews, 2025-2026. E2. 17. Apex Peptides reviews, accessed 2026-07-26. E2. 18. Limitless Life Nootropics reviews, 2024-2025 baseline. E2. BBB says it does not verify third-party submissions. Complaint counts have no known order-volume denominator.",2026-07-26
SRC-089,Customer voice and primary reality,customer-voice-trust.md,Peptide buyer voice and trust economics > Evidence ledger: 44-source coded core > Reddit customer voice,Atomik customer dispute,https://www.reddit.com/r/AtomikLabz_Peptides/comments/1s5a7ka/pretty_sure_they_sold_me_diluted_or_fake/,"March 4, 2026","","38. Skye Peptides experience thread, comments through 2026. E1. 39. Amino/Soma wrong-address and domain-confusion thread, March 4, 2026. E1. 40. Atomik customer dispute, March 27, 2026. E1 for service handling; E5 for product conclusion. 41. Affiliate vendor roundup, March 19, 2026. E5. 42. Domestic-site convenience-price discussion, 2025. E1. 43. Unsolicited social and WhatsApp scam discussion, July 8, 2026. E1/E5 for named claims.",2026-07-26
SRC-090,Customer voice and primary reality,customer-voice-trust.md,Peptide buyer voice and trust economics > Evidence ledger: 44-source coded core > BBB complaints and reviews,Base Peptides complaints,https://www.bbb.org/us/sc/greenville/profile/internet-marketing-services/base-peptides-0673-90048539/complaints,November 2025,"","11. Peptides 4 Research complaints, November 2025. E2. 12. Peptide Shop complaints, March 2026. E2. 13. Base Peptides complaints, September 2025. E2. 14. Recon Peptides complaints, June 2025. E2. 15. Paramount Peptides complaints, October 2025. E2. 16. Evolve BioPep reviews, 2025-2026. E2.",2026-07-26
SRC-091,Customer voice and primary reality,customer-voice-trust.md,Peptide buyer voice and trust economics > Evidence ledger: 44-source coded core > Reddit customer voice,Blind-vial COA post,https://www.reddit.com/r/Retatrutide/comments/1tnfhn8/coa_sent_a_blind_vial_in_from_my_grey_supplier/,"June 3, 2026","","34. Third-party testing, July 20-21, 2026. E1. 35. Third-party testing, RetatrutideWomen, July 20-22, 2026. E1. 36. Blind-vial COA post, 2026. E1/E3, with motive skepticism in comments. 37. Peptidesource no-sourcing moderation notice, June 3, 2026. E4. 38. Skye Peptides experience thread, comments through 2026. E1. 39. Amino/Soma wrong-address and domain-confusion thread, March 4, 2026. E1.",2026-07-26
SRC-092,Customer voice and primary reality,customer-voice-trust.md,Peptide buyer voice and trust economics > Evidence ledger: 44-source coded core > MESO-Rx and community testing,COA and purity debate,https://thinksteroids.com/community/threads/the-demand-for-coas-and-purity-will-be-the-downfall-of-gray-market-peptides.134442789/,"March 29, 2026","","30. Enhanced Testing database, January 2025. E3. 31. Alternative to Janoshik discussion, May-July 2025. E1/E3. 32. COA and purity debate, May-June 2026. E1. 33. ZLZ test-results and referral thread, March 29, 2026. E3/E5. Reddit customer voice",2026-07-26
SRC-093,Customer voice and primary reality,customer-voice-trust.md,Peptide buyer voice and trust economics > Testing: the strongest trust lever and the easiest one to fake > Why a single badge is insufficient | Peptide buyer voice and trust economics > Evidence ledger: 44-source coded core > Review profiles and independent scorecards,Disclosed Labs | Disclosed Labs: Skye Peptides,https://www.disclosedlabs.com/vendors/skyepeptides.com,2026,"","- Finnrick displays 75 tests with 42 pass and 33 fail under its methodology. - Disclosed Labs displays 158 COAs, grade B/83, and 158 passed. - Peptigrity displays 13 reviews, 4.23, and 92% “buy again.” These pages are measuring different samples, attributes, periods, and submissions. Their results should not be averaged into a synthetic truth. E3/E4. || 6. True Research Labs, Trustpilot, accessed 2026-07-26. E2/E4. 7. Finnrick: Skye Peptides, accessed 2026-07-26. E3/E4. 8. Disclosed Labs: Skye Peptides, accessed 2026-07-26. E3/E4. 9. Peptigrity: Skye Peptides, accessed 2026-07-26. E2/E4. BBB complaints and reviews",2026-07-26
SRC-094,Customer voice and primary reality,customer-voice-trust.md,Peptide buyer voice and trust economics > Evidence ledger: 44-source coded core > Reddit customer voice,Domestic-site convenience-price discussion,https://www.reddit.com/r/Retatrutide/comments/1n1ay7w/does_anyone_just_buy_from_a_standard_peptide/,"March 27, 2026","","40. Atomik customer dispute, March 27, 2026. E1 for service handling; E5 for product conclusion. 41. Affiliate vendor roundup, March 19, 2026. E5. 42. Domestic-site convenience-price discussion, 2025. E1. 43. Unsolicited social and WhatsApp scam discussion, July 8, 2026. E1/E5 for named claims. 44. What to look for in tests, July 2026. E1.",2026-07-26
SRC-095,Customer voice and primary reality,customer-voice-trust.md,Peptide buyer voice and trust economics > Evidence ledger: 44-source coded core > MESO-Rx and community testing,Enhanced Testing database,https://thinksteroids.com/community/threads/enhanced-testing-database.134427487/page-7,"February 10, 2026","","28. Why MESO-Rx is not a source board, February 10, 2026. E4. 29. Project Clear Gear official testing thread, April 2026. E3. 30. Enhanced Testing database, January 2025. E3. 31. Alternative to Janoshik discussion, May-July 2025. E1/E3. 32. COA and purity debate, May-June 2026. E1. 33. ZLZ test-results and referral thread, March 29, 2026. E3/E5.",2026-07-26
SRC-096,Customer voice and primary reality,customer-voice-trust.md,Peptide buyer voice and trust economics > Evidence ledger: 44-source coded core > BBB complaints and reviews,Evolve BioPep reviews,https://www.bbb.org/us/wy/cheyenne/profile/health-medical-general/evolve-biopep-llc-0805-46152351/customer-reviews,June 2025,"","14. Recon Peptides complaints, June 2025. E2. 15. Paramount Peptides complaints, October 2025. E2. 16. Evolve BioPep reviews, 2025-2026. E2. 17. Apex Peptides reviews, accessed 2026-07-26. E2. 18. Limitless Life Nootropics reviews, 2024-2025 baseline. E2.",2026-07-26
SRC-097,Customer voice and primary reality,customer-voice-trust.md,Peptide buyer voice and trust economics > Gray-area claim versus primary reality,FTC Health Products Compliance Guidance,https://www.ftc.gov/business-guidance/resources/health-products-compliance-guidance,"","","“Educational” calculators, reconstitution pages, or supplies remain neutral if surrounded by RUO language Kinetic's current calculator and research guide include syringe/dose-oriented and reconstitution material while stating RUO. E4. FDA's Gram letter treated selling bacteriostatic water beside injectable peptides and benefit language as intended-use evidence. P. Limit education to the approved purchaser's legitimate laboratory handling and documentation needs. Counsel reviews adjacent supplies and tools. Telehealth, a prescription workflow, or a compounding pharmacy makes retatrutide permissible Current consumer marketing often uses “personalized” or “compounded” positioning. FDA states re",2026-07-26
SRC-098,Customer voice and primary reality,customer-voice-trust.md,Peptide buyer voice and trust economics > Testing: the strongest trust lever and the easiest one to fake > Why a single badge is insufficient | Peptide buyer voice and trust economics > Evidence ledger: 44-source coded core > Review profiles and independent scorecards,Finnrick | Finnrick: Skye Peptides,https://www.finnrick.com/vendors/skye-peptides,2026,"","Three current profiles for Skye illustrate methodology risk: - Finnrick displays 75 tests with 42 pass and 33 fail under its methodology. - Disclosed Labs displays 158 COAs, grade B/83, and 158 passed. - Peptigrity displays 13 reviews, 4.23, and 92% “buy again.” || 5. Prime Lab, Trustpilot, accessed 2026-07-26. E2/E4. 6. True Research Labs, Trustpilot, accessed 2026-07-26. E2/E4. 7. Finnrick: Skye Peptides, accessed 2026-07-26. E3/E4. 8. Disclosed Labs: Skye Peptides, accessed 2026-07-26. E3/E4. 9. Peptigrity: Skye Peptides, accessed 2026-07-26. E2/E4.",2026-07-26
SRC-099,Customer voice and primary reality,customer-voice-trust.md,Peptide buyer voice and trust economics > The buyer trust journey > 1. Discovery is fragmented and increasingly private | Peptide buyer voice and trust economics > Evidence ledger: 44-source coded core > GLP1Forum and its ecosystem,GLP1Forum discovery thread | Current discovery advice,https://glp1forum.com/threads/cha-ching-dollar-banknote.17510/,"May 2025 | May 19, 2026","","- A May 2025 GLP1Forum supplier thread shows users finding vendor sections through forum search and then moving to WhatsApp for current pricing, COAs, and shipping details. E1. - A May 2026 GLP1Forum discovery thread points newcomers to forum history, vendor reviews, and private testing/review channels. E1. - A June 2026 r/Peptidesource moderation notice prohibits vendor names, pricing, group buys, DMs, and redirection to Telegram, WhatsApp, or Discord. E4. This explains how a private phone number can spread without appearing on a homepage. A contact can move through forwarded introductions, customer address books, affiliate or vendor lists, private groups, scraped business data, prior trans || 24. New-vendor and paid-section policy, accessed 2026-07-26. E4. 25. Suppliers and private contact, May 2025. E1. 26. Current discovery advice, May 19, 2026. E1. 27. Reddit criticism of GLP1Forum, June-July 2026. E5 for bias/suppression allegations; compare with the forum's E4 disclaimer. MESO-Rx and community testing",2026-07-26
SRC-100,Customer voice and primary reality,customer-voice-trust.md,Peptide buyer voice and trust economics > The buyer trust journey > 5. The remedy is the retention event | Peptide buyer voice and trust economics > Evidence ledger: 44-source coded core > GLP1Forum and its ecosystem,GLP1Forum refund thread | Refund timing,https://glp1forum.com/threads/for-those-that-have-been-refunded-by-a-vendor.18365/post-186285,July 2026 | May 2026,"","Several reviewers describe fast replacements alongside repeat loyalty, suggesting that a clear remedy can protect trust. Unanswered or conditional refunds produce public escalation. - A July 2026 GLP1Forum refund thread shows customers comparing one-to-two-day refund experiences against long unresolved delays. E1. - On the current Skye Peptides Trustpilot page, a June 2026 repeat buyer says an issue was replaced immediately; negative reviewers focus on unreachable support and identity confusion. E2. - On OROS Research Trustpilot, a reviewer reports a broken vial replaced within two days. E2. - A July 2026 Peptide Technologies BBB complaint describes an order, merchant-descriptor, shipping, a || 19. Vendor criteria, January 25-30, 2026. E1. 20. Shipping question, May 2026. E1. 21. Refund timing, July 2026. E1. 22. Vendor research, May-July 2026. E1/E5 for named allegations. 23. Vendor disclaimer, accessed 2026-07-26. E4. 24. New-vendor and paid-section policy, accessed 2026-07-26. E4.",2026-07-26
SRC-101,Customer voice and primary reality,customer-voice-trust.md,Peptide buyer voice and trust economics > The buyer trust journey > 4. “Label created” is not “shipped” | Peptide buyer voice and trust economics > Gray-area claim versus primary reality | Peptide buyer voice and trust economics > Evidence ledger: 44-source coded core > GLP1Forum and its ecosystem,GLP1Forum shipping thread | GLP1Forum thread | Shipping question,https://glp1forum.com/threads/shipping-question.16267/,"May 2026 | March 3, 2026","","4. “Label created” is not “shipped” - In a May 2026 GLP1Forum shipping thread, customers treat a label with no carrier possession scan as a vendor problem and expect insurance or a free reship. E1. - A June 2025 Recon Peptides BBB complaint describes the same label-versus-acceptance dispute. The company later reported delivery. E2. - Current negative Trustpilot reviews punish sellers for promising two-day delivery during a promotion and then going silent when capacity breaks. || Telehealth, a prescription workflow, or a compounding pharmacy makes retatrutide permissible Current consumer marketing often uses “personalized” or “compounded” positioning. FDA states retatrutide cannot be used in compounding under federal law and on March 3, 2026 warned 30 telehealth companies over compounded GLP-1 marketing. P. Do not build a retatrutide telehealth or compounding thesis. A licensed wrapper does not change the molecule's status. An affiliate disclosure cures the recommendation or claim Current Peptides Uncaged comparisons disclose compensated links and house/partner relationships. E4. 16 CFR 255.1 and 255.5 require honest endorsements and clear material-connection disclos || 19. Vendor criteria, January 25-30, 2026. E1. 20. Shipping question, May 2026. E1. 21. Refund timing, July 2026. E1. 22. Vendor research, May-July 2026. E1/E5 for named allegations. 23. Vendor disclaimer, accessed 2026-07-26. E4.",2026-07-26
SRC-102,Customer voice and primary reality,customer-voice-trust.md,Peptide buyer voice and trust economics > The buyer trust journey > 1. Discovery is fragmented and increasingly private | Peptide buyer voice and trust economics > Evidence ledger: 44-source coded core > GLP1Forum and its ecosystem,GLP1Forum supplier thread | Suppliers and private contact,https://glp1forum.com/threads/suppliers.3637/latest,"May 2025 | May 19, 2026","","1. Discovery is fragmented and increasingly private - A May 2025 GLP1Forum supplier thread shows users finding vendor sections through forum search and then moving to WhatsApp for current pricing, COAs, and shipping details. E1. - A May 2026 GLP1Forum discovery thread points newcomers to forum history, vendor reviews, and private testing/review channels. E1. - A June 2026 r/Peptidesource moderation notice prohibits vendor names, pricing, group buys, DMs, and redirection to Telegram, WhatsApp, or Discord. E4. || 23. Vendor disclaimer, accessed 2026-07-26. E4. 24. New-vendor and paid-section policy, accessed 2026-07-26. E4. 25. Suppliers and private contact, May 2025. E1. 26. Current discovery advice, May 19, 2026. E1. 27. Reddit criticism of GLP1Forum, June-July 2026. E5 for bias/suppression allegations; compare with the forum's E4 disclaimer.",2026-07-26
SRC-103,Customer voice and primary reality,customer-voice-trust.md,"Peptide buyer voice and trust economics > The buyer trust journey > 2. Buyers triangulate, because every evidence source can be compromised | Peptide buyer voice and trust economics > Evidence ledger: 44-source coded core > GLP1Forum and its ecosystem",GLP1Forum's current vendor disclaimer | Vendor disclaimer,https://glp1forum.com/pages/vendors-disclaimer/,"February 2026 | May 19, 2026","","MESO-Rx's February 2026 administrator statement is the clearest trust philosophy in the set: it says no source is approved, trusted, or vetted merely by participating; trust is fragmented, provisional, and reversible. E4. GLP1Forum's current vendor disclaimer similarly says paid sponsors are not endorsed, verified, or vetted and that lists may carry commissions, discounts, or free-product incentives. E4. Noli requirement: make evidence inspectable, not declarative. “99% pure” is a claim. A batch page linking to the original lab record, sample provenance, test date, identity, net content, purity, applicable safety panel, and release decision is proof. || 21. Refund timing, July 2026. E1. 22. Vendor research, May-July 2026. E1/E5 for named allegations. 23. Vendor disclaimer, accessed 2026-07-26. E4. 24. New-vendor and paid-section policy, accessed 2026-07-26. E4. 25. Suppliers and private contact, May 2025. E1. 26. Current discovery advice, May 19, 2026. E1.",2026-07-26
SRC-104,Customer voice and primary reality,customer-voice-trust.md,Peptide buyer voice and trust economics > Review and community integrity | Peptide buyer voice and trust economics > Evidence ledger: 44-source coded core > GLP1Forum and its ecosystem,GLP1Forum's paid-vendor policy | New-vendor and paid-section policy,https://glp1forum.com/pages/newvendor/,"March 2026 | May 19, 2026","","- Peptides Uncaged's 2026 comparison clearly labels affiliate links while recommending partners. E4. Disclosure is useful; it does not make the ranking independent. - A March 2026 Reddit vendor roundup mixes “trusted” rankings with affiliate links and codes. E5. - GLP1Forum's paid-vendor policy allows paid vendor sections under advertising and dispute rules, while its separate disclaimer denies endorsement or verification. E4. - A March 2026 Reddit vendor-review-site thread questions rankings that appear to favor expensive sellers. E1/E5. Noli requirements: || 22. Vendor research, May-July 2026. E1/E5 for named allegations. 23. Vendor disclaimer, accessed 2026-07-26. E4. 24. New-vendor and paid-section policy, accessed 2026-07-26. E4. 25. Suppliers and private contact, May 2025. E1. 26. Current discovery advice, May 19, 2026. E1. 27. Reddit criticism of GLP1Forum, June-July 2026. E5 for bias/suppression allegations; compare with the forum's E4 disclaimer.",2026-07-26
SRC-105,Customer voice and primary reality,customer-voice-trust.md,"Peptide buyer voice and trust economics > Named company evidence, carefully bounded | Peptide buyer voice and trust economics > Evidence ledger: 44-source coded core > Review profiles and independent scorecards","Ion Peptide | Ion Peptide, Trustpilot",https://www.trustpilot.com/review/ionpeptide.com,2026,"","--- --- --- --- Skye Peptides 47 reviews, 4.0; repeat buyers mention fast shipping, packaging, testing, referrals, and immediate replacement Verifiable testing plus remedy can support premium trust Review accounts are E2; support and clone complaints also appear Ion Peptide 227 reviews, 4.7; praise for value, shipping, support, and replacement; complaints about sale overload, delays, payment anxiety, and impersonators Promo capacity, PCI security response, and official-site defense are core operations Card-compromise allegations do not establish causation; company disputes impersonator cases OROS Research 399 reviews, 4.8; checkout, FAQ, shipping, packaging, support, and replacement praised  || 1. Skye Peptides, Trustpilot, accessed 2026-07-26. E2/E4. 2. Ion Peptide, Trustpilot, accessed 2026-07-26. E2/E4. 3. OROS Research, Trustpilot, accessed 2026-07-26. E2/E4. 4. Peptide Crafters, Trustpilot, accessed 2026-07-26. E2/E4. 5. Prime Lab, Trustpilot, accessed 2026-07-26. E2/E4.",2026-07-26
SRC-106,Customer voice and primary reality,customer-voice-trust.md,Peptide buyer voice and trust economics > Gray-area claim versus primary reality,"Kinetic Compounds RUO policy, updated June 15, 2026 | Kinetic's current policy",https://kineticcompounds.com/research-use-only/,"June 15, 2026","","Current company/forum claim or pattern Current example Primary reality Noli decision rule --- --- --- --- “Research use only” or “not for human consumption” defines the transaction Kinetic Compounds RUO policy, updated June 15, 2026 21 CFR 201.128 says intended use can be shown by claims, advertising, statements, design, and distribution circumstances. In the March 31, 2026 Gram Peptides letter, FDA said RUO language did not outweigh human-use evidence. P. A disclaimer is not the model. Only pursue a genuinely qualified research channel after counsel reviews the entire funnel. An 18+/21+ age gate creates a safe harbor TitanPep currently combines a 21+ gate and RUO checkbox with retail catego || “Research use only” or “not for human consumption” defines the transaction Kinetic Compounds RUO policy, updated June 15, 2026 21 CFR 201.128 says intended use can be shown by claims, advertising, statements, design, and distribution circumstances. In the March 31, 2026 Gram Peptides letter, FDA said RUO language did not outweigh human-use evidence. P. A disclaimer is not the model. Only pursue a genuinely qualified research channel after counsel reviews the entire funnel. An 18+/21+ age gate creates a safe harbor TitanPep currently combines a 21+ gate and RUO checkbox with retail categories and benefit-oriented language. E4. Age is not the approval or intended-use test. FDA evaluates the ov",2026-07-26
SRC-107,Customer voice and primary reality,customer-voice-trust.md,Peptide buyer voice and trust economics > Gray-area claim versus primary reality,Kinetic's current calculator,https://kineticcompounds.com/peptide-reconstitution-calculator/,"","","A COA makes the product lawful or proves human outcomes Current vendor rankings and stores lead with purity and COAs; customers then check lot match, lab link, and provenance. A COA describes the tested sample and listed attributes. It neither approves a new drug nor substantiates human health claims. FDA's current unapproved GLP-1 page still warns about products falsely labeled for research. P. Use COAs for quality evidence only. Tie each report to inventory and make no clinical inference. Human-use education can live on another creator, media, or affiliate property while the store stays RUO Peptides Uncaged currently separates ranking/editorial content from partner purchase links and discl",2026-07-26
SRC-108,Customer voice and primary reality,customer-voice-trust.md,Peptide buyer voice and trust economics > Evidence ledger: 44-source coded core > BBB complaints and reviews,Limitless Life Nootropics reviews,https://www.bbb.org/us/fl/gulf-breeze/profile/biochemicals/limitless-life-nootropics-0683-90076670/customer-reviews,2025,"","16. Evolve BioPep reviews, 2025-2026. E2. 17. Apex Peptides reviews, accessed 2026-07-26. E2. 18. Limitless Life Nootropics reviews, 2024-2025 baseline. E2. BBB says it does not verify third-party submissions. Complaint counts have no known order-volume denominator.",2026-07-26
SRC-109,Customer voice and primary reality,customer-voice-trust.md,Peptide buyer voice and trust economics > Testing: the strongest trust lever and the easiest one to fake > Why a single badge is insufficient | Peptide buyer voice and trust economics > Evidence ledger: 44-source coded core > MESO-Rx and community testing,MESO-Rx ZLZ thread | ZLZ test-results and referral thread,https://www.thinksteroids.com/community/threads/zlz-peptide-test-results-multiple-compounds-pending-janoshik.134438915/,"March 2026 | March 29, 2026",A,"These pages are measuring different samples, attributes, periods, and submissions. Their results should not be averaged into a synthetic truth. E3/E4. A March 2026 MESO-Rx ZLZ thread also demonstrates that extensive lab-linked evidence and a referral incentive can coexist in the same post. A disclosed incentive does not invalidate a report, but it changes how the recommendation should be weighted. E3/E5. Noli requirement: build a lot passport, not a logo wall: || 31. Alternative to Janoshik discussion, May-July 2025. E1/E3. 32. COA and purity debate, May-June 2026. E1. 33. ZLZ test-results and referral thread, March 29, 2026. E3/E5. Reddit customer voice",2026-07-26
SRC-110,Customer voice and primary reality,customer-voice-trust.md,"Peptide buyer voice and trust economics > The buyer trust journey > 2. Buyers triangulate, because every evidence source can be compromised | Peptide buyer voice and trust economics > Evidence ledger: 44-source coded core > MESO-Rx and community testing",MESO-Rx's February 2026 administrator statement | Why MESO-Rx is not a source board,https://thinksteroids.com/community/threads/why-meso-rx-is-not-a-source-board.134436185/,"February 2026 | February 10, 2026","","- Official domain and payment descriptor MESO-Rx's February 2026 administrator statement is the clearest trust philosophy in the set: it says no source is approved, trusted, or vetted merely by participating; trust is fragmented, provisional, and reversible. E4. GLP1Forum's current vendor disclaimer similarly says paid sponsors are not endorsed, verified, or vetted and that lists may carry commissions, discounts, or free-product incentives. E4. || MESO-Rx and community testing 28. Why MESO-Rx is not a source board, February 10, 2026. E4. 29. Project Clear Gear official testing thread, April 2026. E3. 30. Enhanced Testing database, January 2025. E3. 31. Alternative to Janoshik discussion, May-July 2025. E1/E3.",2026-07-26
SRC-111,Customer voice and primary reality | Forums and operator growth | Evidence audit,customer-voice-trust.md | operator-growth-playbook.md | source-audit.md,"Peptide buyer voice and trust economics > Gray-area claim versus primary reality | Peptide operator forum playbook > The complete gray-area map > 4. RUO language, coded names, age gates, questionnaires, and account walls | Peptide landscape source audit > Highest-impact correction ledger","March 31, 2026 Gram Peptides letter | Gram Peptides letter | FDA warning to Gram Peptides",https://www.fda.gov/inspections-compliance-enforcement-and-criminal-investigations/warning-letters/gram-peptides-721806-03312026,"June 15, 2026 | July 2026","","Current company/forum claim or pattern Current example Primary reality Noli decision rule --- --- --- --- “Research use only” or “not for human consumption” defines the transaction Kinetic Compounds RUO policy, updated June 15, 2026 21 CFR 201.128 says intended use can be shown by claims, advertising, statements, design, and distribution circumstances. In the March 31, 2026 Gram Peptides letter, FDA said RUO language did not outweigh human-use evidence. P. A disclaimer is not the model. Only pursue a genuinely qualified research channel after counsel reviews the entire funnel. An 18+/21+ age gate creates a safe harbor TitanPep currently combines a 21+ gate and RUO checkbox with retail catego || An 18+/21+ age gate creates a safe harbor TitanPep currently combines a 21+ gate and RUO checkbox with retail categories and benefit-oriented language. E4. Age is not the approval or intended-use test. FDA evaluates the overall objective evidence under §201.128. P. Use age controls only where independently required, never as the legal thesis. A checkbox or questionnaire turns a retail buyer into a researcher Kinetic's current policy asks purchasers to confirm qualification and research purpose; a July 2026 processor discussion contains conflicting anonymous claims about what gates suffice. E4/E5. Meaningful institutional qualification may be relevant evidence, but no cited primary source cre || Current primary reality The FDA warning to Gram Peptides shows that codes and RUO text do no",2026-07-26
SRC-112,Customer voice and primary reality,customer-voice-trust.md,"Peptide buyer voice and trust economics > The buyer trust journey > 5. The remedy is the retention event | Peptide buyer voice and trust economics > Named company evidence, carefully bounded | Peptide buyer voice and trust economics > Evidence ledger: 44-source coded core > Review profiles and independent scorecards","OROS Research Trustpilot | OROS Research | OROS Research, Trustpilot",https://www.trustpilot.com/review/orosresearch.com,July 2026 | 2026,"","- A July 2026 GLP1Forum refund thread shows customers comparing one-to-two-day refund experiences against long unresolved delays. E1. - On the current Skye Peptides Trustpilot page, a June 2026 repeat buyer says an issue was replaced immediately; negative reviewers focus on unreachable support and identity confusion. E2. - On OROS Research Trustpilot, a reviewer reports a broken vial replaced within two days. E2. - A July 2026 Peptide Technologies BBB complaint describes an order, merchant-descriptor, shipping, and refund dispute that was eventually marked resolved. E2. Noli requirement: authorize support to resolve ordinary loss, damage, wrong-item, and lot-label mismatch cases in one inter || Skye Peptides 47 reviews, 4.0; repeat buyers mention fast shipping, packaging, testing, referrals, and immediate replacement Verifiable testing plus remedy can support premium trust Review accounts are E2; support and clone complaints also appear Ion Peptide 227 reviews, 4.7; praise for value, shipping, support, and replacement; complaints about sale overload, delays, payment anxiety, and impersonators Promo capacity, PCI security response, and official-site defense are core operations Card-compromise allegations do not establish causation; company disputes impersonator cases OROS Research 399 reviews, 4.8; checkout, FAQ, shipping, packaging, support, and replacement praised Removing buying  || 1. Skye Peptides, Trustpilot, accessed 2026-07-26. E2/E4. 2. Ion Peptide, Trustpilot, access",2026-07-26
SRC-113,Customer voice and primary reality,customer-voice-trust.md,Peptide buyer voice and trust economics > Evidence ledger: 44-source coded core > BBB complaints and reviews,Paramount Peptides complaints,https://www.bbb.org/us/ca/irvine/profile/online-retailer/paramount-peptides-1126-1000155990/complaints,September 2025,"","13. Base Peptides complaints, September 2025. E2. 14. Recon Peptides complaints, June 2025. E2. 15. Paramount Peptides complaints, October 2025. E2. 16. Evolve BioPep reviews, 2025-2026. E2. 17. Apex Peptides reviews, accessed 2026-07-26. E2. 18. Limitless Life Nootropics reviews, 2024-2025 baseline. E2.",2026-07-26
SRC-114,Customer voice and primary reality,customer-voice-trust.md,"Peptide buyer voice and trust economics > Named company evidence, carefully bounded | Peptide buyer voice and trust economics > Evidence ledger: 44-source coded core > Review profiles and independent scorecards","Peptide Crafters | Peptide Crafters, Trustpilot",https://www.trustpilot.com/review/peptidecrafters.com,2026,"","Ion Peptide 227 reviews, 4.7; praise for value, shipping, support, and replacement; complaints about sale overload, delays, payment anxiety, and impersonators Promo capacity, PCI security response, and official-site defense are core operations Card-compromise allegations do not establish causation; company disputes impersonator cases OROS Research 399 reviews, 4.8; checkout, FAQ, shipping, packaging, support, and replacement praised Removing buying friction and fixing damage are retention mechanics Profile says the company asks customers for reviews Peptide Crafters 41 reviews, 4.3; repeat buyers mention testing, lot match, card checkout, amber vials, price, tracking, rewards Batch match, pa || 2. Ion Peptide, Trustpilot, accessed 2026-07-26. E2/E4. 3. OROS Research, Trustpilot, accessed 2026-07-26. E2/E4. 4. Peptide Crafters, Trustpilot, accessed 2026-07-26. E2/E4. 5. Prime Lab, Trustpilot, accessed 2026-07-26. E2/E4. 6. True Research Labs, Trustpilot, accessed 2026-07-26. E2/E4. 7. Finnrick: Skye Peptides, accessed 2026-07-26. E3/E4.",2026-07-26
SRC-115,Customer voice and primary reality,customer-voice-trust.md,Peptide buyer voice and trust economics > Evidence ledger: 44-source coded core > BBB complaints and reviews,Peptide Shop complaints,https://www.bbb.org/us/il/westmont/profile/health-and-wellness/peptide-shop-inc-0654-1000101639/complaints,July 2026,"","10. Peptide Technologies complaints, July 2026. E2. 11. Peptides 4 Research complaints, November 2025. E2. 12. Peptide Shop complaints, March 2026. E2. 13. Base Peptides complaints, September 2025. E2. 14. Recon Peptides complaints, June 2025. E2. 15. Paramount Peptides complaints, October 2025. E2.",2026-07-26
SRC-116,Customer voice and primary reality,customer-voice-trust.md,Peptide buyer voice and trust economics > The buyer trust journey > 5. The remedy is the retention event | Peptide buyer voice and trust economics > Evidence ledger: 44-source coded core > BBB complaints and reviews,Peptide Technologies BBB complaint | Peptide Technologies complaints,https://www.bbb.org/us/wy/sheridan/profile/biotechnology/peptide-technologies-0805-46148891/complaints,June 2026 | July 2026,"","- On the current Skye Peptides Trustpilot page, a June 2026 repeat buyer says an issue was replaced immediately; negative reviewers focus on unreachable support and identity confusion. E2. - On OROS Research Trustpilot, a reviewer reports a broken vial replaced within two days. E2. - A July 2026 Peptide Technologies BBB complaint describes an order, merchant-descriptor, shipping, and refund dispute that was eventually marked resolved. E2. Noli requirement: authorize support to resolve ordinary loss, damage, wrong-item, and lot-label mismatch cases in one interaction. Track time to resolution , not merely first response. || BBB complaints and reviews 10. Peptide Technologies complaints, July 2026. E2. 11. Peptides 4 Research complaints, November 2025. E2. 12. Peptide Shop complaints, March 2026. E2. 13. Base Peptides complaints, September 2025. E2.",2026-07-26
SRC-117,Customer voice and primary reality,customer-voice-trust.md,Peptide buyer voice and trust economics > Evidence ledger: 44-source coded core > BBB complaints and reviews,Peptides 4 Research complaints,https://www.bbb.org/us/tn/lewisburg/profile/vitamins-and-supplements/peptides-4-research-0573-37381328/complaints,July 2026,"","10. Peptide Technologies complaints, July 2026. E2. 11. Peptides 4 Research complaints, November 2025. E2. 12. Peptide Shop complaints, March 2026. E2. 13. Base Peptides complaints, September 2025. E2. 14. Recon Peptides complaints, June 2025. E2.",2026-07-26
SRC-118,Customer voice and primary reality,customer-voice-trust.md,Peptide buyer voice and trust economics > Gray-area claim versus primary reality,Peptides Uncaged,https://peptidesuncaged.com/,July 2025,"","Code names such as “GLP-3,” “Reta,” or receptor shorthand avoid the issue A July 2025 Reddit name-change thread says buyers decode such names. E1. FDA's Gram Peptides letter expressly identified “GLP-1-R peptide” as retatrutide and “GLP-2 peptide” as tirzepatide. P. Use chemically accurate, unambiguous catalog identity. Never use aliases to disguise product or intent. A COA makes the product lawful or proves human outcomes Current vendor rankings and stores lead with purity and COAs; customers then check lot match, lab link, and provenance. A COA describes the tested sample and listed attributes. It neither approves a new drug nor substantiates human health claims. FDA's current unapproved G",2026-07-26
SRC-119,Customer voice and primary reality,customer-voice-trust.md,Peptide buyer voice and trust economics > Review and community integrity | Peptide buyer voice and trust economics > Gray-area claim versus primary reality,Peptides Uncaged's 2026 comparison | Peptides Uncaged comparisons,https://peptidesuncaged.com/reviews/compare-peptide-companies.html,March 2026,"","Current examples: - Peptides Uncaged's 2026 comparison clearly labels affiliate links while recommending partners. E4. Disclosure is useful; it does not make the ranking independent. - A March 2026 Reddit vendor roundup mixes “trusted” rankings with affiliate links and codes. E5. - GLP1Forum's paid-vendor policy allows paid vendor sections under advertising and dispute rules, while its separate disclaimer denies endorsement or verification. E4. - A March 2026 Reddit vendor-review-site thread questions rankings that appear to favor expensive sellers. E1/E5. || “Educational” calculators, reconstitution pages, or supplies remain neutral if surrounded by RUO language Kinetic's current calculator and research guide include syringe/dose-oriented and reconstitution material while stating RUO. E4. FDA's Gram letter treated selling bacteriostatic water beside injectable peptides and benefit language as intended-use evidence. P. Limit education to the approved purchaser's legitimate laboratory handling and documentation needs. Counsel reviews adjacent supplies and tools. Telehealth, a prescription workflow, or a compounding pharmacy makes retatrutide permissible Current consumer marketing often uses “personalized” or “compounded” positioning. FDA states re",2026-07-26
SRC-120,Customer voice and primary reality,customer-voice-trust.md,Peptide buyer voice and trust economics > Testing: the strongest trust lever and the easiest one to fake > Why a single badge is insufficient | Peptide buyer voice and trust economics > Evidence ledger: 44-source coded core > Review profiles and independent scorecards,Peptigrity | Peptigrity: Skye Peptides,https://peptigrity.com/shops/skyepeptides-com,2026,"","- Finnrick displays 75 tests with 42 pass and 33 fail under its methodology. - Disclosed Labs displays 158 COAs, grade B/83, and 158 passed. - Peptigrity displays 13 reviews, 4.23, and 92% “buy again.” These pages are measuring different samples, attributes, periods, and submissions. Their results should not be averaged into a synthetic truth. E3/E4. || 7. Finnrick: Skye Peptides, accessed 2026-07-26. E3/E4. 8. Disclosed Labs: Skye Peptides, accessed 2026-07-26. E3/E4. 9. Peptigrity: Skye Peptides, accessed 2026-07-26. E2/E4. BBB complaints and reviews",2026-07-26
SRC-121,Customer voice and primary reality,customer-voice-trust.md,"Peptide buyer voice and trust economics > Named company evidence, carefully bounded | Peptide buyer voice and trust economics > Evidence ledger: 44-source coded core > Review profiles and independent scorecards","Prime Lab | Prime Lab, Trustpilot",https://www.trustpilot.com/review/primelab-peptides.com,2026,"","OROS Research 399 reviews, 4.8; checkout, FAQ, shipping, packaging, support, and replacement praised Removing buying friction and fixing damage are retention mechanics Profile says the company asks customers for reviews Peptide Crafters 41 reviews, 4.3; repeat buyers mention testing, lot match, card checkout, amber vials, price, tracking, rewards Batch match, packaging, and loyalty work together One reviewer explicitly says no affiliate code/payment, showing how defensive customers are about shilling Prime Lab 910 reviews, 4.8; shipping, packaging, price praised; complaints include lot/COA mismatch, stockouts, and support High review volume cannot substitute for lot integrity or stock truth  || 3. OROS Research, Trustpilot, accessed 2026-07-26. E2/E4. 4. Peptide Crafters, Trustpilot, accessed 2026-07-26. E2/E4. 5. Prime Lab, Trustpilot, accessed 2026-07-26. E2/E4. 6. True Research Labs, Trustpilot, accessed 2026-07-26. E2/E4. 7. Finnrick: Skye Peptides, accessed 2026-07-26. E3/E4. 8. Disclosed Labs: Skye Peptides, accessed 2026-07-26. E3/E4.",2026-07-26
SRC-122,Customer voice and primary reality,customer-voice-trust.md,Peptide buyer voice and trust economics > Gray-area claim versus primary reality,Prime Peptides warning letter,https://www.fda.gov/inspections-compliance-enforcement-and-criminal-investigations/warning-letters/prime-vitality-inc-dba-prime-peptides-695156-12102024,July 2025,"","Code names such as “GLP-3,” “Reta,” or receptor shorthand avoid the issue A July 2025 Reddit name-change thread says buyers decode such names. E1. FDA's Gram Peptides letter expressly identified “GLP-1-R peptide” as retatrutide and “GLP-2 peptide” as tirzepatide. P. Use chemically accurate, unambiguous catalog identity. Never use aliases to disguise product or intent. A COA makes the product lawful or proves human outcomes Current vendor rankings and stores lead with purity and COAs; customers then check lot match, lab link, and provenance. A COA describes the tested sample and listed attributes. It neither approves a new drug nor substantiates human health claims. FDA's current unapproved G",2026-07-26
SRC-123,Customer voice and primary reality,customer-voice-trust.md,Peptide buyer voice and trust economics > Evidence ledger: 44-source coded core > MESO-Rx and community testing,Project Clear Gear official testing thread,https://thinksteroids.com/community/threads/project-clear-gear-official-analytical-testing-thread-est-2025.134434668/page-5,"February 10, 2026","","28. Why MESO-Rx is not a source board, February 10, 2026. E4. 29. Project Clear Gear official testing thread, April 2026. E3. 30. Enhanced Testing database, January 2025. E3. 31. Alternative to Janoshik discussion, May-July 2025. E1/E3. 32. COA and purity debate, May-June 2026. E1.",2026-07-26
SRC-124,Customer voice and primary reality,customer-voice-trust.md,Peptide buyer voice and trust economics > The buyer trust journey > 4. “Label created” is not “shipped” | Peptide buyer voice and trust economics > Evidence ledger: 44-source coded core > BBB complaints and reviews,Recon Peptides BBB complaint | Recon Peptides complaints,https://www.bbb.org/us/fl/gulf-breeze/profile/biotechnology/recon-peptides-0683-90100323/complaints,May 2026 | March 2026,"","- In a May 2026 GLP1Forum shipping thread, customers treat a label with no carrier possession scan as a vendor problem and expect insurance or a free reship. E1. - A June 2025 Recon Peptides BBB complaint describes the same label-versus-acceptance dispute. The company later reported delivery. E2. - Current negative Trustpilot reviews punish sellers for promising two-day delivery during a promotion and then going silent when capacity breaks. Noli requirement: publish and measure two clocks separately: || 12. Peptide Shop complaints, March 2026. E2. 13. Base Peptides complaints, September 2025. E2. 14. Recon Peptides complaints, June 2025. E2. 15. Paramount Peptides complaints, October 2025. E2. 16. Evolve BioPep reviews, 2025-2026. E2. 17. Apex Peptides reviews, accessed 2026-07-26. E2.",2026-07-26
SRC-125,Customer voice and primary reality,customer-voice-trust.md,Peptide buyer voice and trust economics > Evidence ledger: 44-source coded core > GLP1Forum and its ecosystem,Reddit criticism of GLP1Forum,https://www.reddit.com/r/GLP1Sourcing/comments/1ugpyhr/g1_forum_is_a_scam/,"May 19, 2026","","25. Suppliers and private contact, May 2025. E1. 26. Current discovery advice, May 19, 2026. E1. 27. Reddit criticism of GLP1Forum, June-July 2026. E5 for bias/suppression allegations; compare with the forum's E4 disclaimer. MESO-Rx and community testing",2026-07-26
SRC-126,Customer voice and primary reality | Gray-market operator evidence | Forums and operator growth,customer-voice-trust.md | gray-market-operator-evidence.md | operator-growth-playbook.md,"Peptide buyer voice and trust economics > Gray-area claim versus primary reality | Gray-market operator evidence > 7. Product-name coding, catalog gates, and search visibility | Peptide operator forum playbook > The complete gray-area map > 4. RUO language, coded names, age gates, questionnaires, and account walls",Reddit name-change thread | Reddit name-change discussion | July 2025 Reddit discussion,https://www.reddit.com/r/Retatrutide/comments/1lscjae/all_suppliers_name_change/,July 2026 | May 2026 | July 2025,C/B,"An 18+/21+ age gate creates a safe harbor TitanPep currently combines a 21+ gate and RUO checkbox with retail categories and benefit-oriented language. E4. Age is not the approval or intended-use test. FDA evaluates the overall objective evidence under §201.128. P. Use age controls only where independently required, never as the legal thesis. A checkbox or questionnaire turns a retail buyer into a researcher Kinetic's current policy asks purchasers to confirm qualification and research purpose; a July 2026 processor discussion contains conflicting anonymous claims about what gates suffice. E4/E5. Meaningful institutional qualification may be relevant evidence, but no cited primary source cre || - A May 2026 Reddit payment-processing thread contains a processor seller claiming certain code patterns are required. Other commenters directly contradict the claim and call the practice mislabeling. Credibility: C/D. The contradiction is more important than either anonymous rule. - A July 2025 Reddit name-change discussion documents widespread movement from exact molecule names to GLP-style codes and says buyers understand what the codes mean. Credibility: C. - Current 2026 vendor comparisons visibly map house names and codes back to molecules, proving the consumer decoding layer exists even when a first-party store is vague. Examples include Peptide Grades and Peptide Commons. Credibility || What the forum record shows - A July 2025 Reddit discussion documents widespread movement to",2026-07-26
SRC-127,Customer voice and primary reality | Gray-market operator evidence,customer-voice-trust.md | gray-market-operator-evidence.md,"Peptide buyer voice and trust economics > Review and community integrity | Peptide buyer voice and trust economics > Evidence ledger: 44-source coded core > Reddit customer voice | Gray-market operator evidence > 3. Community seeding and manufactured discovery | Gray-market operator evidence > 13. Testing, ranking, and review conflicts",Reddit vendor roundup | Affiliate vendor roundup | Reddit vendor resource list | Reddit resource list,https://www.reddit.com/r/NTNPerformance/comments/1rycib1/trusted_peptide_sources_free_tools_start_here/,"March 2026 | March 4, 2026 | January 2026",D/A,"- Peptides Uncaged's 2026 comparison clearly labels affiliate links while recommending partners. E4. Disclosure is useful; it does not make the ranking independent. - A March 2026 Reddit vendor roundup mixes “trusted” rankings with affiliate links and codes. E5. - GLP1Forum's paid-vendor policy allows paid vendor sections under advertising and dispute rules, while its separate disclaimer denies endorsement or verification. E4. - A March 2026 Reddit vendor-review-site thread questions rankings that appear to favor expensive sellers. E1/E5. || 39. Amino/Soma wrong-address and domain-confusion thread, March 4, 2026. E1. 40. Atomik customer dispute, March 27, 2026. E1 for service handling; E5 for product conclusion. 41. Affiliate vendor roundup, March 19, 2026. E5. 42. Domestic-site convenience-price discussion, 2025. E1. 43. Unsolicited social and WhatsApp scam discussion, July 8, 2026. E1/E5 for named claims. 44. What to look for in tests, July 2026. E1. || - A January 2026 BlackHatWorld campaign thread contains a seller offering discussion seeding, awareness threads, and comment engagement from aged accounts. Credibility: D, but direct evidence the service is sold. - A March 2026 Reddit review-site discussion questions rankings that appear to promote only expensive vendors. Credibility: C. - A March 2026 Reddit vendor resource list discloses affiliate links while ranking suppliers. Credibility: C. Disclosure helps, but compensation still matters. - A May 2026 Reddit supplier-s",2026-07-26
SRC-128,Customer voice and primary reality | Gray-market operator evidence | Gray marketing and platforms | Forums and operator growth,customer-voice-trust.md | gray-market-operator-evidence.md | gray-marketing-platform-evidence.md | operator-growth-playbook.md,"Peptide buyer voice and trust economics > Review and community integrity | Gray-market operator evidence > 3. Community seeding and manufactured discovery | Gray-market operator evidence > 13. Testing, ranking, and review conflicts | Gray marketing and platform evidence for peptide companies > 6. SEO bridges, comparison sites, wikis, and affiliate rankings > Current evidence | Peptide operator forum playbook > The complete gray-area map > 3. Forum seeding, aged accounts, rankings, and answer-engine manipulation",Reddit vendor-review-site thread | Reddit review-site discussion | Reddit discussion of a vendor review website,https://www.reddit.com/r/ResearchCompounds/comments/1s6akid/vendor_review_website/,March 2026 | July 2026,C/A,"- A March 2026 Reddit vendor roundup mixes “trusted” rankings with affiliate links and codes. E5. - GLP1Forum's paid-vendor policy allows paid vendor sections under advertising and dispute rules, while its separate disclaimer denies endorsement or verification. E4. - A March 2026 Reddit vendor-review-site thread questions rankings that appear to favor expensive sellers. E1/E5. Noli requirements: || - A March to July 2026 BlackHatWorld Reddit thread includes an operator saying they already provide useful information from aged accounts and replies proposing brand mentions in niche communities. Credibility: C/D. - A January 2026 BlackHatWorld campaign thread contains a seller offering discussion seeding, awareness threads, and comment engagement from aged accounts. Credibility: D, but direct evidence the service is sold. - A March 2026 Reddit review-site discussion questions rankings that appear to promote only expensive vendors. Credibility: C. - A March 2026 Reddit vendor resource list discloses affiliate links while ranking suppliers. Credibility: C. Disclosure helps, but compensation  || - EDGE PEP publicly offers store credit for customer testing. This can increase independent sampling, but the incentive and publication policy matter. Credibility: A. - Peptide Partners shows how a strong current lot library can be built across multiple test types. Credibility: A. - A March 2026 Reddit review-site discussion questions comparison sites that rank high-priced affiliates. Credib",2026-07-26
SRC-129,Customer voice and primary reality,customer-voice-trust.md,"Peptide buyer voice and trust economics > The buyer trust journey > 5. The remedy is the retention event | Peptide buyer voice and trust economics > Named company evidence, carefully bounded | Peptide buyer voice and trust economics > Evidence ledger: 44-source coded core > Review profiles and independent scorecards","Skye Peptides Trustpilot page | Skye Peptides | Skye Peptides, Trustpilot",https://www.trustpilot.com/review/skyepeptides.com,July 2026 | 2026,"","- A July 2026 GLP1Forum refund thread shows customers comparing one-to-two-day refund experiences against long unresolved delays. E1. - On the current Skye Peptides Trustpilot page, a June 2026 repeat buyer says an issue was replaced immediately; negative reviewers focus on unreachable support and identity confusion. E2. - On OROS Research Trustpilot, a reviewer reports a broken vial replaced within two days. E2. - A July 2026 Peptide Technologies BBB complaint describes an order, merchant-descriptor, shipping, and refund dispute that was eventually marked resolved. E2. || Company/profile Current public signal Useful lesson Caveat --- --- --- --- Skye Peptides 47 reviews, 4.0; repeat buyers mention fast shipping, packaging, testing, referrals, and immediate replacement Verifiable testing plus remedy can support premium trust Review accounts are E2; support and clone complaints also appear Ion Peptide 227 reviews, 4.7; praise for value, shipping, support, and replacement; complaints about sale overload, delays, payment anxiety, and impersonators Promo capacity, PCI security response, and official-site defense are core operations Card-compromise allegations do not establish causation; company disputes impersonator cases OROS Research 399 reviews, 4.8; checkout,  || Review profiles and independent scorecards 1. Skye Peptides, Trustpilot, accessed 2026-07-26. E2/E4. 2. Ion Peptide, Trustpilot, accessed 2026-07-26. E2/E4. 3. OROS Research, Trustpilot, accessed 2026-07-26. E2/E4. 4",2026-07-26
SRC-130,Customer voice and primary reality,customer-voice-trust.md,Peptide buyer voice and trust economics > Evidence ledger: 44-source coded core > Reddit customer voice,Skye Peptides experience thread,https://www.reddit.com/r/PeptidesNootropics/comments/1cwizdh/skye_peptides_does_anyone_have_experience_with/,"June 3, 2026","","36. Blind-vial COA post, 2026. E1/E3, with motive skepticism in comments. 37. Peptidesource no-sourcing moderation notice, June 3, 2026. E4. 38. Skye Peptides experience thread, comments through 2026. E1. 39. Amino/Soma wrong-address and domain-confusion thread, March 4, 2026. E1. 40. Atomik customer dispute, March 27, 2026. E1 for service handling; E5 for product conclusion. 41. Affiliate vendor roundup, March 19, 2026. E5.",2026-07-26
SRC-131,Customer voice and primary reality,customer-voice-trust.md,Peptide buyer voice and trust economics > Gray-area claim versus primary reality,TitanPep,https://www.titanpep.com/,"June 15, 2026","","--- --- --- --- “Research use only” or “not for human consumption” defines the transaction Kinetic Compounds RUO policy, updated June 15, 2026 21 CFR 201.128 says intended use can be shown by claims, advertising, statements, design, and distribution circumstances. In the March 31, 2026 Gram Peptides letter, FDA said RUO language did not outweigh human-use evidence. P. A disclaimer is not the model. Only pursue a genuinely qualified research channel after counsel reviews the entire funnel. An 18+/21+ age gate creates a safe harbor TitanPep currently combines a 21+ gate and RUO checkbox with retail categories and benefit-oriented language. E4. Age is not the approval or intended-use test. FDA ",2026-07-26
SRC-132,Customer voice and primary reality,customer-voice-trust.md,"Peptide buyer voice and trust economics > Named company evidence, carefully bounded | Peptide buyer voice and trust economics > Evidence ledger: 44-source coded core > Review profiles and independent scorecards","True Research Labs | True Research Labs, Trustpilot",https://www.trustpilot.com/review/trueresearchlabs.com,2026,"","Peptide Crafters 41 reviews, 4.3; repeat buyers mention testing, lot match, card checkout, amber vials, price, tracking, rewards Batch match, packaging, and loyalty work together One reviewer explicitly says no affiliate code/payment, showing how defensive customers are about shilling Prime Lab 910 reviews, 4.8; shipping, packaging, price praised; complaints include lot/COA mismatch, stockouts, and support High review volume cannot substitute for lot integrity or stock truth Profile is claimed and paid; concentration is not proof of manipulation True Research Labs 134 reviews, 4.3; quick corrections compete with no-ship, physical-condition, refund, and support complaints Exception handling d || 4. Peptide Crafters, Trustpilot, accessed 2026-07-26. E2/E4. 5. Prime Lab, Trustpilot, accessed 2026-07-26. E2/E4. 6. True Research Labs, Trustpilot, accessed 2026-07-26. E2/E4. 7. Finnrick: Skye Peptides, accessed 2026-07-26. E3/E4. 8. Disclosed Labs: Skye Peptides, accessed 2026-07-26. E3/E4. 9. Peptigrity: Skye Peptides, accessed 2026-07-26. E2/E4.",2026-07-26
SRC-133,Customer voice and primary reality,customer-voice-trust.md,Peptide buyer voice and trust economics > Evidence ledger: 44-source coded core > Reddit customer voice,Unsolicited social and WhatsApp scam discussion,https://www.reddit.com/r/Business_China/comments/1uqiyjx/most_peptides_ads_on_fb_and_insta_are_scams/,"March 19, 2026","","41. Affiliate vendor roundup, March 19, 2026. E5. 42. Domestic-site convenience-price discussion, 2025. E1. 43. Unsolicited social and WhatsApp scam discussion, July 8, 2026. E1/E5 for named claims. 44. What to look for in tests, July 2026. E1. Final judgment",2026-07-26
SRC-134,Customer voice and primary reality,customer-voice-trust.md,Peptide buyer voice and trust economics > Evidence ledger: 44-source coded core > GLP1Forum and its ecosystem,Vendor criteria,https://glp1forum.com/threads/vendor-criteria.10472/,May 2026,"","GLP1Forum and its ecosystem 19. Vendor criteria, January 25-30, 2026. E1. 20. Shipping question, May 2026. E1. 21. Refund timing, July 2026. E1. 22. Vendor research, May-July 2026. E1/E5 for named allegations.",2026-07-26
SRC-135,Customer voice and primary reality | Gray marketing and platforms | Forums and operator growth,customer-voice-trust.md | gray-marketing-platform-evidence.md | operator-growth-playbook.md,"Peptide buyer voice and trust economics > Evidence ledger: 44-source coded core > GLP1Forum and its ecosystem | Gray marketing and platform evidence for peptide companies > 5. Review seeding, forum placement, and community manipulation > Current evidence | Gray marketing and platform evidence for peptide companies > Compact source index by pressure | Peptide operator forum playbook > The complete gray-area map > 3. Forum seeding, aged accounts, rankings, and answer-engine manipulation",Vendor research | GLP1Forum vendor-research discussion | GLP1Forum vendor research,https://glp1forum.com/threads/vendor-research.16774/post-168955,"May 2026 | June 3, 2026","","20. Shipping question, May 2026. E1. 21. Refund timing, July 2026. E1. 22. Vendor research, May-July 2026. E1/E5 for named allegations. 23. Vendor disclaimer, accessed 2026-07-26. E4. 24. New-vendor and paid-section policy, accessed 2026-07-26. E4. 25. Suppliers and private contact, May 2025. E1. || - 404 Media report on companies manipulating AI search through Reddit, June 3, 2026. The report specifically describes peptide and HRT companies covertly promoting brands in r/Biohackers to influence ChatGPT and Google AI results. Source type: named investigative reporting. Grade: B. - 404 Media follow-up on Reddit and AI search manipulation, June 15, 2026. It explains how planted user-generated snippets can affect model recommendations. Source type: named reporting on research. Grade: B. - GLP1Forum vendor-research discussion, May 2026. A member alleges extensive vendor and affiliate shilling, misleading positive reviews, suppression of criticism in Telegram and Discord, and sponsor bias. S || - Endorsements and reviews: FTC influencer disclosures, FTC endorsement guides, FTC fake-review rule - Current storefront mechanics: ResearchChemHQ, Peptide Crafters, Feel affiliates, Feel consultation, Ion guidelines - Community and answer-engine manipulation: r/Biohackers policy, 404 Media report, GLP1Forum vendor research - Telehealth and compounded GLP-1s: FDA 30-company action, FDA telehealth guidance, FDA supply clarification - BlackHatWorld reality check: $15 million context, email s",2026-07-26
SRC-136,Customer voice and primary reality,customer-voice-trust.md,"Peptide buyer voice and trust economics > Named company evidence, carefully bounded > Identity confusion case",actual Peptide Sciences site,https://www.peptidesciences.com/,"","","Identity confusion case A site calling itself “Official Peptide Sciences” republishes alleged Google reviews that repeatedly name a different business, “Peptide Technologies”: review page. Meanwhile, the actual Peptide Sciences site says it voluntarily ceased sales and that purported successors or affiliates are unauthorized. E4. This does not prove who authored the republished reviews. It does prove that brand, review, and company identity can become badly entangled. Noli should never import reviews without source, date, product, and exact legal-brand attribution.",2026-07-26
SRC-137,Customer voice and primary reality,customer-voice-trust.md,Peptide buyer voice and trust economics > Gray-area claim versus primary reality,processor discussion,https://www.reddit.com/r/PaymentProcessing/comments/1v29kla/stripe_and_peptides/,"June 15, 2026","","“Research use only” or “not for human consumption” defines the transaction Kinetic Compounds RUO policy, updated June 15, 2026 21 CFR 201.128 says intended use can be shown by claims, advertising, statements, design, and distribution circumstances. In the March 31, 2026 Gram Peptides letter, FDA said RUO language did not outweigh human-use evidence. P. A disclaimer is not the model. Only pursue a genuinely qualified research channel after counsel reviews the entire funnel. An 18+/21+ age gate creates a safe harbor TitanPep currently combines a 21+ gate and RUO checkbox with retail categories and benefit-oriented language. E4. Age is not the approval or intended-use test. FDA evaluates the ov",2026-07-26
SRC-138,Customer voice and primary reality,customer-voice-trust.md,Peptide buyer voice and trust economics > Testing: the strongest trust lever and the easiest one to fake > What sophisticated buyers now expect | Peptide buyer voice and trust economics > Evidence ledger: 44-source coded core > Reddit customer voice,r/GLP1ResearchTalk test verification | What to look for in tests,https://www.reddit.com/r/GLP1ResearchTalk/comments/1v2b3jg/what_to_look_out_for_in_tests/,"July 8, 2026","","4. Vendor-selected test Sources: r/Retatrutide third-party testing, r/RetatrutideWomen third-party testing, and r/GLP1ResearchTalk test verification. E1. Why a single badge is insufficient || 42. Domestic-site convenience-price discussion, 2025. E1. 43. Unsolicited social and WhatsApp scam discussion, July 8, 2026. E1/E5 for named claims. 44. What to look for in tests, July 2026. E1. Final judgment",2026-07-26
SRC-139,Customer voice and primary reality,customer-voice-trust.md,Peptide buyer voice and trust economics > The buyer trust journey > 1. Discovery is fragmented and increasingly private | Peptide buyer voice and trust economics > Evidence ledger: 44-source coded core > Reddit customer voice,r/Peptidesource moderation notice | Peptidesource no-sourcing moderation notice,https://www.reddit.com/r/Peptidesource/comments/1tvajqc/removed/,"May 2025 | June 3, 2026","","- A May 2025 GLP1Forum supplier thread shows users finding vendor sections through forum search and then moving to WhatsApp for current pricing, COAs, and shipping details. E1. - A May 2026 GLP1Forum discovery thread points newcomers to forum history, vendor reviews, and private testing/review channels. E1. - A June 2026 r/Peptidesource moderation notice prohibits vendor names, pricing, group buys, DMs, and redirection to Telegram, WhatsApp, or Discord. E4. This explains how a private phone number can spread without appearing on a homepage. A contact can move through forwarded introductions, customer address books, affiliate or vendor lists, private groups, scraped business data, prior trans || 35. Third-party testing, RetatrutideWomen, July 20-22, 2026. E1. 36. Blind-vial COA post, 2026. E1/E3, with motive skepticism in comments. 37. Peptidesource no-sourcing moderation notice, June 3, 2026. E4. 38. Skye Peptides experience thread, comments through 2026. E1. 39. Amino/Soma wrong-address and domain-confusion thread, March 4, 2026. E1. 40. Atomik customer dispute, March 27, 2026. E1 for service handling; E5 for product conclusion.",2026-07-26
SRC-140,Customer voice and primary reality,customer-voice-trust.md,Peptide buyer voice and trust economics > Testing: the strongest trust lever and the easiest one to fake > What sophisticated buyers now expect | Peptide buyer voice and trust economics > Evidence ledger: 44-source coded core > Reddit customer voice,r/Retatrutide third-party testing | Third-party testing,https://www.reddit.com/r/Retatrutide/comments/1v222j6/third_party_testing/,"June 3, 2026","","4. Vendor-selected test Sources: r/Retatrutide third-party testing, r/RetatrutideWomen third-party testing, and r/GLP1ResearchTalk test verification. E1. Why a single badge is insufficient || Reddit customer voice 34. Third-party testing, July 20-21, 2026. E1. 35. Third-party testing, RetatrutideWomen, July 20-22, 2026. E1. 36. Blind-vial COA post, 2026. E1/E3, with motive skepticism in comments. 37. Peptidesource no-sourcing moderation notice, June 3, 2026. E4.",2026-07-26
SRC-141,Customer voice and primary reality,customer-voice-trust.md,Peptide buyer voice and trust economics > Testing: the strongest trust lever and the easiest one to fake > What sophisticated buyers now expect | Peptide buyer voice and trust economics > Evidence ledger: 44-source coded core > Reddit customer voice,"r/RetatrutideWomen third-party testing | Third-party testing, RetatrutideWomen",https://www.reddit.com/r/RetatrutideWomen/comments/1v221yg/third_party_testing/,"June 3, 2026","","4. Vendor-selected test Sources: r/Retatrutide third-party testing, r/RetatrutideWomen third-party testing, and r/GLP1ResearchTalk test verification. E1. Why a single badge is insufficient || 34. Third-party testing, July 20-21, 2026. E1. 35. Third-party testing, RetatrutideWomen, July 20-22, 2026. E1. 36. Blind-vial COA post, 2026. E1/E3, with motive skepticism in comments. 37. Peptidesource no-sourcing moderation notice, June 3, 2026. E4. 38. Skye Peptides experience thread, comments through 2026. E1.",2026-07-26
SRC-142,Customer voice and primary reality,customer-voice-trust.md,Peptide buyer voice and trust economics > Gray-area claim versus primary reality,research guide,https://kineticcompounds.com/storage-reconstitution-guide/,"","","A COA makes the product lawful or proves human outcomes Current vendor rankings and stores lead with purity and COAs; customers then check lot match, lab link, and provenance. A COA describes the tested sample and listed attributes. It neither approves a new drug nor substantiates human health claims. FDA's current unapproved GLP-1 page still warns about products falsely labeled for research. P. Use COAs for quality evidence only. Tie each report to inventory and make no clinical inference. Human-use education can live on another creator, media, or affiliate property while the store stays RUO Peptides Uncaged currently separates ranking/editorial content from partner purchase links and discl",2026-07-26
SRC-143,Customer voice and primary reality,customer-voice-trust.md,"Peptide buyer voice and trust economics > Named company evidence, carefully bounded > Identity confusion case",review page,https://officialpeptidesciences.com/customer-reviews/,"","","Identity confusion case A site calling itself “Official Peptide Sciences” republishes alleged Google reviews that repeatedly name a different business, “Peptide Technologies”: review page. Meanwhile, the actual Peptide Sciences site says it voluntarily ceased sales and that purported successors or affiliates are unauthorized. E4. This does not prove who authored the republished reviews. It does prove that brand, review, and company identity can become badly entangled. Noli should never import reviews without source, date, product, and exact legal-brand attribution.",2026-07-26
SRC-144,Customer voice and primary reality | Evidence audit,customer-voice-trust.md | source-audit.md,Peptide buyer voice and trust economics > Gray-area claim versus primary reality | Peptide landscape source audit > Highest-impact correction ledger,unapproved GLP-1 page | retatrutide cannot be used in compounding under federal law,https://www.fda.gov/drugs/drug-alerts-and-statements/fdas-concerns-unapproved-glp-1-drugs-used-weight-loss,July 2026,"","A checkbox or questionnaire turns a retail buyer into a researcher Kinetic's current policy asks purchasers to confirm qualification and research purpose; a July 2026 processor discussion contains conflicting anonymous claims about what gates suffice. E4/E5. Meaningful institutional qualification may be relevant evidence, but no cited primary source creates a checkbox safe harbor. The entire distribution context still controls. Verify the actual buyer, institution, protocol, delivery location, and permitted use if the approved model requires B2B qualification. Do not rely on self-attestation alone. Code names such as “GLP-3,” “Reta,” or receptor shorthand avoid the issue A July 2025 Reddit n || Human-use education can live on another creator, media, or affiliate property while the store stays RUO Peptides Uncaged currently separates ranking/editorial content from partner purchase links and discloses affiliates. E4. Intended use can include representatives' advertising and statements. FDA cited off-site social content in its Prime Peptides warning letter. FTC also evaluates the ad's overall net impression and intermediary endorsements. P. Review creators, affiliates, emails, communities, support scripts, metadata, and store as one coordinated funnel. No human-outcome content for an RUO offer. “Educational” calculators, reconstitution pages, or supplies remain neutral if surrounded b || 18 The FDA event page itself records the final vote results. QUALIFY As inspected July 26, t",2026-07-26
SRC-145,Customer voice and primary reality | Gray marketing and platforms,customer-voice-trust.md | gray-marketing-platform-evidence.md,"Peptide buyer voice and trust economics > Gray-area claim versus primary reality | Gray marketing and platform evidence for peptide companies > 11. Telehealth and compounding as the claimed ""clean pivot"" > Current evidence | Gray marketing and platform evidence for peptide companies > Compact source index by pressure",warned 30 telehealth companies | FDA warning to 30 telehealth companies | FDA 30-company action,https://www.fda.gov/news-events/press-announcements/fda-warns-30-telehealth-companies-against-illegal-marketing-compounded-glp-1s,"July 21, 2026","","Human-use education can live on another creator, media, or affiliate property while the store stays RUO Peptides Uncaged currently separates ranking/editorial content from partner purchase links and discloses affiliates. E4. Intended use can include representatives' advertising and statements. FDA cited off-site social content in its Prime Peptides warning letter. FTC also evaluates the ad's overall net impression and intermediary endorsements. P. Review creators, affiliates, emails, communities, support scripts, metadata, and store as one coordinated funnel. No human-outcome content for an RUO offer. “Educational” calculators, reconstitution pages, or supplies remain neutral if surrounded b || - Reddit physician-team processor post, July 21, 2026. The poster says the team plans to convert its RUO sites to telehealth if regulation tightens. Source type: anonymous operator intention. Grade: C. - FDA warning to 30 telehealth companies, March 3, 2026. FDA says marketing improperly suggested compounded drugs were the same as approved products, obscured which pharmacy compounded them, or used branding that implied the telehealth company itself was the compounder. Source type: regulator action. Grade: A. - FDA guidance for telehealth companies promoting compounded drugs, current July 2026. It explains that compounded drugs are not FDA approved and identifies truthful-promotion duties. So || - Current storefront mechanics: ResearchChemHQ, Peptide Crafters, Feel affiliates, Feel cons",2026-07-26
SRC-146,Evidence audit,source-audit.md,Peptide landscape source audit > Highest-impact correction ledger,BizQuest URL,https://www.bizquest.com/business-for-sale/biotech-research-compound-firm-proprietary-u-s-domestic-lab/BW2495415/,"","","7 The Direct Peptides business was valued at or sold for $14.5 million. QUALIFY The current BizBuySell listing advertises a $14.5 million asking price and seller-supplied figures. It is not a completed sale or independent valuation. The mapping to Direct Peptides is third-party analysis, not stated in the listing. ""A broker listing, linked by a third-party analyst to Direct Peptides, advertised a $14.5 million asking price. That is seller positioning, not a transaction or verified valuation."" 8 Direct Peptides produced $12.33 million revenue and $3.69 million EBITDA. QUALIFY The listing reports $12,326,647 gross revenue and $3,685,118 cash flow, while labeling cash flow as EBITDA. BizBuySell",2026-07-26
SRC-147,Forums and operator growth,operator-growth-playbook.md,"Peptide operator forum playbook > The complete gray-area map > 5. Creator-store separation, affiliates, paid consultations, and disclaimers",AnabolicMinds,https://anabolicminds.com/community/threads/best-healing-peptide.340570/,June 2026,C,"- A June 2026 creator solicitation advertises 20% to 40% commissions. Grade D. - A June 2026 fitfluencer discussion criticizes affiliate-linked vendors, paid consultations, and nonmedical use guidance. Grade C. - AnabolicMinds shows a forum member recommending a vendor while another established member identifies their screen name as a discount code. Grade A for the visible relationship, C for product claims. - BlackHatWorld has a current peptide affiliate thread promoting tiered payouts and ""compliance-focused"" programs. Grade C/D. Durable lesson",2026-07-26
SRC-148,Forums and operator growth,operator-growth-playbook.md,"Peptide operator forum playbook > The complete gray-area map > 12. Telehealth, clinic, provider, pharmacy, and referral layers",AnabolicMinds telehealth discussion,https://anabolicminds.com/community/threads/telehealth-peptides.339529/,July 2026,C,"- A current BHW telehealth affiliate thread discusses CPA, revenue share, hybrid payouts, and subscriptions. Most replies are commercial solicitations. Grade C/D. - A July 2026 operator post says the team may pivot from RUO to telehealth as regulation tightens. Grade C. - An AnabolicMinds telehealth discussion shows high price and weak service driving a customer away from a guided provider to self-sourcing. Grade C. Durable lesson",2026-07-26
SRC-149,Forums and operator growth,operator-growth-playbook.md,"Peptide operator forum playbook > The complete gray-area map > 1. Payment identity, merchant categories, and storefront presentation",July 2026 processor request,https://www.reddit.com/r/PaymentProcessing/comments/1uqyx2r/looking_for_a_merchant_account_for_a_peptide_store/,February 2026,"","- A current Reddit operator report says PayPal, Stripe, and Square shut the business within about two weeks. A later processor imposed a reserve and produced a very high card-decline rate because the descriptor did not match the store. Grade C. - A February 2026 thread says Stripe lasted about one week despite RUO copy, a 21+ gate, lot COAs, and no human-use language. Grade C. - A July 2026 processor request includes a seller openly describing the category as a ""revolving door."" Grade D for the seller claim, C for the visible operator demand. - BlackHatWorld threads on processor cloaking and pharma processing show both the demand for concealment and reports of termination or frozen funds. Gr",2026-07-26
SRC-150,Forums and operator growth,operator-growth-playbook.md,"Peptide operator forum playbook > The complete gray-area map > 7. Vendor COAs, selective tests, blind tests, and community testing",June 2026 group-testing request,https://thinksteroids.com/community/threads/hxtnt-group-funding-testing-7-peptides-with-janoshik-vials-donated-looking-for-contributors.134442979/,June 2026,"","- In a current MESO-Rx vendor-test thread, a lab representative says vendor-submitted tests can be selected ""hot"" samples and calls for buyer tests. Grade C, with visible conflicting incentives. - A June 2026 group-testing request is rejected because a new member would control the samples while the community funded the tests. Grade B for the trust reaction. - A 2025 MESO-Rx discussion debates the incentives behind a free-testing database and waits for results from members people trust. Grade C. - A Professional Muscle thread shows interest in easier domestic testing and mystery-sample submission. Grade C. - A May 2025 vendor thread contains a buyer challenging the use of one batch's report f",2026-07-26
SRC-151,Forums and operator growth,operator-growth-playbook.md,"Peptide operator forum playbook > The complete gray-area map > 7. Vendor COAs, selective tests, blind tests, and community testing",MESO-Rx vendor-test thread,https://www.thinksteroids.com/community/threads/aasraw-independent-lab-test-reports-coa-hplc.134424572/page-23,June 2026,"","What the forum record shows - In a current MESO-Rx vendor-test thread, a lab representative says vendor-submitted tests can be selected ""hot"" samples and calls for buyer tests. Grade C, with visible conflicting incentives. - A June 2026 group-testing request is rejected because a new member would control the samples while the community funded the tests. Grade B for the trust reaction. - A 2025 MESO-Rx discussion debates the incentives behind a free-testing database and waits for results from members people trust. Grade C. - A Professional Muscle thread shows interest in easier domestic testing and mystery-sample submission. Grade C.",2026-07-26
SRC-152,Forums and operator growth,operator-growth-playbook.md,"Peptide operator forum playbook > The complete gray-area map > 7. Vendor COAs, selective tests, blind tests, and community testing",May 2025 vendor thread,https://www.thinksteroids.com/community/threads/sigma-audley-hplc-testing.134424744/post-3500428,May 2025,"",- A 2025 MESO-Rx discussion debates the incentives behind a free-testing database and waits for results from members people trust. Grade C. - A Professional Muscle thread shows interest in easier domestic testing and mystery-sample submission. Grade C. - A May 2025 vendor thread contains a buyer challenging the use of one batch's report for a differently capped batch. Grade C. Durable lesson,2026-07-26
SRC-153,Forums and operator growth,operator-growth-playbook.md,"Peptide operator forum playbook > The complete gray-area map > 7. Vendor COAs, selective tests, blind tests, and community testing | Peptide operator forum playbook > The complete gray-area map > 10. WhatsApp, Telegram, direct messages, and the ""unpublished"" number",Professional Muscle thread | testing discussion,https://www.professionalmuscle.com/forums/index.php?threads%2Fretatrutide.184096%2Fpost-3519321=,June 2026,"","- A June 2026 group-testing request is rejected because a new member would control the samples while the community funded the tests. Grade B for the trust reaction. - A 2025 MESO-Rx discussion debates the incentives behind a free-testing database and waits for results from members people trust. Grade C. - A Professional Muscle thread shows interest in easier domestic testing and mystery-sample submission. Grade C. - A May 2025 vendor thread contains a buyer challenging the use of one batch's report for a differently capped batch. Grade C. Durable lesson || - GLP1Forum vendor threads openly route purchasers to private messaging and direct contact and private supplier chat. Grade A for the visible route, C for product claims. - Professional Muscle sponsor representatives repeatedly place store and private-contact routes in post signatures, visible in this testing discussion. Grade A for the public distribution pattern. - The Reddit sourcing discussion says discovery frequently moves through shared Telegram and Discord chats while unsolicited messages are scam-heavy. Grade C. Most plausible explanation for inbound to Braden",2026-07-26
SRC-154,Forums and operator growth,operator-growth-playbook.md,"Peptide operator forum playbook > The complete gray-area map > 1. Payment identity, merchant categories, and storefront presentation",Reddit operator report,https://www.reddit.com/r/PaymentProcessing/comments/1qxt9wx/payment_processors_in_the_peptide_business_what/,February 2026,"","What the forum record shows - A current Reddit operator report says PayPal, Stripe, and Square shut the business within about two weeks. A later processor imposed a reserve and produced a very high card-decline rate because the descriptor did not match the store. Grade C. - A February 2026 thread says Stripe lasted about one week despite RUO copy, a 21+ gate, lot COAs, and no human-use language. Grade C. - A July 2026 processor request includes a seller openly describing the category as a ""revolving door."" Grade D for the seller claim, C for the visible operator demand. - BlackHatWorld threads on processor cloaking and pharma processing show both the demand for concealment and reports of ter",2026-07-26
SRC-155,Forums and operator growth,operator-growth-playbook.md,"Peptide operator forum playbook > The complete gray-area map > 5. Creator-store separation, affiliates, paid consultations, and disclaimers",peptide affiliate thread,https://www.blackhatworld.com/seo/peptides-for-affiliates.1810864/,June 2026,C,"- A June 2026 fitfluencer discussion criticizes affiliate-linked vendors, paid consultations, and nonmedical use guidance. Grade C. - AnabolicMinds shows a forum member recommending a vendor while another established member identifies their screen name as a discount code. Grade A for the visible relationship, C for product claims. - BlackHatWorld has a current peptide affiliate thread promoting tiered payouts and ""compliance-focused"" programs. Grade C/D. Durable lesson",2026-07-26
SRC-156,Founder media and paid growth | Evidence audit,budai-peptide-growth-case-study.md | source-audit.md,Budai Media peptide growth case study > Why this source matters | Peptide landscape source audit > Highest-impact correction ledger,"Episode 320, May 12, 2026 | Episodes 320",https://shows.acast.com/theecomshow/episodes/320-budai-media-specials-how-we-scaled-a-us-peptide-brand-fr,"May 12, 2026","","Budai Media published three recent podcast episodes describing its work for an unnamed US research-peptide ecommerce client: - Episode 320, May 12, 2026 - Episode 324, July 7, 2026 - Episode 325, July 21, 2026 || 8 Direct Peptides produced $12.33 million revenue and $3.69 million EBITDA. QUALIFY The listing reports $12,326,647 gross revenue and $3,685,118 cash flow, while labeling cash flow as EBITDA. BizBuySell says it has not independently verified the information. ""The broker listing reports $12.33 million revenue and $3.69 million seller-supplied cash flow, about 29.9% of revenue. The figures are unaudited and should not be described as normalized net profit."" 9 The BizQuest link proves a current live sale. REMOVE The BizQuest URL now redirects to a generic search page. Replace it with the current BizBuySell listing and label the figures seller-supplied. Preserve an archive if the exact historica",2026-07-26
SRC-157,Founder media and paid growth,budai-peptide-growth-case-study.md,Budai Media peptide growth case study > Why this source matters,"Episode 324, July 7, 2026",https://thebudaimedia.com/podcasts/324-budai-media-specials-how-to-scale-your-peptide-brand-so-fast-it-feels-illegal/,"May 12, 2026","","- Episode 320, May 12, 2026 - Episode 324, July 7, 2026 - Episode 325, July 21, 2026 This is the most current detailed public operator case study found in this research cycle. It is still an agency selling its own services, the client is anonymous, and no bank settlements, processor reports, or reconciled profit statements are public. Treat the operating mechanics as useful hypotheses and every revenue or margin number as an unverified claim.",2026-07-26
SRC-158,Founder media and paid growth | Companies and founder media | Evidence audit,budai-peptide-growth-case-study.md | company-models-founder-media.md | source-audit.md,"Budai Media peptide growth case study > Why this source matters | 2026 Peptide Company Landscape > Budai Media peptide case-study audit > Episode 325, July 21, 2026 | Peptide landscape source audit > Highest-impact correction ledger","Episode 325, July 21, 2026 | 325",https://shows.acast.com/theecomshow/episodes/325-budai-media-specials-if-i-had-to-scale-a-peptide-brand-t,"May 12, 2026 | July 21, 2026","","- Episode 320, May 12, 2026 - Episode 324, July 7, 2026 - Episode 325, July 21, 2026 This is the most current detailed public operator case study found in this research cycle. It is still an agency selling its own services, the client is anonymous, and no bank settlements, processor reports, or reconciled profit statements are public. Treat the operating mechanics as useful hypotheses and every revenue or margin number as an unverified claim. || - Platform warning: The episode says products were disapproved and a media buyer found a ""workaround."" This report does not reproduce or recommend evasion tactics. Only policy-compliant appeals, accurate categorization, and authorized advertising should be considered. Episode 325, July 21, 2026 - Agency claim: A store that began in November 2025 reached $600K in one month six months later, including $20K per day from Google. Budai says the agency has worked with almost a dozen peptide stores. - Mechanics that are plausible and reusable: Launch retention and subscription from day one, use high-intent search before broad awareness, make compliance part of product-page operations, and design co || 8 Direct Peptides produced $12.33 million revenue and $3.69 million EBITDA. QUALIFY The listing reports $12,326,647 gross revenue and $3,685,118 cash flow, while labeling cash flow as EBITDA. BizBuySell says it has not independently verified the information. ""The broker listing reports $12.33 million revenue and $3.69 million seller-supplied ca",2026-07-26
SRC-159,Gray marketing and platforms,gray-marketing-platform-evidence.md,"Gray marketing and platform evidence for peptide companies > 5. Review seeding, forum placement, and community manipulation > Current evidence",404 Media follow-up on Reddit and AI search manipulation,https://www.404media.co/it-is-trivially-easy-to-use-reddit-to-manipulate-ai-search-research-suggests/,"June 3, 2026","","- r/Biohackers peptide and HRT policy update, May 2026. Moderators say companies use the subreddit for answer-engine optimization, peptide and HRT content has flooded the community, and moderators remove 10% to 17% of all posts. The subjects were moved into weekly megathreads. Source type: current moderation artifact. Grade: B. - 404 Media report on companies manipulating AI search through Reddit, June 3, 2026. The report specifically describes peptide and HRT companies covertly promoting brands in r/Biohackers to influence ChatGPT and Google AI results. Source type: named investigative reporting. Grade: B. - 404 Media follow-up on Reddit and AI search manipulation, June 15, 2026. It explain",2026-07-26
SRC-160,Gray marketing and platforms,gray-marketing-platform-evidence.md,"Gray marketing and platform evidence for peptide companies > 5. Review seeding, forum placement, and community manipulation > Current evidence | Gray marketing and platform evidence for peptide companies > Compact source index by pressure",404 Media report on companies manipulating AI search through Reddit | 404 Media report,https://www.404media.co/companies-are-using-reddit-to-manipulate-chatgpt-and-google-ai-search/,"June 3, 2026","","- r/Biohackers peptide and HRT policy update, May 2026. Moderators say companies use the subreddit for answer-engine optimization, peptide and HRT content has flooded the community, and moderators remove 10% to 17% of all posts. The subjects were moved into weekly megathreads. Source type: current moderation artifact. Grade: B. - 404 Media report on companies manipulating AI search through Reddit, June 3, 2026. The report specifically describes peptide and HRT companies covertly promoting brands in r/Biohackers to influence ChatGPT and Google AI results. Source type: named investigative reporting. Grade: B. - 404 Media follow-up on Reddit and AI search manipulation, June 15, 2026. It explain || - Endorsements and reviews: FTC influencer disclosures, FTC endorsement guides, FTC fake-review rule - Current storefront mechanics: ResearchChemHQ, Peptide Crafters, Feel affiliates, Feel consultation, Ion guidelines - Community and answer-engine manipulation: r/Biohackers policy, 404 Media report, GLP1Forum vendor research - Telehealth and compounded GLP-1s: FDA 30-company action, FDA telehealth guidance, FDA supply clarification - BlackHatWorld reality check: $15 million context, email shutdown, ad request, creator/community campaign",2026-07-26
SRC-161,Gray marketing and platforms,gray-marketing-platform-evidence.md,"Gray marketing and platform evidence for peptide companies > 7. TikTok, Meta, Google, and ad-account churn > Current evidence",BlackHatWorld ad-service thread claiming peptide results,https://www.blackhatworld.com/seo/blackhat-ad-domination-12-years-of-beating-the-system-fb-ig-tiktok-more-platforms-end-to-end-service-100-approval.610134/page-163,"November 6, 2025","","- BlackHatWorld request for peptide advertising, November 6, 2025. A peptide-store operator asks for help; replies sell Google, Bing, TikTok, and Meta services. Source type: operator demand signal plus sales solicitations. Grade: C for demand, D for performance claims. - BlackHatWorld peptide TikTok and Meta request, April 5, 2026. The thread is a direct request for black-hat ad services. Source type: sales solicitation. Grade: D. - BlackHatWorld ad-service thread claiming peptide results, April 2026. An agency claims a peptide client achieved 17.52x return without shutdowns and redirects prospects to Telegram. No named client, spend ledger, settlement evidence, or platform confirmation is p",2026-07-26
SRC-162,Gray marketing and platforms | Forums and operator growth,gray-marketing-platform-evidence.md | operator-growth-playbook.md,"Gray marketing and platform evidence for peptide companies > 7. TikTok, Meta, Google, and ad-account churn > Current evidence | Peptide operator forum playbook > The complete gray-area map > 2. Ad review pages, bridge content, and account churn",BlackHatWorld peptide TikTok and Meta request | TikTok and Meta,https://www.blackhatworld.com/seo/wtb-tiktok-ads-and-meta-ads-for-peptide-niche.1806155/,"November 6, 2025 | July 2026",C,"- TikTok account suspension guidance, updated June 2026. Severe violations can trigger immediate suspension, and poor account health can restrict an agency's ability to create or fund accounts. Source type: primary platform policy. Grade: A. - BlackHatWorld request for peptide advertising, November 6, 2025. A peptide-store operator asks for help; replies sell Google, Bing, TikTok, and Meta services. Source type: operator demand signal plus sales solicitations. Grade: C for demand, D for performance claims. - BlackHatWorld peptide TikTok and Meta request, April 5, 2026. The thread is a direct request for black-hat ad services. Source type: sales solicitation. Grade: D. - BlackHatWorld ad-serv || What the forum record shows - Operators directly request restricted-niche services in current BlackHatWorld threads for peptide ads, TikTok and Meta, and senior scaling help. Grade C for demand, D for seller results. - A July 2026 Reddit post claims spend growth, while a commenter reports permanent personal-account loss despite a strict RUO site. Grade C/D. - A December 2025 BHW thread discusses educational bridge assets after repeated bans. Grade C.",2026-07-26
SRC-163,Gray marketing and platforms | Forums and operator growth | Evidence audit,gray-marketing-platform-evidence.md | operator-growth-playbook.md | source-audit.md,"Gray marketing and platform evidence for peptide companies > Important correction: the BlackHatWorld ""$15 million"" claim | Gray marketing and platform evidence for peptide companies > Compact source index by pressure | Peptide operator forum playbook > The complete gray-area map > 13. Revenue screens, product margin, agency case studies, and exit stories | Peptide landscape source audit > Highest-impact correction ledger",BlackHatWorld post | $15 million context | 2019 BHW post | September 2019 BHW thread,https://www.blackhatworld.com/seo/my-broker-iso-journey-work-from-home.1165620/,"September 28, 2019 | September 2019","","Important correction: the BlackHatWorld ""$15 million"" claim The direct BlackHatWorld post is dated September 28, 2019. The author says he had worked on payment processing for kratom, SARMs, and peptides. Separately, he says, ""I have 15 million in deals to place this week."" The surrounding thread is about hard-money brokerage deals, not BlackHatWorld offering $15 million to acquire a peptide company. - Source type: direct forum artifact and self-report - Evidence grade: A for what the post says, D for treating the amount as verified business value || - Community and answer-engine manipulation: r/Biohackers policy, 404 Media report, GLP1Forum vendor research - Telehealth and compounded GLP-1s: FDA 30-company action, FDA telehealth guidance, FDA supply clarification - BlackHatWorld reality check: $15 million context, email shutdown, ad request, creator/community campaign || What the record shows - The direct 2019 BHW post does not document BlackHatWorld offering $15 million for a peptide company. The author discusses hard-money brokerage and says they had $15 million of deals to place that week while separately mentioning peptide payment processing. - A current BizBuySell listing asks $14.5 million on seller-reported financials. It is not a closed sale or independent valuation. - Current anonymous marketing case studies frequently omit the client, spend ledger, refunds, reserves, settlement, and bank cash. The Budai case-study audit keeps its useful mechanics but grades the reve",2026-07-26
SRC-164,Gray marketing and platforms | Forums and operator growth,gray-marketing-platform-evidence.md | operator-growth-playbook.md,"Gray marketing and platform evidence for peptide companies > 7. TikTok, Meta, Google, and ad-account churn > Current evidence | Gray marketing and platform evidence for peptide companies > Compact source index by pressure | Peptide operator forum playbook > The complete gray-area map > 2. Ad review pages, bridge content, and account churn",BlackHatWorld request for peptide advertising | ad request | peptide ads,https://www.blackhatworld.com/seo/looking-for-peptide-ads.1770098/,"November 6, 2025 | July 2026",C,"- TikTok Healthcare and Pharmaceuticals ad policy, current July 2026. Promotion must comply with local law, approvals, targeting rules, and restrictions on misleading or unsubstantiated claims. Source type: primary platform policy. Grade: A. - TikTok account suspension guidance, updated June 2026. Severe violations can trigger immediate suspension, and poor account health can restrict an agency's ability to create or fund accounts. Source type: primary platform policy. Grade: A. - BlackHatWorld request for peptide advertising, November 6, 2025. A peptide-store operator asks for help; replies sell Google, Bing, TikTok, and Meta services. Source type: operator demand signal plus sales solicita || - Community and answer-engine manipulation: r/Biohackers policy, 404 Media report, GLP1Forum vendor research - Telehealth and compounded GLP-1s: FDA 30-company action, FDA telehealth guidance, FDA supply clarification - BlackHatWorld reality check: $15 million context, email shutdown, ad request, creator/community campaign || What the forum record shows - Operators directly request restricted-niche services in current BlackHatWorld threads for peptide ads, TikTok and Meta, and senior scaling help. Grade C for demand, D for seller results. - A July 2026 Reddit post claims spend growth, while a commenter reports permanent personal-account loss despite a strict RUO site. Grade C/D. - A December 2025 BHW thread discusses educational bridge assets after repeated bans. Grade C.",2026-07-26
SRC-165,Gray marketing and platforms,gray-marketing-platform-evidence.md,"Gray marketing and platform evidence for peptide companies > 3. Creator-store separation, affiliates, and paid consultations > Current contradiction",Branded Content Policy,https://www.tiktok.com/legal/page/global/bc-policy/en,"","",A store can still face intended-use and endorsement risk from paid creator claims. The Feel consultation is a clear example of tension: health-profile-based product matching and consumer wellness goals are difficult to reconcile with a catalog represented solely as laboratory research material. A disclaimer does not sever the commercial relationship between merchant and commissioned creator. TikTok treats affiliate links and discount codes as branded content under its current Branded Content Policy. Pharmaceutical and healthcare promotion is restricted or prohibited depending on category and market. Grade: A. Noli implication,2026-07-26
SRC-166,Gray marketing and platforms,gray-marketing-platform-evidence.md,"Gray marketing and platform evidence for peptide companies > 7. TikTok, Meta, Google, and ad-account churn > Current evidence",Budai statement that it stopped offering Meta ads for peptides,https://www.linkedin.com/posts/budaidaney_we-stopped-offering-meta-ads-for-peptides-activity-7475971106743693313-TJsN,"May 16, 2026",C,"- Reddit Meta peptide-brand post, May 16, 2026. An anonymous marketer claims all client ad accounts were disabled at about $5,000 per day, then claims growth to $10,000 per day after a creative change. Source type: agency-style anonymous claim. Grade: D. - Reddit peptide scaling post, July 17, 2026. A marketer claims spend growth. A commenter says a strict RUO business still lost its personal ad account permanently in under three months. Source type: solicitation plus anonymous firsthand counterexample. Grade: C/D. - Budai statement that it stopped offering Meta ads for peptides, July 2026. The agency says the channel became too unreliable and it shifted the acquisition foundation toward Goo",2026-07-26
SRC-167,Gray marketing and platforms,gray-marketing-platform-evidence.md,"Gray marketing and platform evidence for peptide companies > 4. Fake or AI-generated UGC, doctors, reviews, and testimonials > Current evidence",Business Insider investigation of MedVi affiliate advertising,https://www.businessinsider.com/medvi-ai-weight-loss-millions-ai-advertising-legal-compliance-challenges-2026-4,"April 6, 2026","","Current evidence - Business Insider investigation of MedVi affiliate advertising, April 6, 2026. The report says MedVi's founder estimated affiliates produced perhaps 30% of ads. Reporters found affiliate ads using purported AI-generated doctor identities, thousands of active Meta campaigns, limited disclosure, and a separate affiliate-run domain that received an FDA warning. Source type: named investigative reporting with inspected ad artifacts. Grade: B. - FTC final rule banning fake reviews and testimonials, August 14, 2024. The rule covers fake or false reviews, including AI-generated reviews and testimonials, and certain undisclosed insider reviews. Source type: regulator. Grade: A. - F",2026-07-26
SRC-168,Gray marketing and platforms,gray-marketing-platform-evidence.md,"Gray marketing and platform evidence for peptide companies > 11. Telehealth and compounding as the claimed ""clean pivot"" > Current evidence | Gray marketing and platform evidence for peptide companies > Compact source index by pressure",FDA clarification as GLP-1 supply stabilizes | FDA supply clarification,https://www.fda.gov/drugs/drug-alerts-and-statements/fda-clarifies-policies-compounders-national-glp-1-supply-begins-stabilize,"March 3, 2026","","- FDA warning to 30 telehealth companies, March 3, 2026. FDA says marketing improperly suggested compounded drugs were the same as approved products, obscured which pharmacy compounded them, or used branding that implied the telehealth company itself was the compounder. Source type: regulator action. Grade: A. - FDA guidance for telehealth companies promoting compounded drugs, current July 2026. It explains that compounded drugs are not FDA approved and identifies truthful-promotion duties. Source type: regulator guidance. Grade: A. - FDA clarification as GLP-1 supply stabilizes, April 1, 2026. It explains patient-specific prescription requirements and restrictions on regularly making essent || - Current storefront mechanics: ResearchChemHQ, Peptide Crafters, Feel affiliates, Feel consultation, Ion guidelines - Community and answer-engine manipulation: r/Biohackers policy, 404 Media report, GLP1Forum vendor research - Telehealth and compounded GLP-1s: FDA 30-company action, FDA telehealth guidance, FDA supply clarification - BlackHatWorld reality check: $15 million context, email shutdown, ad request, creator/community campaign",2026-07-26
SRC-169,Gray marketing and platforms,gray-marketing-platform-evidence.md,"Gray marketing and platform evidence for peptide companies > 11. Telehealth and compounding as the claimed ""clean pivot"" > Current evidence | Gray marketing and platform evidence for peptide companies > Compact source index by pressure",FDA guidance for telehealth companies promoting compounded drugs | FDA telehealth guidance,https://www.fda.gov/drugs/human-drug-compounding/fda-telehealth-companies-what-know-when-promoting-compounded-drugs,"July 21, 2026","","- Reddit physician-team processor post, July 21, 2026. The poster says the team plans to convert its RUO sites to telehealth if regulation tightens. Source type: anonymous operator intention. Grade: C. - FDA warning to 30 telehealth companies, March 3, 2026. FDA says marketing improperly suggested compounded drugs were the same as approved products, obscured which pharmacy compounded them, or used branding that implied the telehealth company itself was the compounder. Source type: regulator action. Grade: A. - FDA guidance for telehealth companies promoting compounded drugs, current July 2026. It explains that compounded drugs are not FDA approved and identifies truthful-promotion duties. So || - Current storefront mechanics: ResearchChemHQ, Peptide Crafters, Feel affiliates, Feel consultation, Ion guidelines - Community and answer-engine manipulation: r/Biohackers policy, 404 Media report, GLP1Forum vendor research - Telehealth and compounded GLP-1s: FDA 30-company action, FDA telehealth guidance, FDA supply clarification - BlackHatWorld reality check: $15 million context, email shutdown, ad request, creator/community campaign",2026-07-26
SRC-170,Gray marketing and platforms,gray-marketing-platform-evidence.md,"Gray marketing and platform evidence for peptide companies > 11. Telehealth and compounding as the claimed ""clean pivot"" > Current evidence",FDA warning letter to Ready Med,https://www.fda.gov/inspections-compliance-enforcement-and-criminal-investigations/warning-letters/ready-med-730317-06082026,"April 1, 2026","","- FDA guidance for telehealth companies promoting compounded drugs, current July 2026. It explains that compounded drugs are not FDA approved and identifies truthful-promotion duties. Source type: regulator guidance. Grade: A. - FDA clarification as GLP-1 supply stabilizes, April 1, 2026. It explains patient-specific prescription requirements and restrictions on regularly making essentially copies of approved products. Source type: regulator. Grade: A. - FDA warning letter to Ready Med, June 8, 2026. FDA challenges false or misleading compounded semaglutide and tirzepatide marketing. Source type: regulator action. Grade: A. - Stripe restricted-business FAQ, current July 2026. Telemedicine is",2026-07-26
SRC-171,Gray marketing and platforms,gray-marketing-platform-evidence.md,"Gray marketing and platform evidence for peptide companies > 1. Research-only language, euphemisms, and coded product names > Current evidence | Gray marketing and platform evidence for peptide companies > Compact source index by pressure",FDA warning letter to Summit Research Peptides | Summit,https://www.fda.gov/inspections-compliance-enforcement-and-criminal-investigations/warning-letters/summit-research-peptides-695607-12102024,"December 10, 2024","","Current evidence - FDA warning letter to Summit Research Peptides, December 10, 2024. FDA identifies products presented as ""Sema,"" ""Reta,"" and ""Tirz"" and says website and social claims establish drug intended use despite ""RESEARCH USE ONLY"" language. Source type: regulator. Grade: A. - FDA warning letter to Xcel Research, December 10, 2024. FDA cites names including ""RETA,"" ""CagriLean,"" and ""SEMA"" and treats surrounding claims as evidence of unapproved drug marketing. Source type: regulator. Grade: A. - FDA warning letter to USApeptide.com, February 26, 2025. FDA says RUO, laboratory-use, and not-for-human-consumption statements do not overcome contradictory intended-use evidence. Source typ || Compact source index by pressure - FDA intended-use enforcement: Summit, Xcel, USApeptide - Platform eligibility: Stripe FAQ, Stripe restricted businesses, Meta, Google, TikTok, Klaviyo, Reddit - Endorsements and reviews: FTC influencer disclosures, FTC endorsement guides, FTC fake-review rule - Current storefront mechanics: ResearchChemHQ, Peptide Crafters, Feel affiliates, Feel consultation, Ion guidelines",2026-07-26
SRC-172,Gray marketing and platforms,gray-marketing-platform-evidence.md,"Gray marketing and platform evidence for peptide companies > 1. Research-only language, euphemisms, and coded product names > Current evidence | Gray marketing and platform evidence for peptide companies > Compact source index by pressure",FDA warning letter to USApeptide.com | USApeptide,https://www.fda.gov/inspections-compliance-enforcement-and-criminal-investigations/warning-letters/usapeptidecom-696885-02262025,"December 10, 2024","","- FDA warning letter to Summit Research Peptides, December 10, 2024. FDA identifies products presented as ""Sema,"" ""Reta,"" and ""Tirz"" and says website and social claims establish drug intended use despite ""RESEARCH USE ONLY"" language. Source type: regulator. Grade: A. - FDA warning letter to Xcel Research, December 10, 2024. FDA cites names including ""RETA,"" ""CagriLean,"" and ""SEMA"" and treats surrounding claims as evidence of unapproved drug marketing. Source type: regulator. Grade: A. - FDA warning letter to USApeptide.com, February 26, 2025. FDA says RUO, laboratory-use, and not-for-human-consumption statements do not overcome contradictory intended-use evidence. Source type: regulator. Gra || Compact source index by pressure - FDA intended-use enforcement: Summit, Xcel, USApeptide - Platform eligibility: Stripe FAQ, Stripe restricted businesses, Meta, Google, TikTok, Klaviyo, Reddit - Endorsements and reviews: FTC influencer disclosures, FTC endorsement guides, FTC fake-review rule - Current storefront mechanics: ResearchChemHQ, Peptide Crafters, Feel affiliates, Feel consultation, Ion guidelines",2026-07-26
SRC-173,Gray marketing and platforms,gray-marketing-platform-evidence.md,"Gray marketing and platform evidence for peptide companies > 1. Research-only language, euphemisms, and coded product names > Current evidence | Gray marketing and platform evidence for peptide companies > Compact source index by pressure",FDA warning letter to Xcel Research | Xcel,https://www.fda.gov/inspections-compliance-enforcement-and-criminal-investigations/warning-letters/xcel-research-llc-694608-12102024,"December 10, 2024","","- FDA warning letter to Summit Research Peptides, December 10, 2024. FDA identifies products presented as ""Sema,"" ""Reta,"" and ""Tirz"" and says website and social claims establish drug intended use despite ""RESEARCH USE ONLY"" language. Source type: regulator. Grade: A. - FDA warning letter to Xcel Research, December 10, 2024. FDA cites names including ""RETA,"" ""CagriLean,"" and ""SEMA"" and treats surrounding claims as evidence of unapproved drug marketing. Source type: regulator. Grade: A. - FDA warning letter to USApeptide.com, February 26, 2025. FDA says RUO, laboratory-use, and not-for-human-consumption statements do not overcome contradictory intended-use evidence. Source type: regulator. Gra || Compact source index by pressure - FDA intended-use enforcement: Summit, Xcel, USApeptide - Platform eligibility: Stripe FAQ, Stripe restricted businesses, Meta, Google, TikTok, Klaviyo, Reddit - Endorsements and reviews: FTC influencer disclosures, FTC endorsement guides, FTC fake-review rule - Current storefront mechanics: ResearchChemHQ, Peptide Crafters, Feel affiliates, Feel consultation, Ion guidelines",2026-07-26
SRC-174,Gray marketing and platforms,gray-marketing-platform-evidence.md,"Gray marketing and platform evidence for peptide companies > 4. Fake or AI-generated UGC, doctors, reviews, and testimonials > Current evidence",FTC Consumer Reviews and Testimonials Rule Q&A,https://www.ftc.gov/business-guidance/resources/consumer-reviews-testimonials-rule-questions-answers,"April 6, 2026","","- Business Insider investigation of MedVi affiliate advertising, April 6, 2026. The report says MedVi's founder estimated affiliates produced perhaps 30% of ads. Reporters found affiliate ads using purported AI-generated doctor identities, thousands of active Meta campaigns, limited disclosure, and a separate affiliate-run domain that received an FDA warning. Source type: named investigative reporting with inspected ad artifacts. Grade: B. - FTC final rule banning fake reviews and testimonials, August 14, 2024. The rule covers fake or false reviews, including AI-generated reviews and testimonials, and certain undisclosed insider reviews. Source type: regulator. Grade: A. - FTC Consumer Revie",2026-07-26
SRC-175,Gray marketing and platforms,gray-marketing-platform-evidence.md,"Gray marketing and platform evidence for peptide companies > 3. Creator-store separation, affiliates, and paid consultations > Current evidence | Gray marketing and platform evidence for peptide companies > Compact source index by pressure",FTC Disclosures 101 for Social Media Influencers | FTC influencer disclosures,https://www.ftc.gov/business-guidance/resources/disclosures-101-social-media-influencers,June 2026,"","- Reddit creator-recruitment post, June 2026. A claimed US RUO brand offers creators 20% to 40% commission. Source type: anonymous sales solicitation. Grade: D. - Reddit discussion of peptide fitfluencers, June 2026. Users criticize affiliate-linked vendors, paid consultations, and nonmedical influencers giving use guidance. Source type: anonymous audience reports with linked public content. Grade: C. - FTC Disclosures 101 for Social Media Influencers, current July 2026. A material brand relationship must be clearly disclosed. Source type: regulator guidance. Grade: A. - FTC Endorsement Guides Q&A, current July 2026. Endorsements must be truthful, not misleading, and disclose material relati || - FDA intended-use enforcement: Summit, Xcel, USApeptide - Platform eligibility: Stripe FAQ, Stripe restricted businesses, Meta, Google, TikTok, Klaviyo, Reddit - Endorsements and reviews: FTC influencer disclosures, FTC endorsement guides, FTC fake-review rule - Current storefront mechanics: ResearchChemHQ, Peptide Crafters, Feel affiliates, Feel consultation, Ion guidelines - Community and answer-engine manipulation: r/Biohackers policy, 404 Media report, GLP1Forum vendor research - Telehealth and compounded GLP-1s: FDA 30-company action, FDA telehealth guidance, FDA supply clarification",2026-07-26
SRC-176,Gray marketing and platforms,gray-marketing-platform-evidence.md,"Gray marketing and platform evidence for peptide companies > 3. Creator-store separation, affiliates, and paid consultations > Current evidence | Gray marketing and platform evidence for peptide companies > Compact source index by pressure",FTC Endorsement Guides Q&A | FTC endorsement guides,https://www.ftc.gov/business-guidance/resources/ftcs-endorsement-guides-what-people-are-asking,June 2026,"","- Reddit discussion of peptide fitfluencers, June 2026. Users criticize affiliate-linked vendors, paid consultations, and nonmedical influencers giving use guidance. Source type: anonymous audience reports with linked public content. Grade: C. - FTC Disclosures 101 for Social Media Influencers, current July 2026. A material brand relationship must be clearly disclosed. Source type: regulator guidance. Grade: A. - FTC Endorsement Guides Q&A, current July 2026. Endorsements must be truthful, not misleading, and disclose material relationships. Source type: regulator guidance. Grade: A. Business pressure || - FDA intended-use enforcement: Summit, Xcel, USApeptide - Platform eligibility: Stripe FAQ, Stripe restricted businesses, Meta, Google, TikTok, Klaviyo, Reddit - Endorsements and reviews: FTC influencer disclosures, FTC endorsement guides, FTC fake-review rule - Current storefront mechanics: ResearchChemHQ, Peptide Crafters, Feel affiliates, Feel consultation, Ion guidelines - Community and answer-engine manipulation: r/Biohackers policy, 404 Media report, GLP1Forum vendor research - Telehealth and compounded GLP-1s: FDA 30-company action, FDA telehealth guidance, FDA supply clarification",2026-07-26
SRC-177,Gray marketing and platforms,gray-marketing-platform-evidence.md,"Gray marketing and platform evidence for peptide companies > 4. Fake or AI-generated UGC, doctors, reviews, and testimonials > Current evidence | Gray marketing and platform evidence for peptide companies > Compact source index by pressure",FTC final rule banning fake reviews and testimonials | FTC fake-review rule,https://www.ftc.gov/news-events/news/press-releases/2024/08/federal-trade-commission-announces-final-rule-banning-fake-reviews-testimonials,"April 6, 2026","","- Business Insider investigation of MedVi affiliate advertising, April 6, 2026. The report says MedVi's founder estimated affiliates produced perhaps 30% of ads. Reporters found affiliate ads using purported AI-generated doctor identities, thousands of active Meta campaigns, limited disclosure, and a separate affiliate-run domain that received an FDA warning. Source type: named investigative reporting with inspected ad artifacts. Grade: B. - FTC final rule banning fake reviews and testimonials, August 14, 2024. The rule covers fake or false reviews, including AI-generated reviews and testimonials, and certain undisclosed insider reviews. Source type: regulator. Grade: A. - FTC Consumer Revie || - FDA intended-use enforcement: Summit, Xcel, USApeptide - Platform eligibility: Stripe FAQ, Stripe restricted businesses, Meta, Google, TikTok, Klaviyo, Reddit - Endorsements and reviews: FTC influencer disclosures, FTC endorsement guides, FTC fake-review rule - Current storefront mechanics: ResearchChemHQ, Peptide Crafters, Feel affiliates, Feel consultation, Ion guidelines - Community and answer-engine manipulation: r/Biohackers policy, 404 Media report, GLP1Forum vendor research - Telehealth and compounded GLP-1s: FDA 30-company action, FDA telehealth guidance, FDA supply clarification",2026-07-26
SRC-178,Gray marketing and platforms,gray-marketing-platform-evidence.md,"Gray marketing and platform evidence for peptide companies > 4. Fake or AI-generated UGC, doctors, reviews, and testimonials > Current evidence",FTC order against Rytr,https://www.ftc.gov/news-events/news/press-releases/2024/12/ftc-approves-final-order-against-rytr-seller-ai-testimonial-review-service-providing-subscribers,"August 14, 2024","","- FTC final rule banning fake reviews and testimonials, August 14, 2024. The rule covers fake or false reviews, including AI-generated reviews and testimonials, and certain undisclosed insider reviews. Source type: regulator. Grade: A. - FTC Consumer Reviews and Testimonials Rule Q&A, current July 2026. The rule took effect October 21, 2024 and permits civil penalties for knowing violations. Source type: regulator guidance. Grade: A. - FTC order against Rytr, December 20, 2024. The FTC acted against an AI service marketed for generating deceptive reviews and testimonials. Source type: regulator action. Grade: A. - Peptide marketer promoting AI UGC, 2026. The seller presents AI UGC as a way t",2026-07-26
SRC-179,Gray marketing and platforms | Forums and operator growth,gray-marketing-platform-evidence.md | operator-growth-playbook.md,"Gray marketing and platform evidence for peptide companies > 12. WhatsApp, Telegram, and discovery of an ""unpublished"" number > Current evidence | Peptide operator forum playbook > The complete gray-area map > 10. WhatsApp, Telegram, direct messages, and the ""unpublished"" number",GLP1Forum HNYN vendor thread | private messaging and direct contact,https://glp1forum.com/threads/hnyn-peptides-your-partner-for-premium-peptides.14693/,July 2026,"","Current evidence - GLP1Forum HNYN vendor thread, 2025 to 2026. Vendor content displays direct WhatsApp and Telegram contact paths. Source type: current public community artifact. Grade: A for visible contact placement, C for vendor claims. - GLP1Forum delivery vendor post, 2026. The post includes direct private-messaging contact and purchase claims. Source type: current sponsor or vendor content. Grade: A for visible contact path, C for claims. - GLP1Forum peptide supplier thread, 2025 to 2026. The public post routes buyers to private chat. Source type: current vendor artifact. Grade: A for the route, C for product claims. - WhatsApp business-directory help, current July 2026. WhatsApp provi || What the forum record shows - GLP1Forum vendor threads openly route purchasers to private messaging and direct contact and private supplier chat. Grade A for the visible route, C for product claims. - Professional Muscle sponsor representatives repeatedly place store and private-contact routes in post signatures, visible in this testing discussion. Grade A for the public distribution pattern. - The Reddit sourcing discussion says discovery frequently moves through shared Telegram and Discord chats while unsolicited messages are scam-heavy. Grade C.",2026-07-26
SRC-180,Gray marketing and platforms,gray-marketing-platform-evidence.md,"Gray marketing and platform evidence for peptide companies > 12. WhatsApp, Telegram, and discovery of an ""unpublished"" number > Current evidence",GLP1Forum delivery vendor post,https://glp1forum.com/threads/check-mark-buttondelivered-in-10-days-no-replacement-needed-customs-clearance-included.18007/post-181914,July 2026,"","- GLP1Forum HNYN vendor thread, 2025 to 2026. Vendor content displays direct WhatsApp and Telegram contact paths. Source type: current public community artifact. Grade: A for visible contact placement, C for vendor claims. - GLP1Forum delivery vendor post, 2026. The post includes direct private-messaging contact and purchase claims. Source type: current sponsor or vendor content. Grade: A for visible contact path, C for claims. - GLP1Forum peptide supplier thread, 2025 to 2026. The public post routes buyers to private chat. Source type: current vendor artifact. Grade: A for the route, C for product claims. - WhatsApp business-directory help, current July 2026. WhatsApp provides a business di",2026-07-26
SRC-181,Gray marketing and platforms | Forums and operator growth,gray-marketing-platform-evidence.md | operator-growth-playbook.md,"Gray marketing and platform evidence for peptide companies > 12. WhatsApp, Telegram, and discovery of an ""unpublished"" number > Current evidence | Peptide operator forum playbook > The complete gray-area map > 10. WhatsApp, Telegram, direct messages, and the ""unpublished"" number",GLP1Forum peptide supplier thread | private supplier chat,https://glp1forum.com/threads/high-purity-glp-1-peptides-small-bulk-orders-supported.9993/,July 2026,"","- GLP1Forum HNYN vendor thread, 2025 to 2026. Vendor content displays direct WhatsApp and Telegram contact paths. Source type: current public community artifact. Grade: A for visible contact placement, C for vendor claims. - GLP1Forum delivery vendor post, 2026. The post includes direct private-messaging contact and purchase claims. Source type: current sponsor or vendor content. Grade: A for visible contact path, C for claims. - GLP1Forum peptide supplier thread, 2025 to 2026. The public post routes buyers to private chat. Source type: current vendor artifact. Grade: A for the route, C for product claims. - WhatsApp business-directory help, current July 2026. WhatsApp provides a business di || What the forum record shows - GLP1Forum vendor threads openly route purchasers to private messaging and direct contact and private supplier chat. Grade A for the visible route, C for product claims. - Professional Muscle sponsor representatives repeatedly place store and private-contact routes in post signatures, visible in this testing discussion. Grade A for the public distribution pattern. - The Reddit sourcing discussion says discovery frequently moves through shared Telegram and Discord chats while unsolicited messages are scam-heavy. Grade C.",2026-07-26
SRC-182,Gray marketing and platforms,gray-marketing-platform-evidence.md,"Gray marketing and platform evidence for peptide companies > 5. Review seeding, forum placement, and community manipulation > Current evidence",GLP1Forum sponsored vendor thread,https://glp1forum.com/threads/1st-place-medalhhb-your-reliable-peptide-supplier-quality-speed-flexibility-you-can-trust.13515/post-138814,May 2026,"","- GLP1Forum vendor-research discussion, May 2026. A member alleges extensive vendor and affiliate shilling, misleading positive reviews, suppression of criticism in Telegram and Discord, and sponsor bias. Source type: anonymous firsthand community claim. Grade: C. - BlackHatWorld peptide campaign thread, January 2026. Sellers offer discussion seeding, awareness threads, and comment engagement using established accounts. Source type: sales solicitation. Grade: D. - GLP1Forum sponsored vendor thread, 2025 to 2026. Visible labels identify vendor accounts as sponsors or premier sponsors. Source type: current community artifact. Grade: A for sponsorship labels, C for vendor claims. Business press",2026-07-26
SRC-183,Gray marketing and platforms,gray-marketing-platform-evidence.md,"Gray marketing and platform evidence for peptide companies > 7. TikTok, Meta, Google, and ad-account churn > Current evidence | Gray marketing and platform evidence for peptide companies > Compact source index by pressure",Google Healthcare and Medicines policy | Google,https://support.google.com/adspolicy/answer/176031?hl=en,July 2026,"","- Meta Drugs and Pharmaceuticals advertising policy, current July 2026. Meta prohibits illicit, recreational, and unsafe substances and requires appropriate licensing, certification, and country targeting for eligible online pharmacy, telehealth, and pharmaceutical advertisers. Source type: primary platform policy. Grade: A. - Google Healthcare and Medicines policy, current July 2026. Google prohibits unapproved substances and unauthorized pharmacies. Serious violations can result in suspension without prior warning. Source type: primary platform policy. Grade: A. - TikTok Healthcare and Pharmaceuticals ad policy, current July 2026. Promotion must comply with local law, approvals, targeting  || - FDA intended-use enforcement: Summit, Xcel, USApeptide - Platform eligibility: Stripe FAQ, Stripe restricted businesses, Meta, Google, TikTok, Klaviyo, Reddit - Endorsements and reviews: FTC influencer disclosures, FTC endorsement guides, FTC fake-review rule - Current storefront mechanics: ResearchChemHQ, Peptide Crafters, Feel affiliates, Feel consultation, Ion guidelines - Community and answer-engine manipulation: r/Biohackers policy, 404 Media report, GLP1Forum vendor research",2026-07-26
SRC-184,Gray marketing and platforms,gray-marketing-platform-evidence.md,"Gray marketing and platform evidence for peptide companies > 8. Email platforms, hosting, and data portability > Current evidence",Hostinger prohibited-content policy,https://support.hostinger.com/en/articles/11053974-what-content-isn-t-allowed-at-hostinger,"September 22, 2025","","- Reddit Shopify Payments report, September 22, 2025. An operator says Shopify Payments stopped processing a European research-peptide store. Source type: anonymous firsthand claim. Grade: C. - Reddit Hostinger question, January 23, 2026. A prospective RUO seller asks whether the host will accept the business. Source type: operator demand signal. Grade: C. - Hostinger prohibited-content policy, current July 2026. It prohibits illegal activity and sale or distribution of prescription medication without a valid prescription and permits suspension or termination. Source type: primary platform policy. Grade: A. Business pressure",2026-07-26
SRC-185,Gray marketing and platforms,gray-marketing-platform-evidence.md,"Gray marketing and platform evidence for peptide companies > 1. Research-only language, euphemisms, and coded product names > Current contradiction | Gray marketing and platform evidence for peptide companies > Compact source index by pressure",Illegal or Prohibited Transactions policy | Reddit,https://support.reddithelp.com/hc/en-us/articles/360043513471-Illegal-or-Prohibited-Transactions,"May 19, 2026","","Current contradiction The FDA evaluates the full body of intended-use evidence, including social posts, testimonials, accessories, instructions, and off-site claims. A code or footer is not a legal shield. Reddit also prohibits transactions involving pharmaceutical drugs and implicit attempts to move prohibited transactions into private messages under its Illegal or Prohibited Transactions policy, updated May 19, 2026. Grade: A. Noli implication || - FDA intended-use enforcement: Summit, Xcel, USApeptide - Platform eligibility: Stripe FAQ, Stripe restricted businesses, Meta, Google, TikTok, Klaviyo, Reddit - Endorsements and reviews: FTC influencer disclosures, FTC endorsement guides, FTC fake-review rule - Current storefront mechanics: ResearchChemHQ, Peptide Crafters, Feel affiliates, Feel consultation, Ion guidelines - Community and answer-engine manipulation: r/Biohackers policy, 404 Media report, GLP1Forum vendor research",2026-07-26
SRC-186,Gray marketing and platforms,gray-marketing-platform-evidence.md,"Gray marketing and platform evidence for peptide companies > 8. Email platforms, hosting, and data portability > Current evidence",LinkedIn peptide email case claim,https://www.linkedin.com/posts/reuben-coertzen-15b8b4190_everything-was-going-fine-until-it-wasnt-activity-7459487304340889600-ibxq,"May 21, 2026","","- BlackHatWorld thread: email platform for peptides after Klaviyo ban, March 3 to May 21, 2026. The operator says Klaviyo disabled the account and a meaningful number of signups were lost. The operator later reports temporary success elsewhere while other replies sell concealment and evasion. Source type: anonymous firsthand claim plus solicitations. Grade: C for the shutdown report, D for workaround claims. - Klaviyo Acceptable Use Policy, updated April 9, 2026. It prohibits or restricts prescription medicines, pharmaceuticals, medical therapies, telehealth, affiliate-first promotions, purchased lists, and conduct intended to evade spam filters or cycle across domains, brands, or providers.",2026-07-26
SRC-187,Gray marketing and platforms,gray-marketing-platform-evidence.md,"Gray marketing and platform evidence for peptide companies > 7. TikTok, Meta, Google, and ad-account churn > Current evidence | Gray marketing and platform evidence for peptide companies > Compact source index by pressure",Meta Drugs and Pharmaceuticals advertising policy | Meta,https://www.facebook.com/policies/ads/restricted_content/prescription_drugs,July 2026,"","Current evidence - Meta Drugs and Pharmaceuticals advertising policy, current July 2026. Meta prohibits illicit, recreational, and unsafe substances and requires appropriate licensing, certification, and country targeting for eligible online pharmacy, telehealth, and pharmaceutical advertisers. Source type: primary platform policy. Grade: A. - Google Healthcare and Medicines policy, current July 2026. Google prohibits unapproved substances and unauthorized pharmacies. Serious violations can result in suspension without prior warning. Source type: primary platform policy. Grade: A. - TikTok Healthcare and Pharmaceuticals ad policy, current July 2026. Promotion must comply with local law, appr || - FDA intended-use enforcement: Summit, Xcel, USApeptide - Platform eligibility: Stripe FAQ, Stripe restricted businesses, Meta, Google, TikTok, Klaviyo, Reddit - Endorsements and reviews: FTC influencer disclosures, FTC endorsement guides, FTC fake-review rule - Current storefront mechanics: ResearchChemHQ, Peptide Crafters, Feel affiliates, Feel consultation, Ion guidelines - Community and answer-engine manipulation: r/Biohackers policy, 404 Media report, GLP1Forum vendor research",2026-07-26
SRC-188,Gray marketing and platforms,gray-marketing-platform-evidence.md,"Gray marketing and platform evidence for peptide companies > 12. WhatsApp, Telegram, and discovery of an ""unpublished"" number > Current evidence",Meta announcement of business search in WhatsApp,https://about.fb.com/news/2022/11/find-and-buy-from-businesses-on-whatsapp/,"November 17, 2022","","- WhatsApp business-directory help, current July 2026. WhatsApp provides a business directory in supported markets. Source type: primary product documentation. Grade: A. - WhatsApp help for reaching customers through the directory, current July 2026. It describes customer discovery of businesses. Source type: primary documentation. Grade: A. - Meta announcement of business search in WhatsApp, November 17, 2022. Users in supported markets can search by business name or category. Source type: primary company announcement. Grade: A. - WhatsApp Business announcement, June 3, 2026. It says business discovery by name and through shared phone numbers or contact cards is expanding. Source type: prim",2026-07-26
SRC-189,Gray marketing and platforms,gray-marketing-platform-evidence.md,"Gray marketing and platform evidence for peptide companies > 2. Age gates, questionnaires, and account walls > Current evidence | Gray marketing and platform evidence for peptide companies > Compact source index by pressure",Peptide Crafters registration | Peptide Crafters,https://peptidecrafters.com/login-register/,July 2026,"","- ResearchChemHQ, inspected July 2026. Purchase requires an account and asks for date of birth, phone, business type, 21+ confirmation, and RUO acknowledgment. Source type: current first-party site. Grade: A for visible mechanics. - Peptide Crafters registration, inspected July 2026. Registration asks for date of birth, account and business type, company or researcher status, website, EIN, address, 21+ confirmation, qualified-professional status, and RUO certification. Source type: current first-party site. Grade: A for visible mechanics. - Peptide Price access gate, inspected July 2026. The comparison site requires 21+, qualified-researcher, and RUO attestations before access. Source type:  || - Platform eligibility: Stripe FAQ, Stripe restricted businesses, Meta, Google, TikTok, Klaviyo, Reddit - Endorsements and reviews: FTC influencer disclosures, FTC endorsement guides, FTC fake-review rule - Current storefront mechanics: ResearchChemHQ, Peptide Crafters, Feel affiliates, Feel consultation, Ion guidelines - Community and answer-engine manipulation: r/Biohackers policy, 404 Media report, GLP1Forum vendor research - Telehealth and compounded GLP-1s: FDA 30-company action, FDA telehealth guidance, FDA supply clarification - BlackHatWorld reality check: $15 million context, email shutdown, ad request, creator/community campaign",2026-07-26
SRC-190,Gray marketing and platforms,gray-marketing-platform-evidence.md,"Gray marketing and platform evidence for peptide companies > 4. Fake or AI-generated UGC, doctors, reviews, and testimonials > Current evidence",Peptide marketer promoting AI UGC,https://www.linkedin.com/posts/noahfrydberg_how-to-market-your-peptides-brand-most-activity-7460043820676681728-ZlbR,"October 21, 2024","","- FTC Consumer Reviews and Testimonials Rule Q&A, current July 2026. The rule took effect October 21, 2024 and permits civil penalties for knowing violations. Source type: regulator guidance. Grade: A. - FTC order against Rytr, December 20, 2024. The FTC acted against an AI service marketed for generating deceptive reviews and testimonials. Source type: regulator action. Grade: A. - Peptide marketer promoting AI UGC, 2026. The seller presents AI UGC as a way to increase creative volume. Source type: agency sales content. Grade: C. It proves the service is marketed, not that claimed results are real or compliant. Business pressure",2026-07-26
SRC-191,Gray marketing and platforms,gray-marketing-platform-evidence.md,"Gray marketing and platform evidence for peptide companies > 10. Rebrands, moved domains, mirror sites, and impersonation > Current evidence",PeptideSciencesUSA.co,https://peptidesciencesusa.co/,"March 6, 2026","","- Reddit discussion of Peptide Sciences shutdown, March 6, 2026. The post and comments discuss an announced shutdown and speculate about a later rebrand or mirror. Source type: community report and speculation. Grade: C for the shutdown discussion, D for claims of continuity. - PeptideSciencesUSA.co, inspected July 2026. The site claims to be the ""new Peptide Sciences"" after legal pressure. Its embedded review language refers to a different brand name, creating a material identity inconsistency. Source type: current first-party domain artifact. Grade: A for what the page says, D for the claimed identity. - Synthazor, inspected July 2026. Search results indicate that the website moved to a ne",2026-07-26
SRC-192,Gray marketing and platforms,gray-marketing-platform-evidence.md,"Gray marketing and platform evidence for peptide companies > 9. Payment processing, reserves, and settlement risk > Current evidence",Reddit 2025 peptide-processing information post,https://www.reddit.com/r/PaymentProcessing/comments/1kkodvc/peptide_payment_processing_info_new_for_2025_a/,"May 12, 2025","","Current evidence - Reddit 2025 peptide-processing information post, May 12, 2025. A processor seller recommends removing medical, dosing, testimonial, review, and human-use material and using generic chemistry data. Source type: payment salesperson. Grade: C for market practice, not authority. - Reddit current processor request, February 28, 2026. An operator says one provider shut down and Stripe lasted about a week before flagging a store that displayed RUO language, COAs, a 21+ gate, and no human-use text at about $10,000 monthly volume. Source type: anonymous firsthand claim. Grade: C. - Reddit lower-fee RUO processor request, June 15, 2026. An operator claims about $100,000 monthly card",2026-07-26
SRC-193,Gray marketing and platforms,gray-marketing-platform-evidence.md,"Gray marketing and platform evidence for peptide companies > 8. Email platforms, hosting, and data portability > Current evidence",Reddit Hostinger question,https://www.reddit.com/r/Hostinger/comments/1qkuynx/would_hostinger_be_a_good_web_hosting_option_for/,"September 22, 2025","","- LinkedIn peptide email case claim, 2026. An agency says a UK peptide brand grew attributed email revenue from about £700 to £16,000 per month before Klaviyo removed the account. Source type: self-promotional agency claim. Grade: C. - Reddit Shopify Payments report, September 22, 2025. An operator says Shopify Payments stopped processing a European research-peptide store. Source type: anonymous firsthand claim. Grade: C. - Reddit Hostinger question, January 23, 2026. A prospective RUO seller asks whether the host will accept the business. Source type: operator demand signal. Grade: C. - Hostinger prohibited-content policy, current July 2026. It prohibits illegal activity and sale or distrib",2026-07-26
SRC-194,Gray marketing and platforms,gray-marketing-platform-evidence.md,"Gray marketing and platform evidence for peptide companies > 7. TikTok, Meta, Google, and ad-account churn > Current evidence",Reddit Meta peptide-brand post,https://www.reddit.com/r/FacebookAds/comments/1texhxr/this_text_message_saved_a_banned_peptide_brand/,"December 2, 2025","","- BlackHatWorld ad-service thread claiming peptide results, April 2026. An agency claims a peptide client achieved 17.52x return without shutdowns and redirects prospects to Telegram. No named client, spend ledger, settlement evidence, or platform confirmation is provided. Source type: agency solicitation. Grade: D. - ZeroPenny peptide case study, December 2, 2025. The agency also claims 17.52x return, stable delivery, controlled messaging, native creative, and a lean funnel. Source type: self-promotional agency case study. Grade: C, with high overstatement risk. - Reddit Meta peptide-brand post, May 16, 2026. An anonymous marketer claims all client ad accounts were disabled at about $5,000 ",2026-07-26
SRC-195,Gray marketing and platforms,gray-marketing-platform-evidence.md,"Gray marketing and platform evidence for peptide companies > 9. Payment processing, reserves, and settlement risk > Current evidence",Reddit RUO processor discussion,https://www.reddit.com/r/PaymentProcessing/comments/1u8jpxx/payment_processor_for_ruo_peptide_sales_anyone/,"February 28, 2026",C,"- Reddit current processor request, February 28, 2026. An operator says one provider shut down and Stripe lasted about a week before flagging a store that displayed RUO language, COAs, a 21+ gate, and no human-use text at about $10,000 monthly volume. Source type: anonymous firsthand claim. Grade: C. - Reddit lower-fee RUO processor request, June 15, 2026. An operator claims about $100,000 monthly card volume and an 11% current fee, seeking lower fees and no reserve. Source type: anonymous self-report. Grade: C/D. - Reddit RUO processor discussion, June 17, 2026. A startup reports repeated rejections; replies characterize peptide processing as a revolving door and sell services by direct mes",2026-07-26
SRC-196,Gray marketing and platforms | Forums and operator growth,gray-marketing-platform-evidence.md | operator-growth-playbook.md,"Gray marketing and platform evidence for peptide companies > 8. Email platforms, hosting, and data portability > Current evidence | Peptide operator forum playbook > The complete gray-area map > 9. Email, hosting, domains, and data portability",Reddit Shopify Payments report | September 2025 Reddit report,https://www.reddit.com/r/PaymentProcessing/comments/1nnl1mq/i_have_a_shopify_store_in_the_eu_that_sells/,"April 9, 2026 | March 2026",C,"- Klaviyo Acceptable Use Policy, updated April 9, 2026. It prohibits or restricts prescription medicines, pharmaceuticals, medical therapies, telehealth, affiliate-first promotions, purchased lists, and conduct intended to evade spam filters or cycle across domains, brands, or providers. Klaviyo may terminate immediately. Source type: primary platform policy. Grade: A. - LinkedIn peptide email case claim, 2026. An agency says a UK peptide brand grew attributed email revenue from about £700 to £16,000 per month before Klaviyo removed the account. Source type: self-promotional agency claim. Grade: C. - Reddit Shopify Payments report, September 22, 2025. An operator says Shopify Payments stoppe || - A March 2026 BHW thread begins with an operator reporting a Klaviyo ban and lost signups. Replies mix legitimate portability advice with concealment services. Grade C/D. - An April 2026 BHW thread discusses dedicated infrastructure and affiliate partnerships after mainstream service restrictions. Grade C/D. - A September 2025 Reddit report says Shopify Payments stopped servicing a European peptide store. Grade C. Durable lesson",2026-07-26
SRC-197,Gray marketing and platforms | Forums and operator growth,gray-marketing-platform-evidence.md | operator-growth-playbook.md,"Gray marketing and platform evidence for peptide companies > 3. Creator-store separation, affiliates, and paid consultations > Current evidence | Peptide operator forum playbook > The complete gray-area map > 5. Creator-store separation, affiliates, paid consultations, and disclaimers",Reddit creator-recruitment post | June 2026 creator solicitation,https://www.reddit.com/r/influencermarketing/comments/1u0trio/peptide_brand_looking_for_creators_to_promote/,July 2026 | June 2026,C,"- Feel Peptides onboarding consultation, inspected July 2026. A $50 one-on-one consultation discusses wellness goals and health profile to determine products and programs, with the fee credited to a first order. It also offers paid post-purchase support. Source type: current first-party site. Grade: A. - Ion Peptide community guidelines, effective October 2025. The company prohibits medical, dosing, and human-use discussion and says unauthorized influencers and affiliates are not allowed. Source type: current first-party policy. Grade: A. - Reddit creator-recruitment post, June 2026. A claimed US RUO brand offers creators 20% to 40% commission. Source type: anonymous sales solicitation. Grad || What the forum record shows - A June 2026 creator solicitation advertises 20% to 40% commissions. Grade D. - A June 2026 fitfluencer discussion criticizes affiliate-linked vendors, paid consultations, and nonmedical use guidance. Grade C. - AnabolicMinds shows a forum member recommending a vendor while another established member identifies their screen name as a discount code. Grade A for the visible relationship, C for product claims. - BlackHatWorld has a current peptide affiliate thread promoting tiered payouts and ""compliance-focused"" programs. Grade C/D.",2026-07-26
SRC-198,Gray marketing and platforms | Forums and operator growth,gray-marketing-platform-evidence.md | operator-growth-playbook.md,"Gray marketing and platform evidence for peptide companies > 9. Payment processing, reserves, and settlement risk > Current evidence | Peptide operator forum playbook > The complete gray-area map > 1. Payment identity, merchant categories, and storefront presentation",Reddit current processor request | February 2026 thread,https://www.reddit.com/r/PaymentProcessing/comments/1rgpxpq/current_peptide_sellers_who_are_you_using_for/,"May 12, 2025 | February 2026","","- Reddit 2025 peptide-processing information post, May 12, 2025. A processor seller recommends removing medical, dosing, testimonial, review, and human-use material and using generic chemistry data. Source type: payment salesperson. Grade: C for market practice, not authority. - Reddit current processor request, February 28, 2026. An operator says one provider shut down and Stripe lasted about a week before flagging a store that displayed RUO language, COAs, a 21+ gate, and no human-use text at about $10,000 monthly volume. Source type: anonymous firsthand claim. Grade: C. - Reddit lower-fee RUO processor request, June 15, 2026. An operator claims about $100,000 monthly card volume and an 11 || - A current Reddit operator report says PayPal, Stripe, and Square shut the business within about two weeks. A later processor imposed a reserve and produced a very high card-decline rate because the descriptor did not match the store. Grade C. - A February 2026 thread says Stripe lasted about one week despite RUO copy, a 21+ gate, lot COAs, and no human-use language. Grade C. - A July 2026 processor request includes a seller openly describing the category as a ""revolving door."" Grade D for the seller claim, C for the visible operator demand. - BlackHatWorld threads on processor cloaking and pharma processing show both the demand for concealment and reports of termination or frozen funds. Gr",2026-07-26
SRC-199,Gray marketing and platforms,gray-marketing-platform-evidence.md,"Gray marketing and platform evidence for peptide companies > 10. Rebrands, moved domains, mirror sites, and impersonation > Current evidence",Reddit discussion of Peptide Sciences shutdown,https://www.reddit.com/r/BodyHackGuide/comments/1rmojo6/peptide_sciences_just_shut_down_heres_what_that/,"March 6, 2026","","Current evidence - Reddit discussion of Peptide Sciences shutdown, March 6, 2026. The post and comments discuss an announced shutdown and speculate about a later rebrand or mirror. Source type: community report and speculation. Grade: C for the shutdown discussion, D for claims of continuity. - PeptideSciencesUSA.co, inspected July 2026. The site claims to be the ""new Peptide Sciences"" after legal pressure. Its embedded review language refers to a different brand name, creating a material identity inconsistency. Source type: current first-party domain artifact. Grade: A for what the page says, D for the claimed identity. - Synthazor, inspected July 2026. Search results indicate that the webs",2026-07-26
SRC-200,Gray marketing and platforms,gray-marketing-platform-evidence.md,"Gray marketing and platform evidence for peptide companies > 9. Payment processing, reserves, and settlement risk > Current evidence",Reddit lower-fee RUO processor request,https://www.reddit.com/r/PaymentProcessing/comments/1u6nc13/lower_fee_payment_processor_ruo_peptides/,"May 12, 2025","","- Reddit 2025 peptide-processing information post, May 12, 2025. A processor seller recommends removing medical, dosing, testimonial, review, and human-use material and using generic chemistry data. Source type: payment salesperson. Grade: C for market practice, not authority. - Reddit current processor request, February 28, 2026. An operator says one provider shut down and Stripe lasted about a week before flagging a store that displayed RUO language, COAs, a 21+ gate, and no human-use text at about $10,000 monthly volume. Source type: anonymous firsthand claim. Grade: C. - Reddit lower-fee RUO processor request, June 15, 2026. An operator claims about $100,000 monthly card volume and an 11",2026-07-26
SRC-201,Gray marketing and platforms | Forums and operator growth,gray-marketing-platform-evidence.md | operator-growth-playbook.md,"Gray marketing and platform evidence for peptide companies > 9. Payment processing, reserves, and settlement risk > Current evidence | Gray marketing and platform evidence for peptide companies > 11. Telehealth and compounding as the claimed ""clean pivot"" > Current evidence | Peptide operator forum playbook > The complete gray-area map > 12. Telehealth, clinic, provider, pharmacy, and referral layers",Reddit physician-team RUO processing post | Reddit physician-team processor post | July 2026 operator post,https://www.reddit.com/r/PaymentProcessing/comments/1v2mb2f/ruo_credit_card_processing_needed/,"June 15, 2026 | July 21, 2026 | July 2026",C,"- Reddit lower-fee RUO processor request, June 15, 2026. An operator claims about $100,000 monthly card volume and an 11% current fee, seeking lower fees and no reserve. Source type: anonymous self-report. Grade: C/D. - Reddit RUO processor discussion, June 17, 2026. A startup reports repeated rejections; replies characterize peptide processing as a revolving door and sell services by direct message. Source type: operator report plus solicitations. Grade: C/D. - Reddit physician-team RUO processing post, July 21, 2026. The poster claims growth from about $4,000 to $36,000 monthly, mostly organic, and later reports a processor offer around an 8% fee plus a 10% reserve. The team says it may pi || Current evidence - Reddit physician-team processor post, July 21, 2026. The poster says the team plans to convert its RUO sites to telehealth if regulation tightens. Source type: anonymous operator intention. Grade: C. - FDA warning to 30 telehealth companies, March 3, 2026. FDA says marketing improperly suggested compounded drugs were the same as approved products, obscured which pharmacy compounded them, or used branding that implied the telehealth company itself was the compounder. Source type: regulator action. Grade: A. - FDA guidance for telehealth companies promoting compounded drugs, current July 2026. It explains that compounded drugs are not FDA approved and identifies truthful-pro || - A current BHW telehealth affiliate thread discusses CPA, revenue share, hybrid payouts, an",2026-07-26
SRC-202,Gray marketing and platforms | Evidence audit,gray-marketing-platform-evidence.md | source-audit.md,"Gray marketing and platform evidence for peptide companies > 9. Payment processing, reserves, and settlement risk > Current evidence | Gray marketing and platform evidence for peptide companies > Compact source index by pressure | Peptide landscape source audit > Highest-impact correction ledger",Stripe Restricted Businesses | Stripe restricted businesses | restricted-business policy,https://stripe.com/legal/restricted-businesses,"July 21, 2026","","- Reddit physician-team RUO processing post, July 21, 2026. The poster claims growth from about $4,000 to $36,000 monthly, mostly organic, and later reports a processor offer around an 8% fee plus a 10% reserve. The team says it may pivot to telehealth. Source type: detailed but anonymous firsthand claim. Grade: C. - ResearchChemHQ payment FAQ, inspected July 2026. The company says payment methods change because of Visa, Mastercard, and processor restrictions and currently lists a mix of card, bank, wallet, and crypto methods. Source type: current first-party site. Grade: A for visible practice. - Stripe Restricted Businesses, current July 2026. Incorrectly labeled research chemicals are pro || - FDA intended-use enforcement: Summit, Xcel, USApeptide - Platform eligibility: Stripe FAQ, Stripe restricted businesses, Meta, Google, TikTok, Klaviyo, Reddit - Endorsements and reviews: FTC influencer disclosures, FTC endorsement guides, FTC fake-review rule - Current storefront mechanics: ResearchChemHQ, Peptide Crafters, Feel affiliates, Feel consultation, Ion guidelines - Community and answer-engine manipulation: r/Biohackers policy, 404 Media report, GLP1Forum vendor research || 12 The Budai material proves Google is the best peptide channel. QUALIFY It is a current agency claim about its client set and commercial offering, not a controlled channel comparison. ""Budai reports Google was strongest across its peptide clients. Treat high-intent search as the lead test hypothesis, no",2026-07-26
SRC-203,Gray marketing and platforms,gray-marketing-platform-evidence.md,"Gray marketing and platform evidence for peptide companies > 10. Rebrands, moved domains, mirror sites, and impersonation > Current evidence",Synthazor,https://synthazor.com/,"March 6, 2026","","- Reddit discussion of Peptide Sciences shutdown, March 6, 2026. The post and comments discuss an announced shutdown and speculate about a later rebrand or mirror. Source type: community report and speculation. Grade: C for the shutdown discussion, D for claims of continuity. - PeptideSciencesUSA.co, inspected July 2026. The site claims to be the ""new Peptide Sciences"" after legal pressure. Its embedded review language refers to a different brand name, creating a material identity inconsistency. Source type: current first-party domain artifact. Grade: A for what the page says, D for the claimed identity. - Synthazor, inspected July 2026. Search results indicate that the website moved to a ne",2026-07-26
SRC-204,Gray marketing and platforms | Evidence audit,gray-marketing-platform-evidence.md | source-audit.md,"Gray marketing and platform evidence for peptide companies > 1. Research-only language, euphemisms, and coded product names > Current evidence | Peptide landscape source audit > Link and date QA","The Atlantic investigation into underground retatrutide | ""I Bought 'GLP-3'""",https://www.theatlantic.com/health/2025/12/retatrutide-underground-market/685400/,"December 10, 2024 | December 10, 2025","","- FDA warning letter to Xcel Research, December 10, 2024. FDA cites names including ""RETA,"" ""CagriLean,"" and ""SEMA"" and treats surrounding claims as evidence of unapproved drug marketing. Source type: regulator. Grade: A. - FDA warning letter to USApeptide.com, February 26, 2025. FDA says RUO, laboratory-use, and not-for-human-consumption statements do not overcome contradictory intended-use evidence. Source type: regulator. Grade: A. - The Atlantic investigation into underground retatrutide, December 23, 2025. The reporter describes finding sellers through social channels, ""GLP-3"" and branded substitute names, RUO disclaimers, ""my lab rat"" language, and Telegram sourcing. Source type: named || - Peptide Sciences review page: https://officialpeptidesciences.com/customer-reviews/ did not return a usable response during this audit. Do not rely on it as current active evidence without an archive or manual capture. - Beyond the Vial episode 2: the existing source points to the show page, not a direct episode URL. The show page verifies the title and December 10, 2025 date. - The Atlantic: the linked December 23, 2025 article's displayed title is ""I Bought 'GLP-3'"". Replace alternate headline wording. - Budai: Acast verifies episode 320 on May 12, 2026, episode 324 on July 7, 2026, and episode 325 on July 21, 2026. Episode 320's Acast title contains an apparent extra zero in ""$500,0000/",2026-07-26
SRC-205,Gray marketing and platforms,gray-marketing-platform-evidence.md,"Gray marketing and platform evidence for peptide companies > 7. TikTok, Meta, Google, and ad-account churn > Current evidence | Gray marketing and platform evidence for peptide companies > Compact source index by pressure",TikTok Healthcare and Pharmaceuticals ad policy | TikTok,https://ads.tiktok.com/help/article/tiktok-ads-policy-healthcare-pharmaceuticals?lang=en-GB,July 2026,"","- Meta Drugs and Pharmaceuticals advertising policy, current July 2026. Meta prohibits illicit, recreational, and unsafe substances and requires appropriate licensing, certification, and country targeting for eligible online pharmacy, telehealth, and pharmaceutical advertisers. Source type: primary platform policy. Grade: A. - Google Healthcare and Medicines policy, current July 2026. Google prohibits unapproved substances and unauthorized pharmacies. Serious violations can result in suspension without prior warning. Source type: primary platform policy. Grade: A. - TikTok Healthcare and Pharmaceuticals ad policy, current July 2026. Promotion must comply with local law, approvals, targeting  || - FDA intended-use enforcement: Summit, Xcel, USApeptide - Platform eligibility: Stripe FAQ, Stripe restricted businesses, Meta, Google, TikTok, Klaviyo, Reddit - Endorsements and reviews: FTC influencer disclosures, FTC endorsement guides, FTC fake-review rule - Current storefront mechanics: ResearchChemHQ, Peptide Crafters, Feel affiliates, Feel consultation, Ion guidelines - Community and answer-engine manipulation: r/Biohackers policy, 404 Media report, GLP1Forum vendor research",2026-07-26
SRC-206,Gray marketing and platforms,gray-marketing-platform-evidence.md,"Gray marketing and platform evidence for peptide companies > 7. TikTok, Meta, Google, and ad-account churn > Current evidence",TikTok account suspension guidance,https://ads.tiktok.com/help/article/account-suspensions?redirected=1,July 2026,"","- Google Healthcare and Medicines policy, current July 2026. Google prohibits unapproved substances and unauthorized pharmacies. Serious violations can result in suspension without prior warning. Source type: primary platform policy. Grade: A. - TikTok Healthcare and Pharmaceuticals ad policy, current July 2026. Promotion must comply with local law, approvals, targeting rules, and restrictions on misleading or unsubstantiated claims. Source type: primary platform policy. Grade: A. - TikTok account suspension guidance, updated June 2026. Severe violations can trigger immediate suspension, and poor account health can restrict an agency's ability to create or fund accounts. Source type: primary",2026-07-26
SRC-207,Gray marketing and platforms,gray-marketing-platform-evidence.md,"Gray marketing and platform evidence for peptide companies > 1. Research-only language, euphemisms, and coded product names > Current evidence",Vial Audit analysis of code-name catalogs,https://vialaudit.com/articles/code-name-catalogs-fda-evasion,"December 23, 2025","","- The Atlantic investigation into underground retatrutide, December 23, 2025. The reporter describes finding sellers through social channels, ""GLP-3"" and branded substitute names, RUO disclaimers, ""my lab rat"" language, and Telegram sourcing. Source type: named journalism. Grade: B. - r/Peptidesource sourcing-rules discussion, April 14, 2026. Community automation prohibits vendor names, prices, redirects to private messages, and human-use framing while permitting discussion framed around a research subject. Source type: current moderation artifact. Grade: B for community behavior. - Vial Audit analysis of code-name catalogs, 2026. It documents the widespread catalog-code pattern. Source type",2026-07-26
SRC-208,Gray marketing and platforms,gray-marketing-platform-evidence.md,"Gray marketing and platform evidence for peptide companies > 12. WhatsApp, Telegram, and discovery of an ""unpublished"" number > Current evidence",WhatsApp Business announcement,https://whatsappbusiness.com/blog/introducing-meta-business-agent-ai/,"November 17, 2022","","- WhatsApp help for reaching customers through the directory, current July 2026. It describes customer discovery of businesses. Source type: primary documentation. Grade: A. - Meta announcement of business search in WhatsApp, November 17, 2022. Users in supported markets can search by business name or category. Source type: primary company announcement. Grade: A. - WhatsApp Business announcement, June 3, 2026. It says business discovery by name and through shared phone numbers or contact cards is expanding. Source type: primary company announcement. Grade: A. Most plausible explanations for Braden's inbound WhatsApp traffic",2026-07-26
SRC-209,Gray marketing and platforms,gray-marketing-platform-evidence.md,"Gray marketing and platform evidence for peptide companies > 12. WhatsApp, Telegram, and discovery of an ""unpublished"" number > Current evidence",WhatsApp business-directory help,https://faq.whatsapp.com/781094276295812,July 2026,"","- GLP1Forum delivery vendor post, 2026. The post includes direct private-messaging contact and purchase claims. Source type: current sponsor or vendor content. Grade: A for visible contact path, C for claims. - GLP1Forum peptide supplier thread, 2025 to 2026. The public post routes buyers to private chat. Source type: current vendor artifact. Grade: A for the route, C for product claims. - WhatsApp business-directory help, current July 2026. WhatsApp provides a business directory in supported markets. Source type: primary product documentation. Grade: A. - WhatsApp help for reaching customers through the directory, current July 2026. It describes customer discovery of businesses. Source type",2026-07-26
SRC-210,Gray marketing and platforms,gray-marketing-platform-evidence.md,"Gray marketing and platform evidence for peptide companies > 12. WhatsApp, Telegram, and discovery of an ""unpublished"" number > Current evidence",WhatsApp help for reaching customers through the directory,https://faq.whatsapp.com/1257477678426227,"November 17, 2022","","- GLP1Forum peptide supplier thread, 2025 to 2026. The public post routes buyers to private chat. Source type: current vendor artifact. Grade: A for the route, C for product claims. - WhatsApp business-directory help, current July 2026. WhatsApp provides a business directory in supported markets. Source type: primary product documentation. Grade: A. - WhatsApp help for reaching customers through the directory, current July 2026. It describes customer discovery of businesses. Source type: primary documentation. Grade: A. - Meta announcement of business search in WhatsApp, November 17, 2022. Users in supported markets can search by business name or category. Source type: primary company announ",2026-07-26
SRC-211,Gray marketing and platforms,gray-marketing-platform-evidence.md,"Gray marketing and platform evidence for peptide companies > 7. TikTok, Meta, Google, and ad-account churn > Current evidence",ZeroPenny peptide case study,https://casestudies.zeropenny.co/p/scaling-peptides-without-shutdowns,"April 5, 2026","","- BlackHatWorld peptide TikTok and Meta request, April 5, 2026. The thread is a direct request for black-hat ad services. Source type: sales solicitation. Grade: D. - BlackHatWorld ad-service thread claiming peptide results, April 2026. An agency claims a peptide client achieved 17.52x return without shutdowns and redirects prospects to Telegram. No named client, spend ledger, settlement evidence, or platform confirmation is provided. Source type: agency solicitation. Grade: D. - ZeroPenny peptide case study, December 2, 2025. The agency also claims 17.52x return, stable delivery, controlled messaging, native creative, and a lean funnel. Source type: self-promotional agency case study. Grade",2026-07-26
SRC-212,Gray marketing and platforms | Forums and operator growth,gray-marketing-platform-evidence.md | operator-growth-playbook.md,"Gray marketing and platform evidence for peptide companies > 5. Review seeding, forum placement, and community manipulation > Current evidence | Gray marketing and platform evidence for peptide companies > Compact source index by pressure | Peptide operator forum playbook > The complete gray-area map > 3. Forum seeding, aged accounts, rankings, and answer-engine manipulation",r/Biohackers peptide and HRT policy update | r/Biohackers policy | r/Biohackers moderators,https://www.reddit.com/r/Biohackers/comments/1toaxp9/official_policy_update_on_peptide_hrt_content/,"June 3, 2026","","Current evidence - r/Biohackers peptide and HRT policy update, May 2026. Moderators say companies use the subreddit for answer-engine optimization, peptide and HRT content has flooded the community, and moderators remove 10% to 17% of all posts. The subjects were moved into weekly megathreads. Source type: current moderation artifact. Grade: B. - 404 Media report on companies manipulating AI search through Reddit, June 3, 2026. The report specifically describes peptide and HRT companies covertly promoting brands in r/Biohackers to influence ChatGPT and Google AI results. Source type: named investigative reporting. Grade: B. - 404 Media follow-up on Reddit and AI search manipulation, June 15, || - Endorsements and reviews: FTC influencer disclosures, FTC endorsement guides, FTC fake-review rule - Current storefront mechanics: ResearchChemHQ, Peptide Crafters, Feel affiliates, Feel consultation, Ion guidelines - Community and answer-engine manipulation: r/Biohackers policy, 404 Media report, GLP1Forum vendor research - Telehealth and compounded GLP-1s: FDA 30-company action, FDA telehealth guidance, FDA supply clarification - BlackHatWorld reality check: $15 million context, email shutdown, ad request, creator/community campaign || - A current BlackHatWorld campaign thread sells discussion seeding and comment engagement. Grade D for performance, A for the existence of the offer. - r/Biohackers moderators say commercial peptide and HRT content flooded the community and was being",2026-07-26
SRC-213,Gray marketing and platforms | Forums and operator growth,gray-marketing-platform-evidence.md | operator-growth-playbook.md,"Gray marketing and platform evidence for peptide companies > 1. Research-only language, euphemisms, and coded product names > Current evidence | Peptide operator forum playbook > The complete gray-area map > 4. RUO language, coded names, age gates, questionnaires, and account walls",r/Peptidesource sourcing-rules discussion | r/Peptidesource moderation,https://www.reddit.com/r/Peptidesource/comments/1sljdme/are_we_not_allowed_to_discuss_sources_on_this/,"February 26, 2025 | July 2025",B,"- FDA warning letter to USApeptide.com, February 26, 2025. FDA says RUO, laboratory-use, and not-for-human-consumption statements do not overcome contradictory intended-use evidence. Source type: regulator. Grade: A. - The Atlantic investigation into underground retatrutide, December 23, 2025. The reporter describes finding sellers through social channels, ""GLP-3"" and branded substitute names, RUO disclaimers, ""my lab rat"" language, and Telegram sourcing. Source type: named journalism. Grade: B. - r/Peptidesource sourcing-rules discussion, April 14, 2026. Community automation prohibits vendor names, prices, redirects to private messages, and human-use framing while permitting discussion fram || - A July 2025 Reddit discussion documents widespread movement to code names while buyers still understood the mapping. Grade C. - Current r/Peptidesource moderation prohibits vendor names, prices, redirects, and human-use framing while allowing research-subject language. Grade B for the moderation behavior. - A 2026 Reddit synthesis identifies dosing, before-and-after imagery, administration supplies, and human-outcome content as signals that contradict RUO positioning. Grade B/C because the pattern is corroborated by warning letters. Current primary reality",2026-07-26
SRC-214,Gray-market operator evidence | Gray marketing and platforms | Forums and operator growth,gray-market-operator-evidence.md | gray-marketing-platform-evidence.md | operator-growth-playbook.md,"Gray-market operator evidence > 10. Email, hosting, bridge content, and platform continuity | Gray-market operator evidence > 14. Shutdown, rebrand, successor, and mirror behavior | Gray marketing and platform evidence for peptide companies > 10. Rebrands, moved domains, mirror sites, and impersonation > Current evidence | Peptide operator forum playbook > The complete gray-area map > 11. Shutdowns, rebrands, successor stores, mirrors, and impersonation",2026 vendor-shutdown thread | vendor shutdown list | Reddit list of vendors that shut down | 2025 to 2026 vendor shutdown list,https://www.reddit.com/r/PeptideCollective/comments/1rw1v9z/all_peptide_vendors_that_shut_down_in_20252026/,"December 2025 | March 2026 | March 17, 2026",A/C,"- Klaviyo's current acceptable-use policy reserves broad suspension rights and downstream-provider restrictions. Credibility: A. - A December 2025 BlackHatWorld TikTok thread discusses sending educational traffic through a peptide wiki or other bridge asset before a store. Credibility: C. - Current shutdown discussions report copied domains and fake successor sites after major vendors close, including this 2026 vendor-shutdown thread. Credibility: C. What this reveals about the business: || - A March 2026 Reddit Peptide Sciences shutdown thread shows customers immediately looking for successors, alternatives, or a restructured identity. Credibility: C for cause, A for the visible shutdown message. - A 2026 vendor shutdown list warns of imitation domains after recognized stores close. Credibility: C. - A March 2025 Reddit warning-letter discussion records customers noticing new names, logos, and coded product labels after enforcement attention. Credibility: C. What this reveals about the business: || - PeptideSciencesUSA.co, inspected July 2026. The site claims to be the ""new Peptide Sciences"" after legal pressure. Its embedded review language refers to a different brand name, creating a material identity inconsistency. Source type: current first-party domain artifact. Grade: A for what the page says, D for the claimed identity. - Synthazor, inspected July 2026. Search results indicate that the website moved to a new domain. Source type: current domain-move artifact. Grade: B ",2026-07-26
SRC-215,Gray-market operator evidence | Forums and operator growth,gray-market-operator-evidence.md | operator-growth-playbook.md,"Gray-market operator evidence > 11. Import, customs, domestic-warehouse, and relabeling gray areas | Peptide operator forum playbook > The complete gray-area map > 8. Import declarations, customs risk, domestic warehouses, relabeling, and 3PLs",BlackHatWorld 3PL thread | peptide-friendly 3PL thread,https://www.blackhatworld.com/seo/peptide-friendly-3pl-recommendations.1815801/,January 2026 | 2026,D,"- A January 2026 GLP-1 Forum supplier post advertises China and US warehouses and ""customs risk control."" This is a seller claim. Credibility: D. - A December 2025 GLP-1 Forum vendor post advertises repeated free reship after customs holds. Credibility: D. - A May 2026 BlackHatWorld 3PL thread shows operators seeking discreet US fulfillment, WooCommerce integration, and batch tracking while finding few independent reviews. Credibility: C. - A May 2026 BlackHatWorld dropshipping thread describes mixed supplier, private-label, freight, and 3PL layers. Claimed performance improvements are unverified. Credibility: C/D. - An April 2026 Reddit shipping thread alleges widespread false declarations, || - GLP1Forum vendor posts advertise US warehouse inventory and customs-risk handling and reship after customs holds. These are seller claims. Grade D. - A current BHW peptide-friendly 3PL thread asks for WooCommerce integration, discreet fulfillment, and batch tracking, with few independent reviews. Grade C. - A 2026 shipping discussion alleges false declarations, freezes, and domestic price increases. Grade C. Durable lesson",2026-07-26
SRC-216,Gray-market operator evidence,gray-market-operator-evidence.md,Gray-market operator evidence > 2. Advertising review and traffic workarounds | Gray-market operator evidence > 3. Community seeding and manufactured discovery,BlackHatWorld Reddit-ads thread | BlackHatWorld Reddit thread,https://www.blackhatworld.com/seo/reddit-targeted-ads-for-peptides.1797725/,July 2026,C,"- A July 2026 Reddit Meta case-study post claims spend growth from $800 to $12,000 per month using a concealed bridge-page setup. The company is unnamed and the numbers are unverified. Credibility: C/D. - A March 2026 BlackHatWorld Reddit-ads thread includes sellers promoting two-page cloaking and restricted-account services. Credibility: D. - A March 2026 BlackHatWorld hiring thread shows an established peptide store explicitly seeking cloaking and high-risk traffic expertise. Credibility: C for the demand signal, not for performance. - A September 2025 BlackHatWorld marketer request explicitly asks for black-hat ad operation across major platforms. Credibility: C. - Budai Media's 2026 podc || Current public evidence: - A March to July 2026 BlackHatWorld Reddit thread includes an operator saying they already provide useful information from aged accounts and replies proposing brand mentions in niche communities. Credibility: C/D. - A January 2026 BlackHatWorld campaign thread contains a seller offering discussion seeding, awareness threads, and comment engagement from aged accounts. Credibility: D, but direct evidence the service is sold. - A March 2026 Reddit review-site discussion questions rankings that appear to promote only expensive vendors. Credibility: C. - A March 2026 Reddit vendor resource list discloses affiliate links while ranking suppliers. Credibility: C. Disclosure",2026-07-26
SRC-217,Gray-market operator evidence | Forums and operator growth,gray-market-operator-evidence.md | operator-growth-playbook.md,"Gray-market operator evidence > 10. Email, hosting, bridge content, and platform continuity | Peptide operator forum playbook > The complete gray-area map > 2. Ad review pages, bridge content, and account churn",BlackHatWorld TikTok thread | December 2025 BHW thread,https://www.blackhatworld.com/seo/any-peptide-marketing-tips-tiktoks-accs-keep-getting-banned.1780375/,April 2026 | July 2026,C,"- An April 2026 BlackHatWorld email thread says operators use dedicated or self-hosted infrastructure because mainstream providers can terminate them. It also contains cold-email and sender-separation advice. Credibility: C/D. - Klaviyo's current acceptable-use policy reserves broad suspension rights and downstream-provider restrictions. Credibility: A. - A December 2025 BlackHatWorld TikTok thread discusses sending educational traffic through a peptide wiki or other bridge asset before a store. Credibility: C. - Current shutdown discussions report copied domains and fake successor sites after major vendors close, including this 2026 vendor-shutdown thread. Credibility: C. What this reveals  || - Operators directly request restricted-niche services in current BlackHatWorld threads for peptide ads, TikTok and Meta, and senior scaling help. Grade C for demand, D for seller results. - A July 2026 Reddit post claims spend growth, while a commenter reports permanent personal-account loss despite a strict RUO site. Grade C/D. - A December 2025 BHW thread discusses educational bridge assets after repeated bans. Grade C. Durable lesson",2026-07-26
SRC-218,Gray-market operator evidence | Gray marketing and platforms | Forums and operator growth,gray-market-operator-evidence.md | gray-marketing-platform-evidence.md | operator-growth-playbook.md,"Gray-market operator evidence > 3. Community seeding and manufactured discovery | Gray marketing and platform evidence for peptide companies > 5. Review seeding, forum placement, and community manipulation > Current evidence | Gray marketing and platform evidence for peptide companies > Compact source index by pressure | Peptide operator forum playbook > The complete gray-area map > 3. Forum seeding, aged accounts, rankings, and answer-engine manipulation",BlackHatWorld campaign thread | BlackHatWorld peptide campaign thread | creator/community campaign,https://www.blackhatworld.com/seo/campaign-for-peptides.1789177/,"July 2026 | June 15, 2026",C,"- A March to July 2026 BlackHatWorld Reddit thread includes an operator saying they already provide useful information from aged accounts and replies proposing brand mentions in niche communities. Credibility: C/D. - A January 2026 BlackHatWorld campaign thread contains a seller offering discussion seeding, awareness threads, and comment engagement from aged accounts. Credibility: D, but direct evidence the service is sold. - A March 2026 Reddit review-site discussion questions rankings that appear to promote only expensive vendors. Credibility: C. - A March 2026 Reddit vendor resource list discloses affiliate links while ranking suppliers. Credibility: C. Disclosure helps, but compensation  || - 404 Media follow-up on Reddit and AI search manipulation, June 15, 2026. It explains how planted user-generated snippets can affect model recommendations. Source type: named reporting on research. Grade: B. - GLP1Forum vendor-research discussion, May 2026. A member alleges extensive vendor and affiliate shilling, misleading positive reviews, suppression of criticism in Telegram and Discord, and sponsor bias. Source type: anonymous firsthand community claim. Grade: C. - BlackHatWorld peptide campaign thread, January 2026. Sellers offer discussion seeding, awareness threads, and comment engagement using established accounts. Source type: sales solicitation. Grade: D. - GLP1Forum sponsored ve || - Community and answer-engine manipulation: r/Biohackers policy, 404 Media report, GLP1Forum",2026-07-26
SRC-219,Gray-market operator evidence | Forums and operator growth,gray-market-operator-evidence.md | operator-growth-playbook.md,"Gray-market operator evidence > 11. Import, customs, domestic-warehouse, and relabeling gray areas | Peptide operator forum playbook > The complete gray-area map > 6. Supplier discovery, private sourcing, domestic labels, and white label",BlackHatWorld dropshipping thread | dropshipping thread,https://www.blackhatworld.com/seo/starting-peptides-dropshipping.1792904/,December 2025 | May 2026,D/C,"- A December 2025 GLP-1 Forum vendor post advertises repeated free reship after customs holds. Credibility: D. - A May 2026 BlackHatWorld 3PL thread shows operators seeking discreet US fulfillment, WooCommerce integration, and batch tracking while finding few independent reviews. Credibility: C. - A May 2026 BlackHatWorld dropshipping thread describes mixed supplier, private-label, freight, and 3PL layers. Claimed performance improvements are unverified. Credibility: C/D. - An April 2026 Reddit shipping thread alleges widespread false declarations, domestic-price surges, and shipping freezes. Credibility: C. - A May 2026 Reddit customs thread reports more delay and interception while replies || - A May 2026 sourcing discussion describes shared private chats and referrals, while warning that unsolicited direct messages and unmatched COAs are common. Grade C. - A current BHW dropshipping thread mixes private label, overseas supply, wholesale, and 3PL suggestions. Performance claims are unverified. Grade C/D. - A July 2026 scam discussion describes copied test screenshots, fake shipping updates, and imitated branding. Grade C. Durable lesson",2026-07-26
SRC-220,Gray-market operator evidence | Forums and operator growth,gray-market-operator-evidence.md | operator-growth-playbook.md,"Gray-market operator evidence > 10. Email, hosting, bridge content, and platform continuity | Peptide operator forum playbook > The complete gray-area map > 9. Email, hosting, domains, and data portability",BlackHatWorld email thread | April 2026 BHW thread,https://www.blackhatworld.com/seo/email-marketing-for-peptides.1807864/,March 2026,C,- A March 2026 BlackHatWorld thread starts with a peptide merchant banned by Klaviyo. Replies mix legitimate portability advice with gray platform-evasion sales. Credibility: C/D. - An April 2026 BlackHatWorld email thread says operators use dedicated or self-hosted infrastructure because mainstream providers can terminate them. It also contains cold-email and sender-separation advice. Credibility: C/D. - Klaviyo's current acceptable-use policy reserves broad suspension rights and downstream-provider restrictions. Credibility: A. - A December 2025 BlackHatWorld TikTok thread discusses sending educational traffic through a peptide wiki or other bridge asset before a store. Credibility: C. - C || - A March 2026 BHW thread begins with an operator reporting a Klaviyo ban and lost signups. Replies mix legitimate portability advice with concealment services. Grade C/D. - An April 2026 BHW thread discusses dedicated infrastructure and affiliate partnerships after mainstream service restrictions. Grade C/D. - A September 2025 Reddit report says Shopify Payments stopped servicing a European peptide store. Grade C. Durable lesson,2026-07-26
SRC-221,Gray-market operator evidence | Forums and operator growth,gray-market-operator-evidence.md | operator-growth-playbook.md,"Gray-market operator evidence > 2. Advertising review and traffic workarounds | Peptide operator forum playbook > The complete gray-area map > 2. Ad review pages, bridge content, and account churn",BlackHatWorld hiring thread | senior scaling help,https://www.blackhatworld.com/seo/looking-for-senior-marketer-with-proven-results-to-scale-peptide-webshop-sales.1799102/,July 2026,C,"- A July 2026 Reddit Meta case-study post claims spend growth from $800 to $12,000 per month using a concealed bridge-page setup. The company is unnamed and the numbers are unverified. Credibility: C/D. - A March 2026 BlackHatWorld Reddit-ads thread includes sellers promoting two-page cloaking and restricted-account services. Credibility: D. - A March 2026 BlackHatWorld hiring thread shows an established peptide store explicitly seeking cloaking and high-risk traffic expertise. Credibility: C for the demand signal, not for performance. - A September 2025 BlackHatWorld marketer request explicitly asks for black-hat ad operation across major platforms. Credibility: C. - Budai Media's 2026 podc || What the forum record shows - Operators directly request restricted-niche services in current BlackHatWorld threads for peptide ads, TikTok and Meta, and senior scaling help. Grade C for demand, D for seller results. - A July 2026 Reddit post claims spend growth, while a commenter reports permanent personal-account loss despite a strict RUO site. Grade C/D. - A December 2025 BHW thread discusses educational bridge assets after repeated bans. Grade C.",2026-07-26
SRC-222,Gray-market operator evidence | Forums and operator growth,gray-market-operator-evidence.md | operator-growth-playbook.md,"Gray-market operator evidence > 1. Payment presentation and merchant identity workarounds | Peptide operator forum playbook > The complete gray-area map > 1. Payment identity, merchant categories, and storefront presentation",BlackHatWorld launch thread | processor cloaking,https://www.blackhatworld.com/seo/launching-peptide-website-and-wondering-if-i-should-cloak-for-cc-processor.1765876/,March 2026 | February 2026,C,"- A March 2026 BlackHatWorld payment thread includes a claimed $20,000-per-month operator who says a disguised payment path was terminated. Replies promote shell entities, nominees, account rentals, and routing. Credibility: C/D. - An October 2025 to 2026 BlackHatWorld launch thread repeatedly discusses cloaking and high-risk processors. Several replies also say bypassed mainstream accounts are temporary and funds can be frozen. Credibility: C/D. - A May 2026 BlackHatWorld payment-cloaking thread describes merchants already rotating accounts. Credibility: C. - A May 2026 Reddit processor thread warns that some ""instant approval"" sellers allegedly miscode peptide merchants, leaving them expos || - A February 2026 thread says Stripe lasted about one week despite RUO copy, a 21+ gate, lot COAs, and no human-use language. Grade C. - A July 2026 processor request includes a seller openly describing the category as a ""revolving door."" Grade D for the seller claim, C for the visible operator demand. - BlackHatWorld threads on processor cloaking and pharma processing show both the demand for concealment and reports of termination or frozen funds. Grade C/D. Durable lesson",2026-07-26
SRC-223,Gray-market operator evidence,gray-market-operator-evidence.md,Gray-market operator evidence > 2. Advertising review and traffic workarounds,BlackHatWorld marketer request,https://www.blackhatworld.com/seo/need-social-media-marketer-for-peptides.1757560/,March 2026,D,"- A March 2026 BlackHatWorld Reddit-ads thread includes sellers promoting two-page cloaking and restricted-account services. Credibility: D. - A March 2026 BlackHatWorld hiring thread shows an established peptide store explicitly seeking cloaking and high-risk traffic expertise. Credibility: C for the demand signal, not for performance. - A September 2025 BlackHatWorld marketer request explicitly asks for black-hat ad operation across major platforms. Credibility: C. - Budai Media's 2026 podcast series describes rapid Google-led growth for an unnamed client, while also discussing approval workarounds. The useful, non-evasive mechanics are analyzed separately in the Budai case study. Credibil",2026-07-26
SRC-224,Gray-market operator evidence | Forums and operator growth,gray-market-operator-evidence.md | operator-growth-playbook.md,"Gray-market operator evidence > 1. Payment presentation and merchant identity workarounds | Gray-market operator evidence > 15. Support, refunds, disputes, and private resolution | Peptide operator forum playbook > The complete gray-area map > 1. Payment identity, merchant categories, and storefront presentation",BlackHatWorld payment thread | BlackHatWorld processor thread | pharma processing,https://www.blackhatworld.com/seo/pharma-payment-processor.1797960/,March 2026 | February 2026,C,"Current public evidence: - A March 2026 BlackHatWorld payment thread includes a claimed $20,000-per-month operator who says a disguised payment path was terminated. Replies promote shell entities, nominees, account rentals, and routing. Credibility: C/D. - An October 2025 to 2026 BlackHatWorld launch thread repeatedly discusses cloaking and high-risk processors. Several replies also say bypassed mainstream accounts are temporary and funds can be frozen. Credibility: C/D. - A May 2026 BlackHatWorld payment-cloaking thread describes merchants already rotating accounts. Credibility: C. - A May 2026 Reddit processor thread warns that some ""instant approval"" sellers allegedly miscode peptide merc || - Current Trustpilot and Reddit reviews praise prompt reship and professional refunds, and punish ghosting or promised refunds that do not arrive. - A February 2026 Reddit processor thread includes a merchant reporting frozen payments while seeking a replacement. Credibility: C. - A March 2026 BlackHatWorld processor thread includes the observation that complaints or competitor reports can expose a hidden setup regardless of technical controls. Credibility: C. - Current white-label fulfillment pages commonly mandate all-sales-final language, while customer-review evidence shows buyers still expect reship or refund when delivery fails. Credibility: B for the policy conflict. What this reveals || - A February 2026 thread says Stripe lasted about one week despite RUO copy, a 21+ gate, lot",2026-07-26
SRC-225,Gray-market operator evidence,gray-market-operator-evidence.md,Gray-market operator evidence > 1. Payment presentation and merchant identity workarounds,BlackHatWorld payment-cloaking thread,https://www.blackhatworld.com/seo/best-way-to-cloak-payments.1816208/,March 2026,C,"- A March 2026 BlackHatWorld payment thread includes a claimed $20,000-per-month operator who says a disguised payment path was terminated. Replies promote shell entities, nominees, account rentals, and routing. Credibility: C/D. - An October 2025 to 2026 BlackHatWorld launch thread repeatedly discusses cloaking and high-risk processors. Several replies also say bypassed mainstream accounts are temporary and funds can be frozen. Credibility: C/D. - A May 2026 BlackHatWorld payment-cloaking thread describes merchants already rotating accounts. Credibility: C. - A May 2026 Reddit processor thread warns that some ""instant approval"" sellers allegedly miscode peptide merchants, leaving them expos",2026-07-26
SRC-226,Gray-market operator evidence | Forums and operator growth,gray-market-operator-evidence.md | operator-growth-playbook.md,"Gray-market operator evidence > 12. Telehealth, compounding, pharmacy, and referral boundaries | Peptide operator forum playbook > The complete gray-area map > 12. Telehealth, clinic, provider, pharmacy, and referral layers",BlackHatWorld telehealth affiliate thread | BHW telehealth affiliate thread,https://www.blackhatworld.com/seo/best-affiliate-networks-for-scaling-a-telehealth-offer.1788337/,July 2026,C,"Current public evidence: - A January to July 2026 BlackHatWorld telehealth affiliate thread discusses CPA, revenue share, hybrid payments, and a recurring subscription. Most replies are network solicitations, not legal analysis. Credibility: C/D. - Current NOHO Labs terms separate membership wallet, products, and referral compensation. Credibility: A. - Current Joi + Blokes advocate terms distinguish commissionable supplements from non-commissionable prescriptions and labs. Credibility: A. - Current The Protocole and other telehealth checkouts show payment or offer selection before provider review. Credibility: A for flow mechanics. || What the forum record shows - A current BHW telehealth affiliate thread discusses CPA, revenue share, hybrid payouts, and subscriptions. Most replies are commercial solicitations. Grade C/D. - A July 2026 operator post says the team may pivot from RUO to telehealth as regulation tightens. Grade C. - An AnabolicMinds telehealth discussion shows high price and weak service driving a customer away from a guided provider to self-sourcing. Grade C.",2026-07-26
SRC-227,Gray-market operator evidence | Gray marketing and platforms | Forums and operator growth,gray-market-operator-evidence.md | gray-marketing-platform-evidence.md | operator-growth-playbook.md,"Gray-market operator evidence > 10. Email, hosting, bridge content, and platform continuity | Gray marketing and platform evidence for peptide companies > 8. Email platforms, hosting, and data portability > Current evidence | Gray marketing and platform evidence for peptide companies > Compact source index by pressure | Peptide operator forum playbook > The complete gray-area map > 9. Email, hosting, domains, and data portability",BlackHatWorld thread | BlackHatWorld thread: email platform for peptides after Klaviyo ban | email shutdown | March 2026 BHW thread,https://www.blackhatworld.com/seo/email-marketing-platform-for-peptides-banned-on-klaviyo.1797723/,"March 2026 | May 21, 2026",C,"Current public evidence: - A March 2026 BlackHatWorld thread starts with a peptide merchant banned by Klaviyo. Replies mix legitimate portability advice with gray platform-evasion sales. Credibility: C/D. - An April 2026 BlackHatWorld email thread says operators use dedicated or self-hosted infrastructure because mainstream providers can terminate them. It also contains cold-email and sender-separation advice. Credibility: C/D. - Klaviyo's current acceptable-use policy reserves broad suspension rights and downstream-provider restrictions. Credibility: A. - A December 2025 BlackHatWorld TikTok thread discusses sending educational traffic through a peptide wiki or other bridge asset before a s || Current evidence - BlackHatWorld thread: email platform for peptides after Klaviyo ban, March 3 to May 21, 2026. The operator says Klaviyo disabled the account and a meaningful number of signups were lost. The operator later reports temporary success elsewhere while other replies sell concealment and evasion. Source type: anonymous firsthand claim plus solicitations. Grade: C for the shutdown report, D for workaround claims. - Klaviyo Acceptable Use Policy, updated April 9, 2026. It prohibits or restricts prescription medicines, pharmaceuticals, medical therapies, telehealth, affiliate-first promotions, purchased lists, and conduct intended to evade spam filters or cycle across domains, bran || - Community and answer-engine manipulation: r/Biohackers policy, 404 Media report, GLP1Forum",2026-07-26
SRC-228,Gray-market operator evidence | Master operating dossier,gray-market-operator-evidence.md | peptide-company-master-dossier.md,"Gray-market operator evidence > 13. Testing, ranking, and review conflicts | Noli peptide company master dossier > The full operator stack > 2. Testing and public proof",EDGE PEP,https://edgepep.com/pages/third-party-test-results,March 2026,A,"Current public evidence: - EDGE PEP publicly offers store credit for customer testing. This can increase independent sampling, but the incentive and publication policy matter. Credibility: A. - Peptide Partners shows how a strong current lot library can be built across multiple test types. Credibility: A. - A March 2026 Reddit review-site discussion questions comparison sites that rank high-priced affiliates. Credibility: C. - A March 2026 Reddit resource list discloses affiliate links while recommending vendors. Credibility: C. || - Peptide Partners publishes current lot-linked test files across multiple test types. - EDGE PEP publishes a multi-lab report library and offers credit for customer testing. - Current forum discussions most often mention Janoshik, TrustPointe, MZ Biolabs, and Freedom Diagnostics, but community reputation is not a substitute for lab diligence. The trust object Noli should build is a lot passport:",2026-07-26
SRC-229,Gray-market operator evidence,gray-market-operator-evidence.md,"Gray-market operator evidence > 8. Affiliate, creator, and consultation separation",EU creator offer,https://www.reddit.com/r/influencermarketing/comments/1v763cs/hiring_seeking_creators_for_a_longterm/,June 2026,C,"- A June 2026 Reddit fitfluencer thread documents audience concern about affiliate-linked vendors, paid consultations, and non-medical influencers providing use guidance. Credibility: C, with visible linked content in the original post. - A June 2026 creator recruitment post offers product, tracking, and percentage commission while telling creators to remain within a research frame. Credibility: C. - A July 2026 EU creator offer offers 20% commission, 10% buyer discount, 40% personal discount, and a content brief that prohibits dosing and health claims. Credibility: C. - A June 2026 US creator offer advertises up to 40% commission, free product, and coaching. Credibility: C/D. - A current 30",2026-07-26
SRC-230,Gray-market operator evidence,gray-market-operator-evidence.md,Gray-market operator evidence > 6. Research-use framing and intended-use separation,FDA warning letter to Pinnacle Peptides,https://www.fda.gov/inspections-compliance-enforcement-and-criminal-investigations/warning-letters/pinnacle-professional-research-dba-pinnacle-peptides-719337-12122025,December 2025,A,"Current public evidence: - The December 2025 FDA warning letter to Pinnacle Peptides states that research-only labeling did not outweigh the intended-use evidence on the website. Credibility: A. - A November 2025 Associated Press investigation reports that groups substitute ""researching"" for taking and that human-use discussion coexists with research labels. Credibility: A/B. - A June 2026 Reddit operator synthesis says warning signals include dosing, before-and-after imagery, and selling administration supplies beside the product. It is an anonymous synthesis, but several claims can be checked against warning letters. Credibility: B/C. - Current vendor communities such as r/Peptidesource ex",2026-07-26
SRC-231,Gray-market operator evidence | Forums and operator growth,gray-market-operator-evidence.md | operator-growth-playbook.md,"Gray-market operator evidence > 11. Import, customs, domestic-warehouse, and relabeling gray areas | Peptide operator forum playbook > The complete gray-area map > 8. Import declarations, customs risk, domestic warehouses, relabeling, and 3PLs",GLP-1 Forum supplier post | US warehouse inventory and customs-risk handling,https://glp1forum.com/threads/the-only-peptide-supplier-youll-never-worry-about-shipping-again.9530/post-107719,January 2026 | 2026,D,"Current public evidence: - A January 2026 GLP-1 Forum supplier post advertises China and US warehouses and ""customs risk control."" This is a seller claim. Credibility: D. - A December 2025 GLP-1 Forum vendor post advertises repeated free reship after customs holds. Credibility: D. - A May 2026 BlackHatWorld 3PL thread shows operators seeking discreet US fulfillment, WooCommerce integration, and batch tracking while finding few independent reviews. Credibility: C. - A May 2026 BlackHatWorld dropshipping thread describes mixed supplier, private-label, freight, and 3PL layers. Claimed performance improvements are unverified. Credibility: C/D. || What the forum record shows - GLP1Forum vendor posts advertise US warehouse inventory and customs-risk handling and reship after customs holds. These are seller claims. Grade D. - A current BHW peptide-friendly 3PL thread asks for WooCommerce integration, discreet fulfillment, and batch tracking, with few independent reviews. Grade C. - A 2026 shipping discussion alleges false declarations, freezes, and domestic price increases. Grade C.",2026-07-26
SRC-232,Gray-market operator evidence,gray-market-operator-evidence.md,"Gray-market operator evidence > 9. Private discovery, direct messages, and phone-number spread",GLP-1 Forum vendor index,https://glp1forum.com/forums/vendors/page-7,May 2026,C,"- A May 2026 Reddit supplier thread tells buyers to use shared Telegram and Discord chats, while warning that unsolicited direct messages are often scams. Credibility: C. - A June 2026 Reddit supplier-verification thread describes a vendor reachable only on WhatsApp and paid through irreversible methods. Credibility: C. - A current GLP-1 Forum vendor index contains sponsored vendor areas, warehouse promotions, customer-review threads, and direct contact paths. Credibility: A for the public structure. - Current r/Peptidesource moderation posts prohibit vendor names, DMs, group buys, and redirection to Telegram, WhatsApp, or Discord. The rule itself confirms that those transitions are common e",2026-07-26
SRC-233,Gray-market operator evidence | Forums and operator growth,gray-market-operator-evidence.md | operator-growth-playbook.md,"Gray-market operator evidence > 11. Import, customs, domestic-warehouse, and relabeling gray areas | Peptide operator forum playbook > The complete gray-area map > 8. Import declarations, customs risk, domestic warehouses, relabeling, and 3PLs",GLP-1 Forum vendor post | reship after customs holds,https://glp1forum.com/threads/%E2%9C%85-erp-peptide-spot-supply-special.8392/,January 2026 | 2026,D,"- A January 2026 GLP-1 Forum supplier post advertises China and US warehouses and ""customs risk control."" This is a seller claim. Credibility: D. - A December 2025 GLP-1 Forum vendor post advertises repeated free reship after customs holds. Credibility: D. - A May 2026 BlackHatWorld 3PL thread shows operators seeking discreet US fulfillment, WooCommerce integration, and batch tracking while finding few independent reviews. Credibility: C. - A May 2026 BlackHatWorld dropshipping thread describes mixed supplier, private-label, freight, and 3PL layers. Claimed performance improvements are unverified. Credibility: C/D. - An April 2026 Reddit shipping thread alleges widespread false declarations, || What the forum record shows - GLP1Forum vendor posts advertise US warehouse inventory and customs-risk handling and reship after customs holds. These are seller claims. Grade D. - A current BHW peptide-friendly 3PL thread asks for WooCommerce integration, discreet fulfillment, and batch tracking, with few independent reviews. Grade C. - A 2026 shipping discussion alleges false declarations, freezes, and domestic price increases. Grade C.",2026-07-26
SRC-234,Gray-market operator evidence,gray-market-operator-evidence.md,"Gray-market operator evidence > 7. Product-name coding, catalog gates, and search visibility",Peptide Commons,https://peptidecommons.com/retatrutide,May 2026,C,"- A May 2026 Reddit payment-processing thread contains a processor seller claiming certain code patterns are required. Other commenters directly contradict the claim and call the practice mislabeling. Credibility: C/D. The contradiction is more important than either anonymous rule. - A July 2025 Reddit name-change discussion documents widespread movement from exact molecule names to GLP-style codes and says buyers understand what the codes mean. Credibility: C. - Current 2026 vendor comparisons visibly map house names and codes back to molecules, proving the consumer decoding layer exists even when a first-party store is vague. Examples include Peptide Grades and Peptide Commons. Credibility",2026-07-26
SRC-235,Gray-market operator evidence,gray-market-operator-evidence.md,"Gray-market operator evidence > 7. Product-name coding, catalog gates, and search visibility",Peptide Grades,https://peptidegrades.com/topics/peptide-guides/best-retatrutide-vendors/,May 2026,C,"- A May 2026 Reddit payment-processing thread contains a processor seller claiming certain code patterns are required. Other commenters directly contradict the claim and call the practice mislabeling. Credibility: C/D. The contradiction is more important than either anonymous rule. - A July 2025 Reddit name-change discussion documents widespread movement from exact molecule names to GLP-style codes and says buyers understand what the codes mean. Credibility: C. - Current 2026 vendor comparisons visibly map house names and codes back to molecules, proving the consumer decoding layer exists even when a first-party store is vague. Examples include Peptide Grades and Peptide Commons. Credibility",2026-07-26
SRC-236,Gray-market operator evidence | Master operating dossier,gray-market-operator-evidence.md | peptide-company-master-dossier.md,"Gray-market operator evidence > 13. Testing, ranking, and review conflicts | Noli peptide company master dossier > The full operator stack > 2. Testing and public proof",Peptide Partners,https://peptide.partners/independent-certifications/,March 2026,A,"- EDGE PEP publicly offers store credit for customer testing. This can increase independent sampling, but the incentive and publication policy matter. Credibility: A. - Peptide Partners shows how a strong current lot library can be built across multiple test types. Credibility: A. - A March 2026 Reddit review-site discussion questions comparison sites that rank high-priced affiliates. Credibility: C. - A March 2026 Reddit resource list discloses affiliate links while recommending vendors. Credibility: C. - Current independent-looking comparison properties often disclose discount codes or affiliate relationships, but placement logic and rejected tests are not always public. Credibility varies || Current public examples: - Peptide Partners publishes current lot-linked test files across multiple test types. - EDGE PEP publishes a multi-lab report library and offers credit for customer testing. - Current forum discussions most often mention Janoshik, TrustPointe, MZ Biolabs, and Freedom Diagnostics, but community reputation is not a substitute for lab diligence.",2026-07-26
SRC-237,Gray-market operator evidence,gray-market-operator-evidence.md,Gray-market operator evidence > 4. Supplier identity and evidence workarounds,Reddit COA-trust discussion,https://www.reddit.com/r/Peptidesource/comments/1skkntd/how_much_do_you_trust_posted_coas_from_peptide/,May 2026,C,"- A May 2026 Reddit sourcing thread repeatedly warns that supplier COAs often cannot be matched to the received lot and rarely cover bacterial or toxin testing. Credibility: C. - A February 2026 Reddit fake-COA discussion shows buyers debating whether a lab and certificate are authentic. Credibility: C. - An April 2026 Reddit COA-trust discussion says buyers check the public lab record, date, and match between the vial lot and the certificate. Credibility: C. - A July 2026 Reddit scam report says copied test screenshots, fake shipping updates, and imitated branding can make fraudulent and legitimate vendors appear similar. Credibility: C. - A July 2026 Reddit supplier-loss report describes a",2026-07-26
SRC-238,Gray-market operator evidence | Gray marketing and platforms | Forums and operator growth,gray-market-operator-evidence.md | gray-marketing-platform-evidence.md | operator-growth-playbook.md,"Gray-market operator evidence > 2. Advertising review and traffic workarounds | Gray marketing and platform evidence for peptide companies > 7. TikTok, Meta, Google, and ad-account churn > Current evidence | Peptide operator forum playbook > The complete gray-area map > 2. Ad review pages, bridge content, and account churn",Reddit Meta case-study post | Reddit peptide scaling post | July 2026 Reddit post,https://www.reddit.com/r/FacebookAds/comments/1uyvysw/scaled_a_peptide_brand_from_800_to_12k_a_month_in/,"July 2026 | December 2, 2025",C,"Current public evidence: - A July 2026 Reddit Meta case-study post claims spend growth from $800 to $12,000 per month using a concealed bridge-page setup. The company is unnamed and the numbers are unverified. Credibility: C/D. - A March 2026 BlackHatWorld Reddit-ads thread includes sellers promoting two-page cloaking and restricted-account services. Credibility: D. - A March 2026 BlackHatWorld hiring thread shows an established peptide store explicitly seeking cloaking and high-risk traffic expertise. Credibility: C for the demand signal, not for performance. - A September 2025 BlackHatWorld marketer request explicitly asks for black-hat ad operation across major platforms. Credibility: C. || - ZeroPenny peptide case study, December 2, 2025. The agency also claims 17.52x return, stable delivery, controlled messaging, native creative, and a lean funnel. Source type: self-promotional agency case study. Grade: C, with high overstatement risk. - Reddit Meta peptide-brand post, May 16, 2026. An anonymous marketer claims all client ad accounts were disabled at about $5,000 per day, then claims growth to $10,000 per day after a creative change. Source type: agency-style anonymous claim. Grade: D. - Reddit peptide scaling post, July 17, 2026. A marketer claims spend growth. A commenter says a strict RUO business still lost its personal ad account permanently in under three months. Source || - Operators directly request restricted-niche services in current BlackHatWorld threads for p",2026-07-26
SRC-239,Gray-market operator evidence | Forums and operator growth,gray-market-operator-evidence.md | operator-growth-playbook.md,"Gray-market operator evidence > 14. Shutdown, rebrand, successor, and mirror behavior | Peptide operator forum playbook > The complete gray-area map > 11. Shutdowns, rebrands, successor stores, mirrors, and impersonation",Reddit Peptide Sciences shutdown thread | March 2026 shutdown discussion,https://www.reddit.com/r/ScienceBioTechnology/comments/1rms8xt/peptide_sciences_shutdown_what_happened_why_it/,March 2026,C,"Current public evidence: - A March 2026 Reddit Peptide Sciences shutdown thread shows customers immediately looking for successors, alternatives, or a restructured identity. Credibility: C for cause, A for the visible shutdown message. - A 2026 vendor shutdown list warns of imitation domains after recognized stores close. Credibility: C. - A March 2025 Reddit warning-letter discussion records customers noticing new names, logos, and coded product labels after enforcement attention. Credibility: C. || What the forum record shows - A March 2026 shutdown discussion shows customers immediately seeking successors and alternatives. Grade A for the visible shutdown message, C for causal speculation. - A 2025 to 2026 vendor shutdown list warns that imitation sites copy closed brands. The post also has affiliate incentives. Grade C. Durable lesson",2026-07-26
SRC-240,Gray-market operator evidence,gray-market-operator-evidence.md,Gray-market operator evidence > 16. Forum-source credibility traps,"Reddit claim of $570,000 revenue on $16,000 Meta spend",https://www.reddit.com/r/digital_marketing/comments/1tfj6mr/how_we_generated_570k_in_13_days_on_meta_ads_with/,May 2026,D,"Examples: - A May 2026 Reddit claim of $570,000 revenue on $16,000 Meta spend contains mismatched product-page language and no client identity. Credibility: D. - Current affiliate recruitment threads often receive generic replies about unrelated software affiliate income. Credibility: D for those replies. - Payment-processing threads can contain dozens of vendor solicitations but almost no named merchant willing to verify a stable relationship. Credibility: D for provider claims.",2026-07-26
SRC-241,Gray-market operator evidence,gray-market-operator-evidence.md,"Gray-market operator evidence > 11. Import, customs, domestic-warehouse, and relabeling gray areas",Reddit customs thread,https://www.reddit.com/r/Business_China/comments/1tsi31d/increased_amounts_of_delays_and_shipment/,May 2026,C,"- A May 2026 BlackHatWorld dropshipping thread describes mixed supplier, private-label, freight, and 3PL layers. Claimed performance improvements are unverified. Credibility: C/D. - An April 2026 Reddit shipping thread alleges widespread false declarations, domestic-price surges, and shipping freezes. Credibility: C. - A May 2026 Reddit customs thread reports more delay and interception while replies focus on reship policy. Credibility: C. - A June 2026 Reddit supply-chain discussion says some ""US manufactured"" inventory is repackaged overseas material and some domestic facilities are dropship intermediaries. The post is removed and the claims are anonymous. Credibility: D. What this reveals",2026-07-26
SRC-242,Gray-market operator evidence,gray-market-operator-evidence.md,Gray-market operator evidence > 4. Supplier identity and evidence workarounds,Reddit fake-COA discussion,https://www.reddit.com/r/ResearchCompounds/comments/1r3cwyr/fake_coa/,May 2026,C,"- A May 2026 Reddit sourcing thread repeatedly warns that supplier COAs often cannot be matched to the received lot and rarely cover bacterial or toxin testing. Credibility: C. - A February 2026 Reddit fake-COA discussion shows buyers debating whether a lab and certificate are authentic. Credibility: C. - An April 2026 Reddit COA-trust discussion says buyers check the public lab record, date, and match between the vial lot and the certificate. Credibility: C. - A July 2026 Reddit scam report says copied test screenshots, fake shipping updates, and imitated branding can make fraudulent and legitimate vendors appear similar. Credibility: C. - A July 2026 Reddit supplier-loss report describes a",2026-07-26
SRC-243,Gray-market operator evidence | Gray marketing and platforms | Forums and operator growth,gray-market-operator-evidence.md | gray-marketing-platform-evidence.md | operator-growth-playbook.md,"Gray-market operator evidence > 8. Affiliate, creator, and consultation separation | Gray marketing and platform evidence for peptide companies > 3. Creator-store separation, affiliates, and paid consultations > Current evidence | Peptide operator forum playbook > The complete gray-area map > 5. Creator-store separation, affiliates, paid consultations, and disclaimers",Reddit fitfluencer thread | Reddit discussion of peptide fitfluencers | June 2026 fitfluencer discussion,https://www.reddit.com/r/gymsnark/comments/1u99mm3/sick_of_peptide_fitfluencers_with_affiliate_links/,June 2026 | October 2025,C,"Current public evidence: - A June 2026 Reddit fitfluencer thread documents audience concern about affiliate-linked vendors, paid consultations, and non-medical influencers providing use guidance. Credibility: C, with visible linked content in the original post. - A June 2026 creator recruitment post offers product, tracking, and percentage commission while telling creators to remain within a research frame. Credibility: C. - A July 2026 EU creator offer offers 20% commission, 10% buyer discount, 40% personal discount, and a content brief that prohibits dosing and health claims. Credibility: C. - A June 2026 US creator offer advertises up to 40% commission, free product, and coaching. Credibi || - Ion Peptide community guidelines, effective October 2025. The company prohibits medical, dosing, and human-use discussion and says unauthorized influencers and affiliates are not allowed. Source type: current first-party policy. Grade: A. - Reddit creator-recruitment post, June 2026. A claimed US RUO brand offers creators 20% to 40% commission. Source type: anonymous sales solicitation. Grade: D. - Reddit discussion of peptide fitfluencers, June 2026. Users criticize affiliate-linked vendors, paid consultations, and nonmedical influencers giving use guidance. Source type: anonymous audience reports with linked public content. Grade: C. - FTC Disclosures 101 for Social Media Influencers, cu || - A June 2026 creator solicitation advertises 20% to 40% commissions. Grade D. - A June 2026",2026-07-26
SRC-244,Gray-market operator evidence,gray-market-operator-evidence.md,"Gray-market operator evidence > 1. Payment presentation and merchant identity workarounds | Gray-market operator evidence > 15. Support, refunds, disputes, and private resolution",Reddit hosting and processor thread | Reddit processor thread,https://www.reddit.com/r/PaymentProcessing/comments/1r21nvg/high_risk_merchant_hosting_recommendations_for/,May 2026 | February 2026,C,"- A May 2026 BlackHatWorld payment-cloaking thread describes merchants already rotating accounts. Credibility: C. - A May 2026 Reddit processor thread warns that some ""instant approval"" sellers allegedly miscode peptide merchants, leaving them exposed when the acquiring bank audits them. Credibility: C, with obvious payment-industry sales incentives. - A February 2026 Reddit hosting and processor thread includes merchants reporting onboarding closure, frozen funds, and the need for a backup. Credibility: C. - Stripe's current restricted-business FAQ says some research-purpose peptides may be supported if preventive measures are in place, while many prescription-only peptides require preappro || - Current Trustpilot and Reddit reviews praise prompt reship and professional refunds, and punish ghosting or promised refunds that do not arrive. - A February 2026 Reddit processor thread includes a merchant reporting frozen payments while seeking a replacement. Credibility: C. - A March 2026 BlackHatWorld processor thread includes the observation that complaints or competitor reports can expose a hidden setup regardless of technical controls. Credibility: C. - Current white-label fulfillment pages commonly mandate all-sales-final language, while customer-review evidence shows buyers still expect reship or refund when delivery fails. Credibility: B for the policy conflict.",2026-07-26
SRC-245,Gray-market operator evidence | Forums and operator growth,gray-market-operator-evidence.md | operator-growth-playbook.md,"Gray-market operator evidence > 6. Research-use framing and intended-use separation | Peptide operator forum playbook > The complete gray-area map > 4. RUO language, coded names, age gates, questionnaires, and account walls",Reddit operator synthesis | 2026 Reddit synthesis,https://www.reddit.com/r/ResearchCompounds/comments/1u12633/the_research_use_only_model_is_under_coordinated/,December 2025 | July 2025,A/B,"- The December 2025 FDA warning letter to Pinnacle Peptides states that research-only labeling did not outweigh the intended-use evidence on the website. Credibility: A. - A November 2025 Associated Press investigation reports that groups substitute ""researching"" for taking and that human-use discussion coexists with research labels. Credibility: A/B. - A June 2026 Reddit operator synthesis says warning signals include dosing, before-and-after imagery, and selling administration supplies beside the product. It is an anonymous synthesis, but several claims can be checked against warning letters. Credibility: B/C. - Current vendor communities such as r/Peptidesource explicitly require ""researc || - A July 2025 Reddit discussion documents widespread movement to code names while buyers still understood the mapping. Grade C. - Current r/Peptidesource moderation prohibits vendor names, prices, redirects, and human-use framing while allowing research-subject language. Grade B for the moderation behavior. - A 2026 Reddit synthesis identifies dosing, before-and-after imagery, administration supplies, and human-outcome content as signals that contradict RUO positioning. Grade B/C because the pattern is corroborated by warning letters. Current primary reality",2026-07-26
SRC-246,Gray-market operator evidence,gray-market-operator-evidence.md,"Gray-market operator evidence > 7. Product-name coding, catalog gates, and search visibility",Reddit payment-processing thread,https://www.reddit.com/r/PaymentProcessing/comments/1t3luop/seeing_so_many_ruo_peptide_companies_payment/,May 2026,C,"Current public evidence: - A May 2026 Reddit payment-processing thread contains a processor seller claiming certain code patterns are required. Other commenters directly contradict the claim and call the practice mislabeling. Credibility: C/D. The contradiction is more important than either anonymous rule. - A July 2025 Reddit name-change discussion documents widespread movement from exact molecule names to GLP-style codes and says buyers understand what the codes mean. Credibility: C. - Current 2026 vendor comparisons visibly map house names and codes back to molecules, proving the consumer decoding layer exists even when a first-party store is vague. Examples include Peptide Grades and Pep",2026-07-26
SRC-247,Gray-market operator evidence,gray-market-operator-evidence.md,Gray-market operator evidence > 1. Payment presentation and merchant identity workarounds,Reddit processor thread,https://www.reddit.com/r/PaymentProcessing/comments/1tirl9t/peptide_payment_processor_correct_mcc/,October 2025,C,"- An October 2025 to 2026 BlackHatWorld launch thread repeatedly discusses cloaking and high-risk processors. Several replies also say bypassed mainstream accounts are temporary and funds can be frozen. Credibility: C/D. - A May 2026 BlackHatWorld payment-cloaking thread describes merchants already rotating accounts. Credibility: C. - A May 2026 Reddit processor thread warns that some ""instant approval"" sellers allegedly miscode peptide merchants, leaving them exposed when the acquiring bank audits them. Credibility: C, with obvious payment-industry sales incentives. - A February 2026 Reddit hosting and processor thread includes merchants reporting onboarding closure, frozen funds, and the n",2026-07-26
SRC-248,Gray-market operator evidence | Forums and operator growth,gray-market-operator-evidence.md | operator-growth-playbook.md,"Gray-market operator evidence > 4. Supplier identity and evidence workarounds | Peptide operator forum playbook > The complete gray-area map > 6. Supplier discovery, private sourcing, domestic labels, and white label",Reddit scam report | July 2026 scam discussion,https://www.reddit.com/r/Business_China/comments/1ussjuy/most_peptide_vendors_are_scammers/,February 2026 | May 2026,C,"- A February 2026 Reddit fake-COA discussion shows buyers debating whether a lab and certificate are authentic. Credibility: C. - An April 2026 Reddit COA-trust discussion says buyers check the public lab record, date, and match between the vial lot and the certificate. Credibility: C. - A July 2026 Reddit scam report says copied test screenshots, fake shipping updates, and imitated branding can make fraudulent and legitimate vendors appear similar. Credibility: C. - A July 2026 Reddit supplier-loss report describes a small order arriving before a much larger payment allegedly disappeared. Personal details in the post are intentionally not reproduced here. Credibility: C. What this reveals a || - A May 2026 sourcing discussion describes shared private chats and referrals, while warning that unsolicited direct messages and unmatched COAs are common. Grade C. - A current BHW dropshipping thread mixes private label, overseas supply, wholesale, and 3PL suggestions. Performance claims are unverified. Grade C/D. - A July 2026 scam discussion describes copied test screenshots, fake shipping updates, and imitated branding. Grade C. Durable lesson",2026-07-26
SRC-249,Gray-market operator evidence | Forums and operator growth,gray-market-operator-evidence.md | operator-growth-playbook.md,"Gray-market operator evidence > 11. Import, customs, domestic-warehouse, and relabeling gray areas | Peptide operator forum playbook > The complete gray-area map > 8. Import declarations, customs risk, domestic warehouses, relabeling, and 3PLs",Reddit shipping thread | 2026 shipping discussion,https://www.reddit.com/r/Retatrutide/comments/1sq3a4s/shipping_updates_and_packages_from_china/,May 2026 | 2026,C,"- A May 2026 BlackHatWorld 3PL thread shows operators seeking discreet US fulfillment, WooCommerce integration, and batch tracking while finding few independent reviews. Credibility: C. - A May 2026 BlackHatWorld dropshipping thread describes mixed supplier, private-label, freight, and 3PL layers. Claimed performance improvements are unverified. Credibility: C/D. - An April 2026 Reddit shipping thread alleges widespread false declarations, domestic-price surges, and shipping freezes. Credibility: C. - A May 2026 Reddit customs thread reports more delay and interception while replies focus on reship policy. Credibility: C. - A June 2026 Reddit supply-chain discussion says some ""US manufacture || - GLP1Forum vendor posts advertise US warehouse inventory and customs-risk handling and reship after customs holds. These are seller claims. Grade D. - A current BHW peptide-friendly 3PL thread asks for WooCommerce integration, discreet fulfillment, and batch tracking, with few independent reviews. Grade C. - A 2026 shipping discussion alleges false declarations, freezes, and domestic price increases. Grade C. Durable lesson",2026-07-26
SRC-250,Gray-market operator evidence,gray-market-operator-evidence.md,Gray-market operator evidence > 4. Supplier identity and evidence workarounds,Reddit supplier-loss report,https://www.reddit.com/r/Business_China/comments/1uwdnj5/beware_of_these_peptide_scammers/,April 2026,C,"- An April 2026 Reddit COA-trust discussion says buyers check the public lab record, date, and match between the vial lot and the certificate. Credibility: C. - A July 2026 Reddit scam report says copied test screenshots, fake shipping updates, and imitated branding can make fraudulent and legitimate vendors appear similar. Credibility: C. - A July 2026 Reddit supplier-loss report describes a small order arriving before a much larger payment allegedly disappeared. Personal details in the post are intentionally not reproduced here. Credibility: C. What this reveals about the business:",2026-07-26
SRC-251,Gray-market operator evidence | Forums and operator growth,gray-market-operator-evidence.md | operator-growth-playbook.md,"Gray-market operator evidence > 3. Community seeding and manufactured discovery | Gray-market operator evidence > 4. Supplier identity and evidence workarounds | Gray-market operator evidence > 9. Private discovery, direct messages, and phone-number spread | Peptide operator forum playbook > The complete gray-area map > 6. Supplier discovery, private sourcing, domestic labels, and white label | Peptide operator forum playbook > The complete gray-area map > 10. WhatsApp, Telegram, direct messages, and the ""unpublished"" number",Reddit supplier-sourcing thread | Reddit sourcing thread | Reddit supplier thread | May 2026 sourcing discussion | Reddit sourcing discussion,https://www.reddit.com/r/Business_China/comments/1tmuj8n/how_did_you_actually_find_a_trustworthy_peptide/,March 2026 | May 2026,C,"- A March 2026 Reddit review-site discussion questions rankings that appear to promote only expensive vendors. Credibility: C. - A March 2026 Reddit vendor resource list discloses affiliate links while ranking suppliers. Credibility: C. Disclosure helps, but compensation still matters. - A May 2026 Reddit supplier-sourcing thread describes vendor discovery through shared chats, Telegram, Discord, referrals, and private messages. Credibility: C. What this reveals about the business: || Current public evidence: - A May 2026 Reddit sourcing thread repeatedly warns that supplier COAs often cannot be matched to the received lot and rarely cover bacterial or toxin testing. Credibility: C. - A February 2026 Reddit fake-COA discussion shows buyers debating whether a lab and certificate are authentic. Credibility: C. - An April 2026 Reddit COA-trust discussion says buyers check the public lab record, date, and match between the vial lot and the certificate. Credibility: C. - A July 2026 Reddit scam report says copied test screenshots, fake shipping updates, and imitated branding can make fraudulent and legitimate vendors appear similar. Credibility: C. || Current public evidence: - A May 2026 Reddit supplier thread tells buyers to use shared Telegram and Discord chats, while warning that unsolicited direct messages are often scams. Credibility: C. - A June 2026 Reddit supplier-verification thread describes a vendor reachable only on WhatsApp and paid through irreversible methods. Cred",2026-07-26
SRC-252,Gray-market operator evidence,gray-market-operator-evidence.md,"Gray-market operator evidence > 9. Private discovery, direct messages, and phone-number spread",Reddit supplier-verification thread,https://www.reddit.com/r/supplement_research/comments/1tudbit/peptide_company_in_china_real_or_fake/,May 2026,C,"- A May 2026 Reddit supplier thread tells buyers to use shared Telegram and Discord chats, while warning that unsolicited direct messages are often scams. Credibility: C. - A June 2026 Reddit supplier-verification thread describes a vendor reachable only on WhatsApp and paid through irreversible methods. Credibility: C. - A current GLP-1 Forum vendor index contains sponsored vendor areas, warehouse promotions, customer-review threads, and direct contact paths. Credibility: A for the public structure. - Current r/Peptidesource moderation posts prohibit vendor names, DMs, group buys, and redirection to Telegram, WhatsApp, or Discord. The rule itself confirms that those transitions are common e",2026-07-26
SRC-253,Gray-market operator evidence,gray-market-operator-evidence.md,"Gray-market operator evidence > 11. Import, customs, domestic-warehouse, and relabeling gray areas",Reddit supply-chain discussion,https://www.reddit.com/r/wholesale_suppliers/comments/1syfx6c/removed/,April 2026,C,"- An April 2026 Reddit shipping thread alleges widespread false declarations, domestic-price surges, and shipping freezes. Credibility: C. - A May 2026 Reddit customs thread reports more delay and interception while replies focus on reship policy. Credibility: C. - A June 2026 Reddit supply-chain discussion says some ""US manufactured"" inventory is repackaged overseas material and some domestic facilities are dropship intermediaries. The post is removed and the claims are anonymous. Credibility: D. What this reveals about the business:",2026-07-26
SRC-254,Gray-market operator evidence,gray-market-operator-evidence.md,"Gray-market operator evidence > 12. Telehealth, compounding, pharmacy, and referral boundaries",Reddit telehealth comparison,https://np.reddit.com/r/tirzepatidecompound/comments/1sz34r8/bargain_hunter_tirz_roulette_a_review_of_four/,July 2026,A,- Current Joi + Blokes advocate terms distinguish commissionable supplements from non-commissionable prescriptions and labs. Credibility: A. - Current The Protocole and other telehealth checkouts show payment or offer selection before provider review. Credibility: A for flow mechanics. - A July 2026 Reddit telehealth comparison describes the common separation between the telehealth front end and pharmacy fulfillment. Credibility: C. What this reveals about the business:,2026-07-26
SRC-255,Gray-market operator evidence,gray-market-operator-evidence.md,"Gray-market operator evidence > 14. Shutdown, rebrand, successor, and mirror behavior",Reddit warning-letter discussion,https://www.reddit.com/r/tirzepatidehelp/comments/1j9im7f,March 2026,C,"- A March 2026 Reddit Peptide Sciences shutdown thread shows customers immediately looking for successors, alternatives, or a restructured identity. Credibility: C for cause, A for the visible shutdown message. - A 2026 vendor shutdown list warns of imitation domains after recognized stores close. Credibility: C. - A March 2025 Reddit warning-letter discussion records customers noticing new names, logos, and coded product labels after enforcement attention. Credibility: C. What this reveals about the business:",2026-07-26
SRC-256,Gray-market operator evidence,gray-market-operator-evidence.md,"Gray-market operator evidence > 8. Affiliate, creator, and consultation separation",US creator offer,https://www.reddit.com/r/influencermarketing/comments/1u8l1ay/brand_deal_offer_for_influencers_1k_followers/,June 2026,C,"- A June 2026 creator recruitment post offers product, tracking, and percentage commission while telling creators to remain within a research frame. Credibility: C. - A July 2026 EU creator offer offers 20% commission, 10% buyer discount, 40% personal discount, and a content brief that prohibits dosing and health claims. Credibility: C. - A June 2026 US creator offer advertises up to 40% commission, free product, and coaching. Credibility: C/D. - A current 30% affiliate recruitment post received a public challenge alleging invalid or reused test identifiers and no vial batch numbers. The allegation is not independently established, but it demonstrates how affiliate growth can outrun trust di",2026-07-26
SRC-257,Gray-market operator evidence | Gray marketing and platforms | Master operating dossier,gray-market-operator-evidence.md | gray-marketing-platform-evidence.md | peptide-company-master-dossier.md,"Gray-market operator evidence > 10. Email, hosting, bridge content, and platform continuity | Gray marketing and platform evidence for peptide companies > 8. Email platforms, hosting, and data portability > Current evidence | Gray marketing and platform evidence for peptide companies > Compact source index by pressure | Noli peptide company master dossier > The full operator stack > 4. Store and data",acceptable-use policy | Klaviyo Acceptable Use Policy | Klaviyo | April 2026 acceptable-use policy,https://www.klaviyo.com/legal/acceptable-use-policy,"March 2026 | May 21, 2026 | April 2026",C,"- A March 2026 BlackHatWorld thread starts with a peptide merchant banned by Klaviyo. Replies mix legitimate portability advice with gray platform-evasion sales. Credibility: C/D. - An April 2026 BlackHatWorld email thread says operators use dedicated or self-hosted infrastructure because mainstream providers can terminate them. It also contains cold-email and sender-separation advice. Credibility: C/D. - Klaviyo's current acceptable-use policy reserves broad suspension rights and downstream-provider restrictions. Credibility: A. - A December 2025 BlackHatWorld TikTok thread discusses sending educational traffic through a peptide wiki or other bridge asset before a store. Credibility: C. - C || - BlackHatWorld thread: email platform for peptides after Klaviyo ban, March 3 to May 21, 2026. The operator says Klaviyo disabled the account and a meaningful number of signups were lost. The operator later reports temporary success elsewhere while other replies sell concealment and evasion. Source type: anonymous firsthand claim plus solicitations. Grade: C for the shutdown report, D for workaround claims. - Klaviyo Acceptable Use Policy, updated April 9, 2026. It prohibits or restricts prescription medicines, pharmaceuticals, medical therapies, telehealth, affiliate-first promotions, purchased lists, and conduct intended to evade spam filters or cycle across domains, brands, or providers. || - FDA intended-use enforcement: Summit, Xcel, USApeptide - Platform eligibility: Stripe FAQ,",2026-07-26
SRC-258,Gray-market operator evidence,gray-market-operator-evidence.md,"Gray-market operator evidence > 8. Affiliate, creator, and consultation separation",affiliate recruitment post,https://www.reddit.com/r/influencermarketing/comments/1sat9qv/affiliate_for_peptides_30_commission/,July 2026,C,"- A July 2026 EU creator offer offers 20% commission, 10% buyer discount, 40% personal discount, and a content brief that prohibits dosing and health claims. Credibility: C. - A June 2026 US creator offer advertises up to 40% commission, free product, and coaching. Credibility: C/D. - A current 30% affiliate recruitment post received a public challenge alleging invalid or reused test identifiers and no vial batch numbers. The allegation is not independently established, but it demonstrates how affiliate growth can outrun trust diligence. Credibility: C. - Public medical models draw different lines. Joi + Blokes pays advocates on supplements but not prescriptions or labs. NOHO Labs says ordin",2026-07-26
SRC-259,Gray-market operator evidence,gray-market-operator-evidence.md,"Gray-market operator evidence > 7. Product-name coding, catalog gates, and search visibility",congressional record exhibit,https://www.congress.gov/119/meeting/house/118366/documents/HHRG-119-IF14-20250611-SD003.pdf,July 2025,C,"- A July 2025 Reddit name-change discussion documents widespread movement from exact molecule names to GLP-style codes and says buyers understand what the codes mean. Credibility: C. - Current 2026 vendor comparisons visibly map house names and codes back to molecules, proving the consumer decoding layer exists even when a first-party store is vague. Examples include Peptide Grades and Peptide Commons. Credibility: B/C because these sites can have commercial incentives. - A June 2025 congressional record exhibit discusses illicit peptide websites' labeling and product-catalog behavior. Credibility: A. What this reveals about the business:",2026-07-26
SRC-260,Gray-market operator evidence,gray-market-operator-evidence.md,"Gray-market operator evidence > 8. Affiliate, creator, and consultation separation",creator recruitment post,https://www.reddit.com/r/creators/comments/1uhbv14/seeking_affiliates_research_peptide_brand/,June 2026,C,"- A June 2026 Reddit fitfluencer thread documents audience concern about affiliate-linked vendors, paid consultations, and non-medical influencers providing use guidance. Credibility: C, with visible linked content in the original post. - A June 2026 creator recruitment post offers product, tracking, and percentage commission while telling creators to remain within a research frame. Credibility: C. - A July 2026 EU creator offer offers 20% commission, 10% buyer discount, 40% personal discount, and a content brief that prohibits dosing and health claims. Credibility: C. - A June 2026 US creator offer advertises up to 40% commission, free product, and coaching. Credibility: C/D. - A current 30",2026-07-26
SRC-261,Gray-market operator evidence,gray-market-operator-evidence.md,Gray-market operator evidence > 6. Research-use framing and intended-use separation,r/Peptidesource,https://www.reddit.com/r/Peptidesource/comments/1spkksy/removed/,November 2025,A,"- A November 2025 Associated Press investigation reports that groups substitute ""researching"" for taking and that human-use discussion coexists with research labels. Credibility: A/B. - A June 2026 Reddit operator synthesis says warning signals include dosing, before-and-after imagery, and selling administration supplies beside the product. It is an anonymous synthesis, but several claims can be checked against warning letters. Credibility: B/C. - Current vendor communities such as r/Peptidesource explicitly require ""research subject"" language and prohibit vendor naming or human-use discussion to protect the community under Reddit's transaction rules. Credibility: A for the moderation artifa",2026-07-26
SRC-262,Gray-market operator evidence | Gray marketing and platforms | Master operating dossier | Evidence audit | Viability Economics Exit,gray-market-operator-evidence.md | gray-marketing-platform-evidence.md | peptide-company-master-dossier.md | source-audit.md | viability-economics-exit.md,"Gray-market operator evidence > 1. Payment presentation and merchant identity workarounds | Gray marketing and platform evidence for peptide companies > 2. Age gates, questionnaires, and account walls > Current evidence | Gray marketing and platform evidence for peptide companies > 11. Telehealth and compounding as the claimed ""clean pivot"" > Current evidence | Gray marketing and platform evidence for peptide companies > Compact source index by pressure | Noli peptide company master dossier > The full operator stack > 3. Payments | Peptide landscape source audit > Highest-impact correction ledger | Peptide viability, economics, and exit reality > Current cost evidence",restricted-business FAQ | Stripe restricted-business FAQ | Stripe FAQ | Stripe guidance | FAQ | Stripe's policy,https://support.stripe.com/questions/prohibited-and-restricted-businesses-list-faqs,"May 2026 | July 2026 | April 1, 2026",C/B,"- A May 2026 Reddit processor thread warns that some ""instant approval"" sellers allegedly miscode peptide merchants, leaving them exposed when the acquiring bank audits them. Credibility: C, with obvious payment-industry sales incentives. - A February 2026 Reddit hosting and processor thread includes merchants reporting onboarding closure, frozen funds, and the need for a backup. Credibility: C. - Stripe's current restricted-business FAQ says some research-purpose peptides may be supported if preventive measures are in place, while many prescription-only peptides require preapproval. Credibility: A. What this reveals about the business: || - Peptide Crafters registration, inspected July 2026. Registration asks for date of birth, account and business type, company or researcher status, website, EIN, address, 21+ confirmation, qualified-professional status, and RUO certification. Source type: current first-party site. Grade: A for visible mechanics. - Peptide Price access gate, inspected July 2026. The comparison site requires 21+, qualified-researcher, and RUO attestations before access. Source type: current first-party artifact. Grade: A. - Stripe restricted-business FAQ, current July 2026. Stripe says research peptides may be supportable only where preventative measures ensure they are not accessible to nonresearch purchasers || - FDA clarification as GLP-1 supply stabilizes, April 1, 2026. It explains patient-specific prescription requirements and restrictions on regularly ",2026-07-26
SRC-263,Master operating dossier,peptide-company-master-dossier.md,Noli peptide company master dossier > The full operator stack > 5. Fulfillment,3PL Guys,https://3plguys.com/articles/white-label-peptide-fulfillment,"","","- Subscription fulfillment Examples include Flow Fulfillment, 3PL Guys, and PepFulfill. Treat all service claims as vendor claims until audited. 3PL acceptance test:",2026-07-26
SRC-264,Master operating dossier,peptide-company-master-dossier.md,Noli peptide company master dossier > Growth truth from companies and forums > Affiliate economics,American Peptides,https://www.americanpeptides.us/pages/affiliate-program,"","","Current public programs show: - American Peptides: 10% starter, tiers through 25%, with higher advertised elite tiers, 30-day cookie, monthly payout, and refund clawbacks. - Peptira: current Partner and Supporter paths, upgrade at $5,000 monthly referred sales and downgrade below $2,500; exact current rates are not public. - ResearchPeptides.io: 25% target, first-order customer discount, monthly payout, and explicit claim restrictions. - Current recruitment posts commonly offer 15% to 30%, with some unverified offers reaching 40%.",2026-07-26
SRC-265,Master operating dossier,peptide-company-master-dossier.md,Noli peptide company master dossier > The full operator stack > 1. Product and supplier,DropShip Peptide,https://dropshippeptide.com/,2026,"","Qualified manufacturer / fill-finish Better control and repeatability Higher MOQ, lead time, cash Scale after proof Public 2026 sites now sell complete white-label systems, including storefronts, labels, COAs, fulfillment, and sometimes payment introductions. Examples include Pure Chain Logistics, PepFulfill, Pepify, and DropShip Peptide. These pages prove that turnkey supply has become commoditized. They do not prove any provider's quality or suitability. Supplier qualification should require:",2026-07-26
SRC-266,Master operating dossier | Evidence audit,peptide-company-master-dossier.md | source-audit.md,"Noli peptide company master dossier > The market changed in 2026 > The clinician-guided lane may widen, but nothing changed overnight | Peptide landscape source audit > Highest-impact correction ledger",FDA meeting record,https://www.fda.gov/advisory-committees/advisory-committee-calendar/july-23-24-2026-meeting-pharmacy-compounding-advisory-committee-07232026,2026,"","The clinician-guided lane may widen, but nothing changed overnight On July 23 and 24, 2026, an FDA advisory committee recommended six of seven reviewed peptide families for possible inclusion on the Section 503A bulk drug substances list: BPC-157, KPV, TB-500, MOTS-c, Semax, and Epitalon. Emideltide was not recommended. The FDA meeting record contains the agency briefing materials; contemporaneous reporting documents the close votes. This is an important strategic signal, not final FDA action, FDA approval, or blanket permission to prescribe, compound, advertise, or sell the substances. Any change still depends on the agency's final process and the complete federal, state, pharmacy, prescrib || 15 MCC 5169 is the required or universal legitimate peptide MCC. REMOVE Mastercard's merchant reference defines 5169 as wholesale chemical distribution, with products typically used for industrial purposes. ""MCC 5169 does not approve a DTC peptide catalog. The acquirer assigns the MCC after reviewing the actual business."" 16 A gateway, CRM, or high-risk-processing salesperson proves merchant approval. REMOVE A gateway can transmit transactions without being the acquiring bank or card network that bears underwriting risk. Anonymous forum referrals often blur those roles. ""Require the legal name of the acquiring bank, written catalog approval, MCC, reserve, termination, refund, and prohibited-",2026-07-26
SRC-267,Master operating dossier,peptide-company-master-dossier.md,Noli peptide company master dossier > Brand strategy > Three category archetypes,Feel Peptides,https://feelpeptides.com/about/,"","","3. Premium guided wellness: emotional benefits, expert access, content, community, and membership. Feel Peptides is the clearest current example of the third archetype. It uses goal-led language such as energy, balance, performance, and youth, plans a category podcast, and intends to use influencer and celebrity affiliates. Noho Labs emphasizes personalization and concierge support. Both move the product from ""vial"" to ""guided identity."" Noli's positioning",2026-07-26
SRC-268,Master operating dossier | Evidence audit | Viability Economics Exit,peptide-company-master-dossier.md | source-audit.md | viability-economics-exit.md,"Noli peptide company master dossier > The market changed in 2026 > The premium guided layer is attracting capital | Peptide landscape source audit > Highest-impact correction ledger | Peptide viability, economics, and exit reality > What the current market actually proves",Feel Peptides raised $3 million | Beauty Independent | Feel raised a reported $3 million and Protocole $6 million,https://www.beautyindependent.com/feel-peptides-raises-3m-elevating-branding-accessibility-peptides/,"","","- Noho Labs raised $16 million for a personalized peptide model. - Feel Peptides raised $3 million and is building around premium branding, membership, content, community, and influencer distribution. - Protocole reportedly raised $6 million for a clinician-guided membership model. - Superpower is combining annual testing, a personalized marketplace, memberships, and proprietary-product ambitions. || 23 Noli should use a consumer RUO store as the fast proof wedge for OVO Talent's creator network. REMOVE A lifestyle creator campaign implying human use can contradict the stated research purpose and create platform, FDA, FTC, and payment evidence. ""Do not use OVO Talent's consumer creator network to validate an RUO human-use funnel for Noli. Validate either a counsel-cleared qualified-research B2B model or a separate licensed clinical offer."" 24 Choose the hero SKU and recruit creators before the legal lane is fixed. REMOVE Molecule status, buyer qualification, claims, processing, testing, and fulfillment can change the viable offer. ""Choose the legal model and secure specialist counsel and || Evidence What it supports What it does not support Grade --- --- --- ---: NOHO Labs raised a reported $16 million; Feel raised a reported $3 million and Protocole $6 million Investor interest in guided, branded, recurring peptide models Profitability, exit value, or RUO durability B Current peptide-company broker listing A seller is asking $14.5 million and reports $12.33 million revenue a",2026-07-26
SRC-269,Master operating dossier,peptide-company-master-dossier.md,Noli peptide company master dossier > The market changed in 2026 > Consumer demand is ahead of understanding,Fitt Insider,https://insider.fitt.co/peptide-interest-outpaces-infrastructure/,"","","Consumer demand is ahead of understanding Fitt Insider reports low category understanding and strong interest in clinical guidance, especially among younger consumers. Community discussions show the same trust gap through constant questions about vendors, tests, shipping, and support. Implication: education and trusted navigation are acquisition products.",2026-07-26
SRC-270,Master operating dossier,peptide-company-master-dossier.md,Noli peptide company master dossier > The full operator stack > 5. Fulfillment,Flow Fulfillment,https://flowfulfillment.com/,"","","- Subscription fulfillment Examples include Flow Fulfillment, 3PL Guys, and PepFulfill. Treat all service claims as vendor claims until audited. 3PL acceptance test:",2026-07-26
SRC-271,Master operating dossier | Evidence audit | Viability Economics Exit,peptide-company-master-dossier.md | source-audit.md | viability-economics-exit.md,"Noli peptide company master dossier > The market changed in 2026 > The premium guided layer is attracting capital | Peptide landscape source audit > Highest-impact correction ledger | Peptide viability, economics, and exit reality > What the current market actually proves",Noho Labs raised $16 million | Axios | NOHO Labs raised a reported $16 million,https://www.axios.com/pro/health-tech-deals/2026/05/04/coatue-mazzeo-peptides-noho-labs-16-million,"","","The premium guided layer is attracting capital - Noho Labs raised $16 million for a personalized peptide model. - Feel Peptides raised $3 million and is building around premium branding, membership, content, community, and influencer distribution. - Protocole reportedly raised $6 million for a clinician-guided membership model. - Superpower is combining annual testing, a personalized marketplace, memberships, and proprietary-product ambitions. || 23 Noli should use a consumer RUO store as the fast proof wedge for OVO Talent's creator network. REMOVE A lifestyle creator campaign implying human use can contradict the stated research purpose and create platform, FDA, FTC, and payment evidence. ""Do not use OVO Talent's consumer creator network to validate an RUO human-use funnel for Noli. Validate either a counsel-cleared qualified-research B2B model or a separate licensed clinical offer."" 24 Choose the hero SKU and recruit creators before the legal lane is fixed. REMOVE Molecule status, buyer qualification, claims, processing, testing, and fulfillment can change the viable offer. ""Choose the legal model and secure specialist counsel and || Evidence What it supports What it does not support Grade --- --- --- ---: NOHO Labs raised a reported $16 million; Feel raised a reported $3 million and Protocole $6 million Investor interest in guided, branded, recurring peptide models Profitability, exit value, or RUO durability B Current peptide-company broker listing A seller is asking $14",2026-07-26
SRC-272,Master operating dossier,peptide-company-master-dossier.md,Noli peptide company master dossier > The full operator stack > 1. Product and supplier | Noli peptide company master dossier > The full operator stack > 5. Fulfillment,PepFulfill,https://www.pepfulfill.com/,2026,"","Qualified manufacturer / fill-finish Better control and repeatability Higher MOQ, lead time, cash Scale after proof Public 2026 sites now sell complete white-label systems, including storefronts, labels, COAs, fulfillment, and sometimes payment introductions. Examples include Pure Chain Logistics, PepFulfill, Pepify, and DropShip Peptide. These pages prove that turnkey supply has become commoditized. They do not prove any provider's quality or suitability. Supplier qualification should require: || - Subscription fulfillment Examples include Flow Fulfillment, 3PL Guys, and PepFulfill. Treat all service claims as vendor claims until audited. 3PL acceptance test:",2026-07-26
SRC-273,Master operating dossier,peptide-company-master-dossier.md,Noli peptide company master dossier > The full operator stack > 1. Product and supplier,Pepify,https://pepify.pro/,2026,"","Qualified manufacturer / fill-finish Better control and repeatability Higher MOQ, lead time, cash Scale after proof Public 2026 sites now sell complete white-label systems, including storefronts, labels, COAs, fulfillment, and sometimes payment introductions. Examples include Pure Chain Logistics, PepFulfill, Pepify, and DropShip Peptide. These pages prove that turnkey supply has become commoditized. They do not prove any provider's quality or suitability. Supplier qualification should require:",2026-07-26
SRC-274,Master operating dossier,peptide-company-master-dossier.md,Noli peptide company master dossier > The full operator stack > 1. Product and supplier,Pure Chain Logistics,https://purechainlg.com/,2026,"","Qualified manufacturer / fill-finish Better control and repeatability Higher MOQ, lead time, cash Scale after proof Public 2026 sites now sell complete white-label systems, including storefronts, labels, COAs, fulfillment, and sometimes payment introductions. Examples include Pure Chain Logistics, PepFulfill, Pepify, and DropShip Peptide. These pages prove that turnkey supply has become commoditized. They do not prove any provider's quality or suitability. Supplier qualification should require:",2026-07-26
SRC-275,Master operating dossier,peptide-company-master-dossier.md,Noli peptide company master dossier > Growth truth from companies and forums > Affiliate economics,ResearchPeptides.io,https://researchpeptides.io/affiliates,"","","- American Peptides: 10% starter, tiers through 25%, with higher advertised elite tiers, 30-day cookie, monthly payout, and refund clawbacks. - Peptira: current Partner and Supporter paths, upgrade at $5,000 monthly referred sales and downgrade below $2,500; exact current rates are not public. - ResearchPeptides.io: 25% target, first-order customer discount, monthly payout, and explicit claim restrictions. - Current recruitment posts commonly offer 15% to 30%, with some unverified offers reaching 40%. The program mechanics are commodity. Noli's advantage must be:",2026-07-26
SRC-276,Master operating dossier,peptide-company-master-dossier.md,Noli peptide company master dossier > The market changed in 2026 > The premium guided layer is attracting capital,Superpower,https://www.businessinsider.com/inside-superpower-peptide-startup-people-hotter-smarter-2026-3,"","","- Feel Peptides raised $3 million and is building around premium branding, membership, content, community, and influencer distribution. - Protocole reportedly raised $6 million for a clinician-guided membership model. - Superpower is combining annual testing, a personalized marketplace, memberships, and proprietary-product ambitions. Implication: sophisticated capital is not betting on a generic grid of vials. It is betting on guidance, data, membership, brand, and proprietary access.",2026-07-26
SRC-277,Master operating dossier | Evidence audit,peptide-company-master-dossier.md | source-audit.md,"Noli peptide company master dossier > The market changed in 2026 > The clinician-guided lane may widen, but nothing changed overnight | Peptide landscape source audit > Highest-impact correction ledger",contemporaneous reporting | Contemporaneous reporting,https://apnews.com/article/7267d0fad0110e7c2ed301d03cf5f0c2,2026,"","The clinician-guided lane may widen, but nothing changed overnight On July 23 and 24, 2026, an FDA advisory committee recommended six of seven reviewed peptide families for possible inclusion on the Section 503A bulk drug substances list: BPC-157, KPV, TB-500, MOTS-c, Semax, and Epitalon. Emideltide was not recommended. The FDA meeting record contains the agency briefing materials; contemporaneous reporting documents the close votes. This is an important strategic signal, not final FDA action, FDA approval, or blanket permission to prescribe, compound, advertise, or sell the substances. Any change still depends on the agency's final process and the complete federal, state, pharmacy, prescrib || 15 MCC 5169 is the required or universal legitimate peptide MCC. REMOVE Mastercard's merchant reference defines 5169 as wholesale chemical distribution, with products typically used for industrial purposes. ""MCC 5169 does not approve a DTC peptide catalog. The acquirer assigns the MCC after reviewing the actual business."" 16 A gateway, CRM, or high-risk-processing salesperson proves merchant approval. REMOVE A gateway can transmit transactions without being the acquiring bank or card network that bears underwriting risk. Anonymous forum referrals often blur those roles. ""Require the legal name of the acquiring bank, written catalog approval, MCC, reserve, termination, refund, and prohibited-",2026-07-26
SRC-278,Master operating dossier | Evidence audit,peptide-company-master-dossier.md | source-audit.md,Noli peptide company master dossier > The full operator stack > 3. Payments | Peptide landscape source audit > Highest-impact correction ledger,merchant reference,https://www.dm.mastercard.us/content/dam/public/mastercardcom/na/global-site/documents/quick-reference-booklet-merchant.pdf,"","","Current Stripe guidance says some research-purpose peptides may be supported with preventive measures, while prescription-only products can require preapproval. Current forum posts still report onboarding rejection, later termination, reserves, and frozen settlement. The correct conclusion is to obtain explicit written approval for the exact model, not to assume automatic approval or automatic prohibition. One current Reddit sales community repeatedly presents MCC 5169 as a universal ""legit route"" for RUO brands. Mastercard's current merchant reference describes MCC 5169 as wholesale distribution of chemicals typically used for industrial purposes. That definition does not itself approve a D || 13 Stripe bans every peptide merchant. REMOVE Stripe's current FAQ says some research-purpose peptides may be supportable when preventive measures block nonresearch purchasers. Many prescription-only peptides require preapproval. ""Stripe reviews peptide models case by case. Some genuine research-purpose models may be supportable with preventive controls; approval is not automatic."" 14 A peptide merchant can safely launch on Stripe because the FAQ permits research peptides. QUALIFY Stripe's restricted-business policy prohibits incorrectly labeled research chemicals, restricts pharmaceuticals and telehealth, makes approvals service-specific, and reserves the right to revoke approval. ""Obtain w",2026-07-26
SRC-279,Viability Economics Exit,viability-economics-exit.md,"Peptide viability, economics, and exit reality > Current cost evidence",2026 fulfillment benchmark,https://www.fulfill.com/ecommerce-fulfillment,2026,B,"Payment fees A current PaymentCloud guide places high-risk effective card cost around 3% to 4.5%; other current commercial guides place it around 3.5% to 6%, and peptide quotes can be higher. Stripe's policy is conditional, not an automatic approval Model 4.5% bull, 6.5% base, 10% bear until a written acquiring-bank term sheet exists B/C Rolling reserve Current PaymentCloud and Corepay commercial guidance commonly describes 5% to 10%, sometimes 15%, held for 90 to 180 days. Corepay's current peptide page explicitly says it does not support RUO sellers Base cash model uses 10% held 180 days. A reserve is trapped cash, not an expense unless lost B/C Fulfillment A current 2026 fulfillment bench",2026-07-26
SRC-280,Viability Economics Exit,viability-economics-exit.md,"Peptide viability, economics, and exit reality > Current cost evidence",Amazon MCF's 2026 rate card,https://supplychain.amazon.com/docs/rate-card,2026,B,"Payment fees A current PaymentCloud guide places high-risk effective card cost around 3% to 4.5%; other current commercial guides place it around 3.5% to 6%, and peptide quotes can be higher. Stripe's policy is conditional, not an automatic approval Model 4.5% bull, 6.5% base, 10% bear until a written acquiring-bank term sheet exists B/C Rolling reserve Current PaymentCloud and Corepay commercial guidance commonly describes 5% to 10%, sometimes 15%, held for 90 to 180 days. Corepay's current peptide page explicitly says it does not support RUO sellers Base cash model uses 10% held 180 days. A reserve is trapped cash, not an expense unless lost B/C Fulfillment A current 2026 fulfillment bench",2026-07-26
SRC-281,Viability Economics Exit,viability-economics-exit.md,"Peptide viability, economics, and exit reality > What the current market actually proves","BizBuySell's 1,661 reported ecommerce sales",https://www.bizbuysell.com/learning-center/valuation-benchmarks/websites-ecommerce/,2025,"","Current peptide-company broker listing A seller is asking $14.5 million and reports $12.33 million revenue and $3.69 million SDE/EBITDA A closed sale, audited results, or independent valuation C Current Flippa peptide listing Another seller is asking about $818,000 on claimed $957,000 trailing revenue and $69,068 monthly profit A closed deal or fully audited earnings C BizBuySell's 1,661 reported ecommerce sales Closed-market context: 3.28x median and 3.99x upper-quartile owner earnings; 0.90x median and 1.41x upper-quartile revenue A peptide-specific multiple B Hims 2025 10-K A scaled guided-health model produced $2.35 billion revenue, 74% gross margin, 14% adjusted EBITDA margin, and 5% ne",2026-07-26
SRC-282,Viability Economics Exit,viability-economics-exit.md,"Peptide viability, economics, and exit reality > What the current market actually proves",Capstone's December 2025 supplement M&A report,https://www.capstonepartners.com/insights/article-vitamins-and-supplements-market-update/,December 2025,"","Hims 2025 10-K A scaled guided-health model produced $2.35 billion revenue, 74% gross margin, 14% adjusted EBITDA margin, and 5% net margin A small peptide merchant comp A Hims' completed Eucalyptus acquisition and transaction terms A global clinical platform can earn a strategic premium: up to $1.15 billion on a reported $450 million-plus run-rate, with only $240 million upfront and much of the rest deferred or earned A 2.6x multiple for a peptide storefront A Capstone's December 2025 supplement M&A report Larger, institutionally diligenced vitamin and supplement deals averaged a reported 10.7x EV/EBITDA in 2024 to YTD 2025 A usable multiple for a young RUO merchant B No reviewed primary so",2026-07-26
SRC-283,Viability Economics Exit,viability-economics-exit.md,"Peptide viability, economics, and exit reality > Current cost evidence",Corepay,https://corepay.net/articles/how-to-survive-merchant-account-rolling-reserves/,"",B,"Creator acquisition Offline's current program pays 20% on new orders and 10% lifetime on returning orders. Current APEX copy advertises 10% on sales, 15% on subscriptions, and a 10% buyer discount Model 12% bull, 22% base, 35% bear for blended creator, discount, and paid acquisition cost B/C Payment fees A current PaymentCloud guide places high-risk effective card cost around 3% to 4.5%; other current commercial guides place it around 3.5% to 6%, and peptide quotes can be higher. Stripe's policy is conditional, not an automatic approval Model 4.5% bull, 6.5% base, 10% bear until a written acquiring-bank term sheet exists B/C Rolling reserve Current PaymentCloud and Corepay commercial guidanc",2026-07-26
SRC-284,Viability Economics Exit,viability-economics-exit.md,"Peptide viability, economics, and exit reality > Current cost evidence",Corepay's current peptide page,https://corepay.net/industries/best-peptide-merchant-accounts/,"",B,"Creator acquisition Offline's current program pays 20% on new orders and 10% lifetime on returning orders. Current APEX copy advertises 10% on sales, 15% on subscriptions, and a 10% buyer discount Model 12% bull, 22% base, 35% bear for blended creator, discount, and paid acquisition cost B/C Payment fees A current PaymentCloud guide places high-risk effective card cost around 3% to 4.5%; other current commercial guides place it around 3.5% to 6%, and peptide quotes can be higher. Stripe's policy is conditional, not an automatic approval Model 4.5% bull, 6.5% base, 10% bear until a written acquiring-bank term sheet exists B/C Rolling reserve Current PaymentCloud and Corepay commercial guidanc",2026-07-26
SRC-285,Viability Economics Exit,viability-economics-exit.md,"Peptide viability, economics, and exit reality > What the current market actually proves",Current Flippa peptide listing,https://flippa.com/12715809-fast-growing-healthtech-ecommerce-brand-generating-a-ttm-revenue-at-957K-with-80-margins-strong-niche-demand-and-scalable-growth-potential,"","","NOHO Labs raised a reported $16 million; Feel raised a reported $3 million and Protocole $6 million Investor interest in guided, branded, recurring peptide models Profitability, exit value, or RUO durability B Current peptide-company broker listing A seller is asking $14.5 million and reports $12.33 million revenue and $3.69 million SDE/EBITDA A closed sale, audited results, or independent valuation C Current Flippa peptide listing Another seller is asking about $818,000 on claimed $957,000 trailing revenue and $69,068 monthly profit A closed deal or fully audited earnings C BizBuySell's 1,661 reported ecommerce sales Closed-market context: 3.28x median and 3.99x upper-quartile owner earning",2026-07-26
SRC-286,Viability Economics Exit,viability-economics-exit.md,"Peptide viability, economics, and exit reality > What the current market actually proves",Hims 2025 10-K,https://www.sec.gov/Archives/edgar/data/1773751/000177375126000022/hims-20251231.htm,2025,"","Current Flippa peptide listing Another seller is asking about $818,000 on claimed $957,000 trailing revenue and $69,068 monthly profit A closed deal or fully audited earnings C BizBuySell's 1,661 reported ecommerce sales Closed-market context: 3.28x median and 3.99x upper-quartile owner earnings; 0.90x median and 1.41x upper-quartile revenue A peptide-specific multiple B Hims 2025 10-K A scaled guided-health model produced $2.35 billion revenue, 74% gross margin, 14% adjusted EBITDA margin, and 5% net margin A small peptide merchant comp A Hims' completed Eucalyptus acquisition and transaction terms A global clinical platform can earn a strategic premium: up to $1.15 billion on a reported $4",2026-07-26
SRC-287,Viability Economics Exit,viability-economics-exit.md,"Peptide viability, economics, and exit reality > What the current market actually proves",Hims' completed Eucalyptus acquisition,https://www.sec.gov/Archives/edgar/data/1773751/000177375126000091/ex991pressreleaserercfeuc.htm,December 2025,"","BizBuySell's 1,661 reported ecommerce sales Closed-market context: 3.28x median and 3.99x upper-quartile owner earnings; 0.90x median and 1.41x upper-quartile revenue A peptide-specific multiple B Hims 2025 10-K A scaled guided-health model produced $2.35 billion revenue, 74% gross margin, 14% adjusted EBITDA margin, and 5% net margin A small peptide merchant comp A Hims' completed Eucalyptus acquisition and transaction terms A global clinical platform can earn a strategic premium: up to $1.15 billion on a reported $450 million-plus run-rate, with only $240 million upfront and much of the rest deferred or earned A 2.6x multiple for a peptide storefront A Capstone's December 2025 supplement M",2026-07-26
SRC-288,Viability Economics Exit,viability-economics-exit.md,"Peptide viability, economics, and exit reality > Current cost evidence",PaymentCloud,https://paymentcloudinc.com/blog/merchant-account-reserve/,"",B,"Creator acquisition Offline's current program pays 20% on new orders and 10% lifetime on returning orders. Current APEX copy advertises 10% on sales, 15% on subscriptions, and a 10% buyer discount Model 12% bull, 22% base, 35% bear for blended creator, discount, and paid acquisition cost B/C Payment fees A current PaymentCloud guide places high-risk effective card cost around 3% to 4.5%; other current commercial guides place it around 3.5% to 6%, and peptide quotes can be higher. Stripe's policy is conditional, not an automatic approval Model 4.5% bull, 6.5% base, 10% bear until a written acquiring-bank term sheet exists B/C Rolling reserve Current PaymentCloud and Corepay commercial guidanc",2026-07-26
SRC-289,Viability Economics Exit,viability-economics-exit.md,"Peptide viability, economics, and exit reality > Current cost evidence",PaymentCloud guide,https://paymentcloudinc.com/blog/how-to-get-a-merchant-account/,May 2026,B,"Lot testing Freedom Diagnostics' May 2026 sheet lists $200 purity and identity, $25 net content, $175 endotoxin, and $150 PCR sterility $550 per molecule and lot before conformity samples, freight, failed lots, or retests. This is $5.50 per sold vial at 100 units and $0.55 at 1,000 A Creator acquisition Offline's current program pays 20% on new orders and 10% lifetime on returning orders. Current APEX copy advertises 10% on sales, 15% on subscriptions, and a 10% buyer discount Model 12% bull, 22% base, 35% bear for blended creator, discount, and paid acquisition cost B/C Payment fees A current PaymentCloud guide places high-risk effective card cost around 3% to 4.5%; other current commercial",2026-07-26
SRC-290,Viability Economics Exit,viability-economics-exit.md,"Peptide viability, economics, and exit reality > What the current market actually proves",transaction terms,https://www.sec.gov/Archives/edgar/data/1773751/000177375126000010/hims-20260219.htm,December 2025,"","BizBuySell's 1,661 reported ecommerce sales Closed-market context: 3.28x median and 3.99x upper-quartile owner earnings; 0.90x median and 1.41x upper-quartile revenue A peptide-specific multiple B Hims 2025 10-K A scaled guided-health model produced $2.35 billion revenue, 74% gross margin, 14% adjusted EBITDA margin, and 5% net margin A small peptide merchant comp A Hims' completed Eucalyptus acquisition and transaction terms A global clinical platform can earn a strategic premium: up to $1.15 billion on a reported $450 million-plus run-rate, with only $240 million upfront and much of the rest deferred or earned A 2.6x multiple for a peptide storefront A Capstone's December 2025 supplement M",2026-07-26
